Traceback (most recent call last):
  File "/Users/pooja/.gemini/antigravity/scratch/frappe_workspace/frappe-bench/env/lib/python3.11/site-packages/redis/connection.py", line 874, in read_response
Exception in thread Thread-1:
Traceback (most recent call last):
  File "/Users/pooja/.gemini/antigravity/scratch/.uv_python/cpython-3.11.16-macos-aarch64-none/lib/python3.11/threading.py", line 1045, in _bootstrap_inner
    response = self._parser.read_response(disable_decoding=disable_decoding)
               self.run()
    File "/Users/pooja/.gemini/antigravity/scratch/frappe_workspace/frappe-bench/env/lib/python3.11/site-packages/redis/client.py", line 1799, in run
  ^^^^^^^^^^^^^^^^^^^^^^^^^^^^^^^^^^^^^^^^^^^^^^^^^^^^^^^^^^^^^
  File "/Users/pooja/.gemini/antigravity/scratch/frappe_workspace/frappe-bench/env/lib/python3.11/site-packages/redis/connection.py", line 493, in read_response
    self.read_from_socket()
  File "/Users/pooja/.gemini/antigravity/scratch/frappe_workspace/frappe-bench/env/lib/python3.11/site-packages/redis/connection.py", line 453, in read_from_socket
    pubsub.get_message(ignore_subscribe_messages=True, timeout=sleep_time)
  File "/Users/pooja/.gemini/antigravity/scratch/frappe_workspace/frappe-bench/env/lib/python3.11/site-packages/redis/client.py", line 1690, in get_message
    bufflen = self._sock.recv_into(self._buffer)
             response = self.parse_response(block=(timeout is None), timeout=timeout)
                 ^^^^^^^^^^^^^^^^^^^^^^^^^^^^^^^^^^^^^^^^^^^^^^^^^^^^^^^^^^^^^
   File "/Users/pooja/.gemini/antigravity/scratch/frappe_workspace/frappe-bench/env/lib/python3.11/site-packages/redis/client.py", line 1542, in parse_response
  ^^^^^^^^^^^^^^^^^^^^^^^^^^^^^^^^^^
    response = self._execute(conn, try_read)
ConnectionResetError:           [Errno 54] Connection reset by peer     ^^^^^^^^^^^^^^^^^^^^^^^^^^^^^
  File "/Users/pooja/.gemini/antigravity/scratch/frappe_workspace/frappe-bench/env/lib/python3.11/site-packages/redis/client.py", line 1518, in _execute


During handling of the above exception, another exception occurred:

    return conn.retry.call_with_retry(
           Traceback (most recent call last):
  File "<frozen runpy>", line 198, in _run_module_as_main
  File "<frozen runpy>", line 88, in _run_code
  File "/Users/pooja/.gemini/antigravity/scratch/frappe_workspace/frappe-bench/apps/frappe/frappe/utils/bench_helper.py", line 114, in <module>
    main()^^^^^^^^^^^^^^^^^^^^^^^^^^^
  File "/Users/pooja/.gemini/antigravity/scratch/frappe_workspace/frappe-bench/env/lib/python3.11/site-packages/redis/retry.py", line 49, in call_with_retry

  File "/Users/pooja/.gemini/antigravity/scratch/frappe_workspace/frappe-bench/apps/frappe/frappe/utils/bench_helper.py", line 20, in main
    fail(error)
  File "/Users/pooja/.gemini/antigravity/scratch/frappe_workspace/frappe-bench/env/lib/python3.11/site-packages/redis/client.py", line 1520, in <lambda>
    click.Group(commands=commands)(prog_name="bench")
  File "/Users/pooja/.gemini/antigravity/scratch/frappe_workspace/frappe-bench/env/lib/python3.11/site-packages/click/core.py", line 1569, in __call__
    lambda error: self._disconnect_raise_connect(conn, error),
                  ^^^^^^^^^^^^^^^^^^^^^^^^^^^^^^^^^^^^^^^^^^^
  File "/Users/pooja/.gemini/antigravity/scratch/frappe_workspace/frappe-bench/env/lib/python3.11/site-packages/redis/client.py", line 1507, in _disconnect_raise_connect
    raise error
  File "/Users/pooja/.gemini/antigravity/scratch/frappe_workspace/frappe-bench/env/lib/python3.11/site-packages/redis/retry.py", line 46, in call_with_retry
    return self.main(*args, **kwargs)
     return do()
            ^^^^
   File "/Users/pooja/.gemini/antigravity/scratch/frappe_workspace/frappe-bench/env/lib/python3.11/site-packages/redis/client.py", line 1519, in <lambda>
         lambda: command(*args, **kwargs),
             ^^^^^^^^^^^^^^^^^^^^^^^^
   File "/Users/pooja/.gemini/antigravity/scratch/frappe_workspace/frappe-bench/env/lib/python3.11/site-packages/redis/client.py", line 1536, in try_read
 ^^    if not conn.can_read(timeout=timeout):
^    ^  ^     ^^^^^^^^^^^^^^^^^^^^^^^^^^^^^^^
^^^^^^^^^^^^^^^^^^^^
  File "/Users/pooja/.gemini/antigravity/scratch/frappe_workspace/frappe-bench/env/lib/python3.11/site-packages/redis/connection.py", line 861, in can_read
  File "/Users/pooja/.gemini/antigravity/scratch/frappe_workspace/frappe-bench/env/lib/python3.11/site-packages/click/core.py", line 1490, in main
        return self._parser.can_read(timeout)
           ^^^^^^^^^^^^^^^^^^^^^^^^^^^^^^
rv = self.invoke(ctx)
  File "/Users/pooja/.gemini/antigravity/scratch/frappe_workspace/frappe-bench/env/lib/python3.11/site-packages/redis/connection.py", line 444, in can_read
         ^^^    return self.read_from_socket(timeout=timeout, raise_on_timeout=False)
^           ^^^^^^^^^^^^^^^^^^^^^^^^^^^^^^^^^^^^^^^^^^^^^^^^^^
^^^^^^^^^^^^^^^^^^^^^^^^  File "/Users/pooja/.gemini/antigravity/scratch/frappe_workspace/frappe-bench/env/lib/python3.11/site-packages/click/core.py", line 1970, in invoke

  File "/Users/pooja/.gemini/antigravity/scratch/frappe_workspace/frappe-bench/env/lib/python3.11/site-packages/redis/connection.py", line 455, in read_from_socket
    raise ConnectionError(SERVER_CLOSED_CONNECTION_ERROR)
redis.exceptions.ConnectionError    return _process_result(sub_ctx.command.invoke(sub_ctx))
:     Connection closed by server.
                       ^^^^^^^^^^^^^^^^^^^^^^^^^^^^^^^
  File "/Users/pooja/.gemini/antigravity/scratch/frappe_workspace/frappe-bench/env/lib/python3.11/site-packages/click/core.py", line 1970, in invoke
    return _process_result(sub_ctx.command.invoke(sub_ctx))
                           ^^^^^^^^^^^^^^^^^^^^^^^^^^^^^^^
  File "/Users/pooja/.gemini/antigravity/scratch/frappe_workspace/frappe-bench/env/lib/python3.11/site-packages/click/core.py", line 1353, in invoke
    return ctx.invoke(self.callback, **ctx.params)
           ^^^^^^^^^^^^^^^^^^^^^^^^^^^^^^^^^^^^^^^
  File "/Users/pooja/.gemini/antigravity/scratch/frappe_workspace/frappe-bench/env/lib/python3.11/site-packages/click/core.py", line 907, in invoke
    return callback(*args, **kwargs)
           ^^^^^^^^^^^^^^^^^^^^^^^^^
  File "/Users/pooja/.gemini/antigravity/scratch/frappe_workspace/frappe-bench/apps/frappe/frappe/commands/scheduler.py", line 205, in start_worker
    start_worker(
  File "/Users/pooja/.gemini/antigravity/scratch/frappe_workspace/frappe-bench/apps/frappe/frappe/utils/background_jobs.py", line 321, in start_worker
    worker.work(
  File "/Users/pooja/.gemini/antigravity/scratch/frappe_workspace/frappe-bench/env/lib/python3.11/site-packages/rq/worker.py", line 456, in work
    self.teardown()
  File "/Users/pooja/.gemini/antigravity/scratch/frappe_workspace/frappe-bench/env/lib/python3.11/site-packages/rq/worker.py", line 1046, in teardown
    self.register_death()
  File "/Users/pooja/.gemini/antigravity/scratch/frappe_workspace/frappe-bench/env/lib/python3.11/site-packages/rq/worker.py", line 832, in register_death
    p.execute()
  File "/Users/pooja/.gemini/antigravity/scratch/frappe_workspace/frappe-bench/env/lib/python3.11/site-packages/redis/client.py", line 2120, in execute
    return conn.retry.call_with_retry(
           ^^^^^^^^^^^^^^^^^^^^^^^^^^^
  File "/Users/pooja/.gemini/antigravity/scratch/frappe_workspace/frappe-bench/env/lib/python3.11/site-packages/redis/retry.py", line 49, in call_with_retry
    fail(error)
  File "/Users/pooja/.gemini/antigravity/scratch/frappe_workspace/frappe-bench/env/lib/python3.11/site-packages/redis/client.py", line 2122, in <lambda>
    lambda error: self._disconnect_raise_reset(conn, error),
                  ^^^^^^^^^^^^^^^^^^^^^^^^^^^^^^^^^^^^^^^^^
  File "/Users/pooja/.gemini/antigravity/scratch/frappe_workspace/frappe-bench/env/lib/python3.11/site-packages/redis/retry.py", line 46, in call_with_retry
    return do()
           ^^^^
  File "/Users/pooja/.gemini/antigravity/scratch/frappe_workspace/frappe-bench/env/lib/python3.11/site-packages/redis/client.py", line 2121, in <lambda>
    lambda: execute(conn, stack, raise_on_error),
            ^^^^^^^^^^^^^^^^^^^^^^^^^^^^^^^^^^^^
  File "/Users/pooja/.gemini/antigravity/scratch/frappe_workspace/frappe-bench/env/lib/python3.11/site-packages/redis/client.py", line 1975, in _execute_transaction
    self.parse_response(connection, "_")
  File "/Users/pooja/.gemini/antigravity/scratch/frappe_workspace/frappe-bench/env/lib/python3.11/site-packages/redis/client.py", line 2060, in parse_response
    result = Redis.parse_response(self, connection, command_name, **options)
             ^^^^^^^^^^^^^^^^^^^^^^^^^^^^^^^^^^^^^^^^^^^^^^^^^^^^^^^^^^^^^^^
  File "/Users/pooja/.gemini/antigravity/scratch/frappe_workspace/frappe-bench/env/lib/python3.11/site-packages/redis/client.py", line 1286, in parse_response
    response = connection.read_response()
               ^^^^^^^^^^^^^^^^^^^^^^^^^^
  File "/Users/pooja/.gemini/antigravity/scratch/frappe_workspace/frappe-bench/env/lib/python3.11/site-packages/redis/connection.py", line 882, in read_response
    raise ConnectionError(
redis.exceptions.ConnectionError: Error while reading from 127.0.0.1:11000 : (54, 'Connection reset by peer')
/Users/pooja/.gemini/antigravity/scratch/frappe_workspace/frappe-bench/env/lib/python3.11/site-packages/rq/connections.py:58: DeprecationWarning: The `push_connection` function is deprecated. Pass the `connection` explicitly instead.
  warnings.warn(
/Users/pooja/.gemini/antigravity/scratch/frappe_workspace/frappe-bench/env/lib/python3.11/site-packages/passlib/utils/__init__.py:854: DeprecationWarning: 'crypt' is deprecated and slated for removal in Python 3.13
  from crypt import crypt as _crypt
/Users/pooja/.gemini/antigravity/scratch/frappe_workspace/frappe-bench/env/lib/python3.11/site-packages/rq/connections.py:72: DeprecationWarning: The `pop_connection` function is deprecated. Pass the `connection` explicitly instead.
  warnings.warn(
/Users/pooja/.gemini/antigravity/scratch/frappe_workspace/frappe-bench/env/lib/python3.11/site-packages/rq/connections.py:58: DeprecationWarning: The `push_connection` function is deprecated. Pass the `connection` explicitly instead.
  warnings.warn(
/Users/pooja/.gemini/antigravity/scratch/frappe_workspace/frappe-bench/env/lib/python3.11/site-packages/passlib/utils/__init__.py:854: DeprecationWarning: 'crypt' is deprecated and slated for removal in Python 3.13
  from crypt import crypt as _crypt
/Users/pooja/.gemini/antigravity/scratch/frappe_workspace/frappe-bench/env/lib/python3.11/site-packages/rq/connections.py:72: DeprecationWarning: The `pop_connection` function is deprecated. Pass the `connection` explicitly instead.
  warnings.warn(
/Users/pooja/.gemini/antigravity/scratch/frappe_workspace/frappe-bench/env/lib/python3.11/site-packages/rq/connections.py:58: DeprecationWarning: The `push_connection` function is deprecated. Pass the `connection` explicitly instead.
  warnings.warn(
/Users/pooja/.gemini/antigravity/scratch/frappe_workspace/frappe-bench/env/lib/python3.11/site-packages/passlib/utils/__init__.py:854: DeprecationWarning: 'crypt' is deprecated and slated for removal in Python 3.13
  from crypt import crypt as _crypt
/Users/pooja/.gemini/antigravity/scratch/frappe_workspace/frappe-bench/env/lib/python3.11/site-packages/rq/connections.py:72: DeprecationWarning: The `pop_connection` function is deprecated. Pass the `connection` explicitly instead.
  warnings.warn(
/Users/pooja/.gemini/antigravity/scratch/frappe_workspace/frappe-bench/env/lib/python3.11/site-packages/rq/connections.py:58: DeprecationWarning: The `push_connection` function is deprecated. Pass the `connection` explicitly instead.
  warnings.warn(
/Users/pooja/.gemini/antigravity/scratch/frappe_workspace/frappe-bench/env/lib/python3.11/site-packages/passlib/utils/__init__.py:854: DeprecationWarning: 'crypt' is deprecated and slated for removal in Python 3.13
  from crypt import crypt as _crypt
/Users/pooja/.gemini/antigravity/scratch/frappe_workspace/frappe-bench/env/lib/python3.11/site-packages/rq/connections.py:72: DeprecationWarning: The `pop_connection` function is deprecated. Pass the `connection` explicitly instead.
  warnings.warn(
/Users/pooja/.gemini/antigravity/scratch/frappe_workspace/frappe-bench/env/lib/python3.11/site-packages/rq/connections.py:58: DeprecationWarning: The `push_connection` function is deprecated. Pass the `connection` explicitly instead.
  warnings.warn(
/Users/pooja/.gemini/antigravity/scratch/frappe_workspace/frappe-bench/env/lib/python3.11/site-packages/passlib/utils/__init__.py:854: DeprecationWarning: 'crypt' is deprecated and slated for removal in Python 3.13
  from crypt import crypt as _crypt
/Users/pooja/.gemini/antigravity/scratch/frappe_workspace/frappe-bench/env/lib/python3.11/site-packages/rq/connections.py:72: DeprecationWarning: The `pop_connection` function is deprecated. Pass the `connection` explicitly instead.
  warnings.warn(
/Users/pooja/.gemini/antigravity/scratch/frappe_workspace/frappe-bench/env/lib/python3.11/site-packages/rq/connections.py:58: DeprecationWarning: The `push_connection` function is deprecated. Pass the `connection` explicitly instead.
  warnings.warn(
/Users/pooja/.gemini/antigravity/scratch/frappe_workspace/frappe-bench/env/lib/python3.11/site-packages/passlib/utils/__init__.py:854: DeprecationWarning: 'crypt' is deprecated and slated for removal in Python 3.13
  from crypt import crypt as _crypt
/Users/pooja/.gemini/antigravity/scratch/frappe_workspace/frappe-bench/env/lib/python3.11/site-packages/rq/connections.py:72: DeprecationWarning: The `pop_connection` function is deprecated. Pass the `connection` explicitly instead.
  warnings.warn(
/Users/pooja/.gemini/antigravity/scratch/frappe_workspace/frappe-bench/env/lib/python3.11/site-packages/rq/connections.py:58: DeprecationWarning: The `push_connection` function is deprecated. Pass the `connection` explicitly instead.
  warnings.warn(
/Users/pooja/.gemini/antigravity/scratch/frappe_workspace/frappe-bench/env/lib/python3.11/site-packages/passlib/utils/__init__.py:854: DeprecationWarning: 'crypt' is deprecated and slated for removal in Python 3.13
  from crypt import crypt as _crypt
/Users/pooja/.gemini/antigravity/scratch/frappe_workspace/frappe-bench/env/lib/python3.11/site-packages/rq/connections.py:72: DeprecationWarning: The `pop_connection` function is deprecated. Pass the `connection` explicitly instead.
  warnings.warn(
/Users/pooja/.gemini/antigravity/scratch/frappe_workspace/frappe-bench/env/lib/python3.11/site-packages/rq/connections.py:58: DeprecationWarning: The `push_connection` function is deprecated. Pass the `connection` explicitly instead.
  warnings.warn(
/Users/pooja/.gemini/antigravity/scratch/frappe_workspace/frappe-bench/env/lib/python3.11/site-packages/passlib/utils/__init__.py:854: DeprecationWarning: 'crypt' is deprecated and slated for removal in Python 3.13
  from crypt import crypt as _crypt
/Users/pooja/.gemini/antigravity/scratch/frappe_workspace/frappe-bench/env/lib/python3.11/site-packages/rq/connections.py:72: DeprecationWarning: The `pop_connection` function is deprecated. Pass the `connection` explicitly instead.
  warnings.warn(
/Users/pooja/.gemini/antigravity/scratch/frappe_workspace/frappe-bench/env/lib/python3.11/site-packages/rq/connections.py:58: DeprecationWarning: The `push_connection` function is deprecated. Pass the `connection` explicitly instead.
  warnings.warn(
/Users/pooja/.gemini/antigravity/scratch/frappe_workspace/frappe-bench/env/lib/python3.11/site-packages/passlib/utils/__init__.py:854: DeprecationWarning: 'crypt' is deprecated and slated for removal in Python 3.13
  from crypt import crypt as _crypt
/Users/pooja/.gemini/antigravity/scratch/frappe_workspace/frappe-bench/env/lib/python3.11/site-packages/rq/connections.py:72: DeprecationWarning: The `pop_connection` function is deprecated. Pass the `connection` explicitly instead.
  warnings.warn(
/Users/pooja/.gemini/antigravity/scratch/frappe_workspace/frappe-bench/env/lib/python3.11/site-packages/rq/connections.py:58: DeprecationWarning: The `push_connection` function is deprecated. Pass the `connection` explicitly instead.
  warnings.warn(
/Users/pooja/.gemini/antigravity/scratch/frappe_workspace/frappe-bench/env/lib/python3.11/site-packages/passlib/utils/__init__.py:854: DeprecationWarning: 'crypt' is deprecated and slated for removal in Python 3.13
  from crypt import crypt as _crypt
/Users/pooja/.gemini/antigravity/scratch/frappe_workspace/frappe-bench/env/lib/python3.11/site-packages/rq/connections.py:72: DeprecationWarning: The `pop_connection` function is deprecated. Pass the `connection` explicitly instead.
  warnings.warn(
/Users/pooja/.gemini/antigravity/scratch/frappe_workspace/frappe-bench/env/lib/python3.11/site-packages/rq/connections.py:58: DeprecationWarning: The `push_connection` function is deprecated. Pass the `connection` explicitly instead.
  warnings.warn(
/Users/pooja/.gemini/antigravity/scratch/frappe_workspace/frappe-bench/env/lib/python3.11/site-packages/passlib/utils/__init__.py:854: DeprecationWarning: 'crypt' is deprecated and slated for removal in Python 3.13
  from crypt import crypt as _crypt
/Users/pooja/.gemini/antigravity/scratch/frappe_workspace/frappe-bench/env/lib/python3.11/site-packages/rq/connections.py:72: DeprecationWarning: The `pop_connection` function is deprecated. Pass the `connection` explicitly instead.
  warnings.warn(
/Users/pooja/.gemini/antigravity/scratch/frappe_workspace/frappe-bench/env/lib/python3.11/site-packages/rq/connections.py:58: DeprecationWarning: The `push_connection` function is deprecated. Pass the `connection` explicitly instead.
  warnings.warn(
/Users/pooja/.gemini/antigravity/scratch/frappe_workspace/frappe-bench/env/lib/python3.11/site-packages/passlib/utils/__init__.py:854: DeprecationWarning: 'crypt' is deprecated and slated for removal in Python 3.13
  from crypt import crypt as _crypt
/Users/pooja/.gemini/antigravity/scratch/frappe_workspace/frappe-bench/env/lib/python3.11/site-packages/rq/connections.py:72: DeprecationWarning: The `pop_connection` function is deprecated. Pass the `connection` explicitly instead.
  warnings.warn(
/Users/pooja/.gemini/antigravity/scratch/frappe_workspace/frappe-bench/env/lib/python3.11/site-packages/rq/connections.py:58: DeprecationWarning: The `push_connection` function is deprecated. Pass the `connection` explicitly instead.
  warnings.warn(
/Users/pooja/.gemini/antigravity/scratch/frappe_workspace/frappe-bench/env/lib/python3.11/site-packages/passlib/utils/__init__.py:854: DeprecationWarning: 'crypt' is deprecated and slated for removal in Python 3.13
  from crypt import crypt as _crypt
/Users/pooja/.gemini/antigravity/scratch/frappe_workspace/frappe-bench/env/lib/python3.11/site-packages/rq/connections.py:72: DeprecationWarning: The `pop_connection` function is deprecated. Pass the `connection` explicitly instead.
  warnings.warn(
/Users/pooja/.gemini/antigravity/scratch/frappe_workspace/frappe-bench/env/lib/python3.11/site-packages/rq/connections.py:58: DeprecationWarning: The `push_connection` function is deprecated. Pass the `connection` explicitly instead.
  warnings.warn(
/Users/pooja/.gemini/antigravity/scratch/frappe_workspace/frappe-bench/env/lib/python3.11/site-packages/passlib/utils/__init__.py:854: DeprecationWarning: 'crypt' is deprecated and slated for removal in Python 3.13
  from crypt import crypt as _crypt
/Users/pooja/.gemini/antigravity/scratch/frappe_workspace/frappe-bench/env/lib/python3.11/site-packages/rq/connections.py:72: DeprecationWarning: The `pop_connection` function is deprecated. Pass the `connection` explicitly instead.
  warnings.warn(
/Users/pooja/.gemini/antigravity/scratch/frappe_workspace/frappe-bench/env/lib/python3.11/site-packages/rq/connections.py:58: DeprecationWarning: The `push_connection` function is deprecated. Pass the `connection` explicitly instead.
  warnings.warn(
/Users/pooja/.gemini/antigravity/scratch/frappe_workspace/frappe-bench/env/lib/python3.11/site-packages/passlib/utils/__init__.py:854: DeprecationWarning: 'crypt' is deprecated and slated for removal in Python 3.13
  from crypt import crypt as _crypt
/Users/pooja/.gemini/antigravity/scratch/frappe_workspace/frappe-bench/env/lib/python3.11/site-packages/rq/connections.py:72: DeprecationWarning: The `pop_connection` function is deprecated. Pass the `connection` explicitly instead.
  warnings.warn(
/Users/pooja/.gemini/antigravity/scratch/frappe_workspace/frappe-bench/env/lib/python3.11/site-packages/rq/connections.py:58: DeprecationWarning: The `push_connection` function is deprecated. Pass the `connection` explicitly instead.
  warnings.warn(
/Users/pooja/.gemini/antigravity/scratch/frappe_workspace/frappe-bench/env/lib/python3.11/site-packages/passlib/utils/__init__.py:854: DeprecationWarning: 'crypt' is deprecated and slated for removal in Python 3.13
  from crypt import crypt as _crypt
/Users/pooja/.gemini/antigravity/scratch/frappe_workspace/frappe-bench/env/lib/python3.11/site-packages/rq/connections.py:72: DeprecationWarning: The `pop_connection` function is deprecated. Pass the `connection` explicitly instead.
  warnings.warn(
/Users/pooja/.gemini/antigravity/scratch/frappe_workspace/frappe-bench/env/lib/python3.11/site-packages/rq/connections.py:58: DeprecationWarning: The `push_connection` function is deprecated. Pass the `connection` explicitly instead.
  warnings.warn(
/Users/pooja/.gemini/antigravity/scratch/frappe_workspace/frappe-bench/env/lib/python3.11/site-packages/passlib/utils/__init__.py:854: DeprecationWarning: 'crypt' is deprecated and slated for removal in Python 3.13
  from crypt import crypt as _crypt
/Users/pooja/.gemini/antigravity/scratch/frappe_workspace/frappe-bench/env/lib/python3.11/site-packages/rq/connections.py:72: DeprecationWarning: The `pop_connection` function is deprecated. Pass the `connection` explicitly instead.
  warnings.warn(
/Users/pooja/.gemini/antigravity/scratch/frappe_workspace/frappe-bench/env/lib/python3.11/site-packages/rq/connections.py:58: DeprecationWarning: The `push_connection` function is deprecated. Pass the `connection` explicitly instead.
  warnings.warn(
/Users/pooja/.gemini/antigravity/scratch/frappe_workspace/frappe-bench/env/lib/python3.11/site-packages/passlib/utils/__init__.py:854: DeprecationWarning: 'crypt' is deprecated and slated for removal in Python 3.13
  from crypt import crypt as _crypt
/Users/pooja/.gemini/antigravity/scratch/frappe_workspace/frappe-bench/env/lib/python3.11/site-packages/rq/connections.py:72: DeprecationWarning: The `pop_connection` function is deprecated. Pass the `connection` explicitly instead.
  warnings.warn(
/Users/pooja/.gemini/antigravity/scratch/frappe_workspace/frappe-bench/env/lib/python3.11/site-packages/rq/connections.py:58: DeprecationWarning: The `push_connection` function is deprecated. Pass the `connection` explicitly instead.
  warnings.warn(
/Users/pooja/.gemini/antigravity/scratch/frappe_workspace/frappe-bench/env/lib/python3.11/site-packages/passlib/utils/__init__.py:854: DeprecationWarning: 'crypt' is deprecated and slated for removal in Python 3.13
  from crypt import crypt as _crypt
/Users/pooja/.gemini/antigravity/scratch/frappe_workspace/frappe-bench/env/lib/python3.11/site-packages/rq/connections.py:72: DeprecationWarning: The `pop_connection` function is deprecated. Pass the `connection` explicitly instead.
  warnings.warn(
/Users/pooja/.gemini/antigravity/scratch/frappe_workspace/frappe-bench/env/lib/python3.11/site-packages/rq/connections.py:58: DeprecationWarning: The `push_connection` function is deprecated. Pass the `connection` explicitly instead.
  warnings.warn(
/Users/pooja/.gemini/antigravity/scratch/frappe_workspace/frappe-bench/env/lib/python3.11/site-packages/passlib/utils/__init__.py:854: DeprecationWarning: 'crypt' is deprecated and slated for removal in Python 3.13
  from crypt import crypt as _crypt
/Users/pooja/.gemini/antigravity/scratch/frappe_workspace/frappe-bench/env/lib/python3.11/site-packages/rq/connections.py:72: DeprecationWarning: The `pop_connection` function is deprecated. Pass the `connection` explicitly instead.
  warnings.warn(
/Users/pooja/.gemini/antigravity/scratch/frappe_workspace/frappe-bench/env/lib/python3.11/site-packages/rq/connections.py:58: DeprecationWarning: The `push_connection` function is deprecated. Pass the `connection` explicitly instead.
  warnings.warn(
/Users/pooja/.gemini/antigravity/scratch/frappe_workspace/frappe-bench/env/lib/python3.11/site-packages/passlib/utils/__init__.py:854: DeprecationWarning: 'crypt' is deprecated and slated for removal in Python 3.13
  from crypt import crypt as _crypt
/Users/pooja/.gemini/antigravity/scratch/frappe_workspace/frappe-bench/env/lib/python3.11/site-packages/rq/connections.py:72: DeprecationWarning: The `pop_connection` function is deprecated. Pass the `connection` explicitly instead.
  warnings.warn(
/Users/pooja/.gemini/antigravity/scratch/frappe_workspace/frappe-bench/env/lib/python3.11/site-packages/rq/connections.py:58: DeprecationWarning: The `push_connection` function is deprecated. Pass the `connection` explicitly instead.
  warnings.warn(
/Users/pooja/.gemini/antigravity/scratch/frappe_workspace/frappe-bench/env/lib/python3.11/site-packages/passlib/utils/__init__.py:854: DeprecationWarning: 'crypt' is deprecated and slated for removal in Python 3.13
  from crypt import crypt as _crypt
/Users/pooja/.gemini/antigravity/scratch/frappe_workspace/frappe-bench/env/lib/python3.11/site-packages/rq/connections.py:72: DeprecationWarning: The `pop_connection` function is deprecated. Pass the `connection` explicitly instead.
  warnings.warn(
/Users/pooja/.gemini/antigravity/scratch/frappe_workspace/frappe-bench/env/lib/python3.11/site-packages/rq/connections.py:58: DeprecationWarning: The `push_connection` function is deprecated. Pass the `connection` explicitly instead.
  warnings.warn(
/Users/pooja/.gemini/antigravity/scratch/frappe_workspace/frappe-bench/env/lib/python3.11/site-packages/passlib/utils/__init__.py:854: DeprecationWarning: 'crypt' is deprecated and slated for removal in Python 3.13
  from crypt import crypt as _crypt
/Users/pooja/.gemini/antigravity/scratch/frappe_workspace/frappe-bench/env/lib/python3.11/site-packages/rq/connections.py:72: DeprecationWarning: The `pop_connection` function is deprecated. Pass the `connection` explicitly instead.
  warnings.warn(
/Users/pooja/.gemini/antigravity/scratch/frappe_workspace/frappe-bench/env/lib/python3.11/site-packages/rq/connections.py:58: DeprecationWarning: The `push_connection` function is deprecated. Pass the `connection` explicitly instead.
  warnings.warn(
/Users/pooja/.gemini/antigravity/scratch/frappe_workspace/frappe-bench/env/lib/python3.11/site-packages/passlib/utils/__init__.py:854: DeprecationWarning: 'crypt' is deprecated and slated for removal in Python 3.13
  from crypt import crypt as _crypt
/Users/pooja/.gemini/antigravity/scratch/frappe_workspace/frappe-bench/env/lib/python3.11/site-packages/rq/connections.py:72: DeprecationWarning: The `pop_connection` function is deprecated. Pass the `connection` explicitly instead.
  warnings.warn(
/Users/pooja/.gemini/antigravity/scratch/frappe_workspace/frappe-bench/env/lib/python3.11/site-packages/rq/connections.py:58: DeprecationWarning: The `push_connection` function is deprecated. Pass the `connection` explicitly instead.
  warnings.warn(
/Users/pooja/.gemini/antigravity/scratch/frappe_workspace/frappe-bench/env/lib/python3.11/site-packages/passlib/utils/__init__.py:854: DeprecationWarning: 'crypt' is deprecated and slated for removal in Python 3.13
  from crypt import crypt as _crypt
/Users/pooja/.gemini/antigravity/scratch/frappe_workspace/frappe-bench/env/lib/python3.11/site-packages/rq/connections.py:72: DeprecationWarning: The `pop_connection` function is deprecated. Pass the `connection` explicitly instead.
  warnings.warn(
/Users/pooja/.gemini/antigravity/scratch/frappe_workspace/frappe-bench/env/lib/python3.11/site-packages/rq/connections.py:58: DeprecationWarning: The `push_connection` function is deprecated. Pass the `connection` explicitly instead.
  warnings.warn(
/Users/pooja/.gemini/antigravity/scratch/frappe_workspace/frappe-bench/env/lib/python3.11/site-packages/passlib/utils/__init__.py:854: DeprecationWarning: 'crypt' is deprecated and slated for removal in Python 3.13
  from crypt import crypt as _crypt
/Users/pooja/.gemini/antigravity/scratch/frappe_workspace/frappe-bench/env/lib/python3.11/site-packages/rq/connections.py:72: DeprecationWarning: The `pop_connection` function is deprecated. Pass the `connection` explicitly instead.
  warnings.warn(
/Users/pooja/.gemini/antigravity/scratch/frappe_workspace/frappe-bench/env/lib/python3.11/site-packages/rq/connections.py:58: DeprecationWarning: The `push_connection` function is deprecated. Pass the `connection` explicitly instead.
  warnings.warn(
/Users/pooja/.gemini/antigravity/scratch/frappe_workspace/frappe-bench/env/lib/python3.11/site-packages/passlib/utils/__init__.py:854: DeprecationWarning: 'crypt' is deprecated and slated for removal in Python 3.13
  from crypt import crypt as _crypt
/Users/pooja/.gemini/antigravity/scratch/frappe_workspace/frappe-bench/env/lib/python3.11/site-packages/rq/connections.py:72: DeprecationWarning: The `pop_connection` function is deprecated. Pass the `connection` explicitly instead.
  warnings.warn(
/Users/pooja/.gemini/antigravity/scratch/frappe_workspace/frappe-bench/env/lib/python3.11/site-packages/rq/connections.py:58: DeprecationWarning: The `push_connection` function is deprecated. Pass the `connection` explicitly instead.
  warnings.warn(
/Users/pooja/.gemini/antigravity/scratch/frappe_workspace/frappe-bench/env/lib/python3.11/site-packages/passlib/utils/__init__.py:854: DeprecationWarning: 'crypt' is deprecated and slated for removal in Python 3.13
  from crypt import crypt as _crypt
/Users/pooja/.gemini/antigravity/scratch/frappe_workspace/frappe-bench/env/lib/python3.11/site-packages/rq/connections.py:72: DeprecationWarning: The `pop_connection` function is deprecated. Pass the `connection` explicitly instead.
  warnings.warn(
/Users/pooja/.gemini/antigravity/scratch/frappe_workspace/frappe-bench/env/lib/python3.11/site-packages/rq/connections.py:58: DeprecationWarning: The `push_connection` function is deprecated. Pass the `connection` explicitly instead.
  warnings.warn(
/Users/pooja/.gemini/antigravity/scratch/frappe_workspace/frappe-bench/env/lib/python3.11/site-packages/passlib/utils/__init__.py:854: DeprecationWarning: 'crypt' is deprecated and slated for removal in Python 3.13
  from crypt import crypt as _crypt
/Users/pooja/.gemini/antigravity/scratch/frappe_workspace/frappe-bench/env/lib/python3.11/site-packages/rq/connections.py:72: DeprecationWarning: The `pop_connection` function is deprecated. Pass the `connection` explicitly instead.
  warnings.warn(
/Users/pooja/.gemini/antigravity/scratch/frappe_workspace/frappe-bench/env/lib/python3.11/site-packages/rq/connections.py:58: DeprecationWarning: The `push_connection` function is deprecated. Pass the `connection` explicitly instead.
  warnings.warn(
/Users/pooja/.gemini/antigravity/scratch/frappe_workspace/frappe-bench/env/lib/python3.11/site-packages/passlib/utils/__init__.py:854: DeprecationWarning: 'crypt' is deprecated and slated for removal in Python 3.13
  from crypt import crypt as _crypt
/Users/pooja/.gemini/antigravity/scratch/frappe_workspace/frappe-bench/env/lib/python3.11/site-packages/rq/connections.py:72: DeprecationWarning: The `pop_connection` function is deprecated. Pass the `connection` explicitly instead.
  warnings.warn(
/Users/pooja/.gemini/antigravity/scratch/frappe_workspace/frappe-bench/env/lib/python3.11/site-packages/rq/connections.py:58: DeprecationWarning: The `push_connection` function is deprecated. Pass the `connection` explicitly instead.
  warnings.warn(
/Users/pooja/.gemini/antigravity/scratch/frappe_workspace/frappe-bench/env/lib/python3.11/site-packages/passlib/utils/__init__.py:854: DeprecationWarning: 'crypt' is deprecated and slated for removal in Python 3.13
  from crypt import crypt as _crypt
/Users/pooja/.gemini/antigravity/scratch/frappe_workspace/frappe-bench/env/lib/python3.11/site-packages/rq/connections.py:72: DeprecationWarning: The `pop_connection` function is deprecated. Pass the `connection` explicitly instead.
  warnings.warn(
/Users/pooja/.gemini/antigravity/scratch/frappe_workspace/frappe-bench/env/lib/python3.11/site-packages/rq/connections.py:58: DeprecationWarning: The `push_connection` function is deprecated. Pass the `connection` explicitly instead.
  warnings.warn(
/Users/pooja/.gemini/antigravity/scratch/frappe_workspace/frappe-bench/env/lib/python3.11/site-packages/passlib/utils/__init__.py:854: DeprecationWarning: 'crypt' is deprecated and slated for removal in Python 3.13
  from crypt import crypt as _crypt
/Users/pooja/.gemini/antigravity/scratch/frappe_workspace/frappe-bench/env/lib/python3.11/site-packages/rq/connections.py:72: DeprecationWarning: The `pop_connection` function is deprecated. Pass the `connection` explicitly instead.
  warnings.warn(
/Users/pooja/.gemini/antigravity/scratch/frappe_workspace/frappe-bench/env/lib/python3.11/site-packages/rq/connections.py:58: DeprecationWarning: The `push_connection` function is deprecated. Pass the `connection` explicitly instead.
  warnings.warn(
/Users/pooja/.gemini/antigravity/scratch/frappe_workspace/frappe-bench/env/lib/python3.11/site-packages/passlib/utils/__init__.py:854: DeprecationWarning: 'crypt' is deprecated and slated for removal in Python 3.13
  from crypt import crypt as _crypt
/Users/pooja/.gemini/antigravity/scratch/frappe_workspace/frappe-bench/env/lib/python3.11/site-packages/rq/connections.py:72: DeprecationWarning: The `pop_connection` function is deprecated. Pass the `connection` explicitly instead.
  warnings.warn(
/Users/pooja/.gemini/antigravity/scratch/frappe_workspace/frappe-bench/env/lib/python3.11/site-packages/rq/connections.py:58: DeprecationWarning: The `push_connection` function is deprecated. Pass the `connection` explicitly instead.
  warnings.warn(
/Users/pooja/.gemini/antigravity/scratch/frappe_workspace/frappe-bench/env/lib/python3.11/site-packages/passlib/utils/__init__.py:854: DeprecationWarning: 'crypt' is deprecated and slated for removal in Python 3.13
  from crypt import crypt as _crypt
/Users/pooja/.gemini/antigravity/scratch/frappe_workspace/frappe-bench/env/lib/python3.11/site-packages/rq/connections.py:72: DeprecationWarning: The `pop_connection` function is deprecated. Pass the `connection` explicitly instead.
  warnings.warn(
/Users/pooja/.gemini/antigravity/scratch/frappe_workspace/frappe-bench/env/lib/python3.11/site-packages/rq/connections.py:58: DeprecationWarning: The `push_connection` function is deprecated. Pass the `connection` explicitly instead.
  warnings.warn(
/Users/pooja/.gemini/antigravity/scratch/frappe_workspace/frappe-bench/env/lib/python3.11/site-packages/passlib/utils/__init__.py:854: DeprecationWarning: 'crypt' is deprecated and slated for removal in Python 3.13
  from crypt import crypt as _crypt
/Users/pooja/.gemini/antigravity/scratch/frappe_workspace/frappe-bench/env/lib/python3.11/site-packages/rq/connections.py:72: DeprecationWarning: The `pop_connection` function is deprecated. Pass the `connection` explicitly instead.
  warnings.warn(
/Users/pooja/.gemini/antigravity/scratch/frappe_workspace/frappe-bench/env/lib/python3.11/site-packages/rq/connections.py:58: DeprecationWarning: The `push_connection` function is deprecated. Pass the `connection` explicitly instead.
  warnings.warn(
/Users/pooja/.gemini/antigravity/scratch/frappe_workspace/frappe-bench/env/lib/python3.11/site-packages/passlib/utils/__init__.py:854: DeprecationWarning: 'crypt' is deprecated and slated for removal in Python 3.13
  from crypt import crypt as _crypt
/Users/pooja/.gemini/antigravity/scratch/frappe_workspace/frappe-bench/env/lib/python3.11/site-packages/rq/connections.py:72: DeprecationWarning: The `pop_connection` function is deprecated. Pass the `connection` explicitly instead.
  warnings.warn(
/Users/pooja/.gemini/antigravity/scratch/frappe_workspace/frappe-bench/env/lib/python3.11/site-packages/rq/connections.py:58: DeprecationWarning: The `push_connection` function is deprecated. Pass the `connection` explicitly instead.
  warnings.warn(
/Users/pooja/.gemini/antigravity/scratch/frappe_workspace/frappe-bench/env/lib/python3.11/site-packages/passlib/utils/__init__.py:854: DeprecationWarning: 'crypt' is deprecated and slated for removal in Python 3.13
  from crypt import crypt as _crypt
/Users/pooja/.gemini/antigravity/scratch/frappe_workspace/frappe-bench/env/lib/python3.11/site-packages/rq/connections.py:72: DeprecationWarning: The `pop_connection` function is deprecated. Pass the `connection` explicitly instead.
  warnings.warn(
/Users/pooja/.gemini/antigravity/scratch/frappe_workspace/frappe-bench/env/lib/python3.11/site-packages/rq/connections.py:58: DeprecationWarning: The `push_connection` function is deprecated. Pass the `connection` explicitly instead.
  warnings.warn(
/Users/pooja/.gemini/antigravity/scratch/frappe_workspace/frappe-bench/env/lib/python3.11/site-packages/passlib/utils/__init__.py:854: DeprecationWarning: 'crypt' is deprecated and slated for removal in Python 3.13
  from crypt import crypt as _crypt
/Users/pooja/.gemini/antigravity/scratch/frappe_workspace/frappe-bench/env/lib/python3.11/site-packages/rq/connections.py:72: DeprecationWarning: The `pop_connection` function is deprecated. Pass the `connection` explicitly instead.
  warnings.warn(
/Users/pooja/.gemini/antigravity/scratch/frappe_workspace/frappe-bench/env/lib/python3.11/site-packages/rq/connections.py:58: DeprecationWarning: The `push_connection` function is deprecated. Pass the `connection` explicitly instead.
  warnings.warn(
/Users/pooja/.gemini/antigravity/scratch/frappe_workspace/frappe-bench/env/lib/python3.11/site-packages/passlib/utils/__init__.py:854: DeprecationWarning: 'crypt' is deprecated and slated for removal in Python 3.13
  from crypt import crypt as _crypt
/Users/pooja/.gemini/antigravity/scratch/frappe_workspace/frappe-bench/env/lib/python3.11/site-packages/rq/connections.py:72: DeprecationWarning: The `pop_connection` function is deprecated. Pass the `connection` explicitly instead.
  warnings.warn(
/Users/pooja/.gemini/antigravity/scratch/frappe_workspace/frappe-bench/env/lib/python3.11/site-packages/rq/connections.py:58: DeprecationWarning: The `push_connection` function is deprecated. Pass the `connection` explicitly instead.
  warnings.warn(
/Users/pooja/.gemini/antigravity/scratch/frappe_workspace/frappe-bench/env/lib/python3.11/site-packages/passlib/utils/__init__.py:854: DeprecationWarning: 'crypt' is deprecated and slated for removal in Python 3.13
  from crypt import crypt as _crypt
/Users/pooja/.gemini/antigravity/scratch/frappe_workspace/frappe-bench/env/lib/python3.11/site-packages/rq/connections.py:72: DeprecationWarning: The `pop_connection` function is deprecated. Pass the `connection` explicitly instead.
  warnings.warn(
/Users/pooja/.gemini/antigravity/scratch/frappe_workspace/frappe-bench/env/lib/python3.11/site-packages/rq/connections.py:58: DeprecationWarning: The `push_connection` function is deprecated. Pass the `connection` explicitly instead.
  warnings.warn(
/Users/pooja/.gemini/antigravity/scratch/frappe_workspace/frappe-bench/env/lib/python3.11/site-packages/passlib/utils/__init__.py:854: DeprecationWarning: 'crypt' is deprecated and slated for removal in Python 3.13
  from crypt import crypt as _crypt
/Users/pooja/.gemini/antigravity/scratch/frappe_workspace/frappe-bench/env/lib/python3.11/site-packages/rq/connections.py:72: DeprecationWarning: The `pop_connection` function is deprecated. Pass the `connection` explicitly instead.
  warnings.warn(
/Users/pooja/.gemini/antigravity/scratch/frappe_workspace/frappe-bench/env/lib/python3.11/site-packages/rq/connections.py:58: DeprecationWarning: The `push_connection` function is deprecated. Pass the `connection` explicitly instead.
  warnings.warn(
/Users/pooja/.gemini/antigravity/scratch/frappe_workspace/frappe-bench/env/lib/python3.11/site-packages/passlib/utils/__init__.py:854: DeprecationWarning: 'crypt' is deprecated and slated for removal in Python 3.13
  from crypt import crypt as _crypt
/Users/pooja/.gemini/antigravity/scratch/frappe_workspace/frappe-bench/env/lib/python3.11/site-packages/rq/connections.py:72: DeprecationWarning: The `pop_connection` function is deprecated. Pass the `connection` explicitly instead.
  warnings.warn(
/Users/pooja/.gemini/antigravity/scratch/frappe_workspace/frappe-bench/env/lib/python3.11/site-packages/rq/connections.py:58: DeprecationWarning: The `push_connection` function is deprecated. Pass the `connection` explicitly instead.
  warnings.warn(
/Users/pooja/.gemini/antigravity/scratch/frappe_workspace/frappe-bench/env/lib/python3.11/site-packages/passlib/utils/__init__.py:854: DeprecationWarning: 'crypt' is deprecated and slated for removal in Python 3.13
  from crypt import crypt as _crypt
/Users/pooja/.gemini/antigravity/scratch/frappe_workspace/frappe-bench/env/lib/python3.11/site-packages/rq/connections.py:72: DeprecationWarning: The `pop_connection` function is deprecated. Pass the `connection` explicitly instead.
  warnings.warn(
/Users/pooja/.gemini/antigravity/scratch/frappe_workspace/frappe-bench/env/lib/python3.11/site-packages/rq/connections.py:58: DeprecationWarning: The `push_connection` function is deprecated. Pass the `connection` explicitly instead.
  warnings.warn(
/Users/pooja/.gemini/antigravity/scratch/frappe_workspace/frappe-bench/env/lib/python3.11/site-packages/passlib/utils/__init__.py:854: DeprecationWarning: 'crypt' is deprecated and slated for removal in Python 3.13
  from crypt import crypt as _crypt
/Users/pooja/.gemini/antigravity/scratch/frappe_workspace/frappe-bench/env/lib/python3.11/site-packages/rq/connections.py:72: DeprecationWarning: The `pop_connection` function is deprecated. Pass the `connection` explicitly instead.
  warnings.warn(
/Users/pooja/.gemini/antigravity/scratch/frappe_workspace/frappe-bench/env/lib/python3.11/site-packages/rq/connections.py:58: DeprecationWarning: The `push_connection` function is deprecated. Pass the `connection` explicitly instead.
  warnings.warn(
/Users/pooja/.gemini/antigravity/scratch/frappe_workspace/frappe-bench/env/lib/python3.11/site-packages/passlib/utils/__init__.py:854: DeprecationWarning: 'crypt' is deprecated and slated for removal in Python 3.13
  from crypt import crypt as _crypt
/Users/pooja/.gemini/antigravity/scratch/frappe_workspace/frappe-bench/env/lib/python3.11/site-packages/rq/connections.py:72: DeprecationWarning: The `pop_connection` function is deprecated. Pass the `connection` explicitly instead.
  warnings.warn(
/Users/pooja/.gemini/antigravity/scratch/frappe_workspace/frappe-bench/env/lib/python3.11/site-packages/rq/connections.py:58: DeprecationWarning: The `push_connection` function is deprecated. Pass the `connection` explicitly instead.
  warnings.warn(
/Users/pooja/.gemini/antigravity/scratch/frappe_workspace/frappe-bench/env/lib/python3.11/site-packages/passlib/utils/__init__.py:854: DeprecationWarning: 'crypt' is deprecated and slated for removal in Python 3.13
  from crypt import crypt as _crypt
/Users/pooja/.gemini/antigravity/scratch/frappe_workspace/frappe-bench/env/lib/python3.11/site-packages/rq/connections.py:72: DeprecationWarning: The `pop_connection` function is deprecated. Pass the `connection` explicitly instead.
  warnings.warn(
/Users/pooja/.gemini/antigravity/scratch/frappe_workspace/frappe-bench/env/lib/python3.11/site-packages/rq/connections.py:58: DeprecationWarning: The `push_connection` function is deprecated. Pass the `connection` explicitly instead.
  warnings.warn(
/Users/pooja/.gemini/antigravity/scratch/frappe_workspace/frappe-bench/env/lib/python3.11/site-packages/passlib/utils/__init__.py:854: DeprecationWarning: 'crypt' is deprecated and slated for removal in Python 3.13
  from crypt import crypt as _crypt
/Users/pooja/.gemini/antigravity/scratch/frappe_workspace/frappe-bench/env/lib/python3.11/site-packages/rq/connections.py:72: DeprecationWarning: The `pop_connection` function is deprecated. Pass the `connection` explicitly instead.
  warnings.warn(
/Users/pooja/.gemini/antigravity/scratch/frappe_workspace/frappe-bench/env/lib/python3.11/site-packages/rq/connections.py:58: DeprecationWarning: The `push_connection` function is deprecated. Pass the `connection` explicitly instead.
  warnings.warn(
/Users/pooja/.gemini/antigravity/scratch/frappe_workspace/frappe-bench/env/lib/python3.11/site-packages/passlib/utils/__init__.py:854: DeprecationWarning: 'crypt' is deprecated and slated for removal in Python 3.13
  from crypt import crypt as _crypt
/Users/pooja/.gemini/antigravity/scratch/frappe_workspace/frappe-bench/env/lib/python3.11/site-packages/rq/connections.py:72: DeprecationWarning: The `pop_connection` function is deprecated. Pass the `connection` explicitly instead.
  warnings.warn(
/Users/pooja/.gemini/antigravity/scratch/frappe_workspace/frappe-bench/env/lib/python3.11/site-packages/rq/connections.py:58: DeprecationWarning: The `push_connection` function is deprecated. Pass the `connection` explicitly instead.
  warnings.warn(
/Users/pooja/.gemini/antigravity/scratch/frappe_workspace/frappe-bench/env/lib/python3.11/site-packages/passlib/utils/__init__.py:854: DeprecationWarning: 'crypt' is deprecated and slated for removal in Python 3.13
  from crypt import crypt as _crypt
/Users/pooja/.gemini/antigravity/scratch/frappe_workspace/frappe-bench/env/lib/python3.11/site-packages/rq/connections.py:72: DeprecationWarning: The `pop_connection` function is deprecated. Pass the `connection` explicitly instead.
  warnings.warn(
/Users/pooja/.gemini/antigravity/scratch/frappe_workspace/frappe-bench/env/lib/python3.11/site-packages/rq/connections.py:58: DeprecationWarning: The `push_connection` function is deprecated. Pass the `connection` explicitly instead.
  warnings.warn(
/Users/pooja/.gemini/antigravity/scratch/frappe_workspace/frappe-bench/env/lib/python3.11/site-packages/passlib/utils/__init__.py:854: DeprecationWarning: 'crypt' is deprecated and slated for removal in Python 3.13
  from crypt import crypt as _crypt
/Users/pooja/.gemini/antigravity/scratch/frappe_workspace/frappe-bench/env/lib/python3.11/site-packages/rq/connections.py:72: DeprecationWarning: The `pop_connection` function is deprecated. Pass the `connection` explicitly instead.
  warnings.warn(
/Users/pooja/.gemini/antigravity/scratch/frappe_workspace/frappe-bench/env/lib/python3.11/site-packages/rq/connections.py:58: DeprecationWarning: The `push_connection` function is deprecated. Pass the `connection` explicitly instead.
  warnings.warn(
/Users/pooja/.gemini/antigravity/scratch/frappe_workspace/frappe-bench/env/lib/python3.11/site-packages/passlib/utils/__init__.py:854: DeprecationWarning: 'crypt' is deprecated and slated for removal in Python 3.13
  from crypt import crypt as _crypt
/Users/pooja/.gemini/antigravity/scratch/frappe_workspace/frappe-bench/env/lib/python3.11/site-packages/rq/connections.py:72: DeprecationWarning: The `pop_connection` function is deprecated. Pass the `connection` explicitly instead.
  warnings.warn(
/Users/pooja/.gemini/antigravity/scratch/frappe_workspace/frappe-bench/env/lib/python3.11/site-packages/rq/connections.py:58: DeprecationWarning: The `push_connection` function is deprecated. Pass the `connection` explicitly instead.
  warnings.warn(
/Users/pooja/.gemini/antigravity/scratch/frappe_workspace/frappe-bench/env/lib/python3.11/site-packages/passlib/utils/__init__.py:854: DeprecationWarning: 'crypt' is deprecated and slated for removal in Python 3.13
  from crypt import crypt as _crypt
/Users/pooja/.gemini/antigravity/scratch/frappe_workspace/frappe-bench/env/lib/python3.11/site-packages/rq/connections.py:72: DeprecationWarning: The `pop_connection` function is deprecated. Pass the `connection` explicitly instead.
  warnings.warn(
/Users/pooja/.gemini/antigravity/scratch/frappe_workspace/frappe-bench/env/lib/python3.11/site-packages/rq/connections.py:58: DeprecationWarning: The `push_connection` function is deprecated. Pass the `connection` explicitly instead.
  warnings.warn(
/Users/pooja/.gemini/antigravity/scratch/frappe_workspace/frappe-bench/env/lib/python3.11/site-packages/passlib/utils/__init__.py:854: DeprecationWarning: 'crypt' is deprecated and slated for removal in Python 3.13
  from crypt import crypt as _crypt
/Users/pooja/.gemini/antigravity/scratch/frappe_workspace/frappe-bench/env/lib/python3.11/site-packages/rq/connections.py:72: DeprecationWarning: The `pop_connection` function is deprecated. Pass the `connection` explicitly instead.
  warnings.warn(
/Users/pooja/.gemini/antigravity/scratch/frappe_workspace/frappe-bench/env/lib/python3.11/site-packages/rq/connections.py:58: DeprecationWarning: The `push_connection` function is deprecated. Pass the `connection` explicitly instead.
  warnings.warn(
/Users/pooja/.gemini/antigravity/scratch/frappe_workspace/frappe-bench/env/lib/python3.11/site-packages/passlib/utils/__init__.py:854: DeprecationWarning: 'crypt' is deprecated and slated for removal in Python 3.13
  from crypt import crypt as _crypt
/Users/pooja/.gemini/antigravity/scratch/frappe_workspace/frappe-bench/env/lib/python3.11/site-packages/rq/connections.py:72: DeprecationWarning: The `pop_connection` function is deprecated. Pass the `connection` explicitly instead.
  warnings.warn(
/Users/pooja/.gemini/antigravity/scratch/frappe_workspace/frappe-bench/env/lib/python3.11/site-packages/rq/connections.py:58: DeprecationWarning: The `push_connection` function is deprecated. Pass the `connection` explicitly instead.
  warnings.warn(
/Users/pooja/.gemini/antigravity/scratch/frappe_workspace/frappe-bench/env/lib/python3.11/site-packages/passlib/utils/__init__.py:854: DeprecationWarning: 'crypt' is deprecated and slated for removal in Python 3.13
  from crypt import crypt as _crypt
/Users/pooja/.gemini/antigravity/scratch/frappe_workspace/frappe-bench/env/lib/python3.11/site-packages/rq/connections.py:72: DeprecationWarning: The `pop_connection` function is deprecated. Pass the `connection` explicitly instead.
  warnings.warn(
/Users/pooja/.gemini/antigravity/scratch/frappe_workspace/frappe-bench/env/lib/python3.11/site-packages/rq/connections.py:58: DeprecationWarning: The `push_connection` function is deprecated. Pass the `connection` explicitly instead.
  warnings.warn(
/Users/pooja/.gemini/antigravity/scratch/frappe_workspace/frappe-bench/env/lib/python3.11/site-packages/passlib/utils/__init__.py:854: DeprecationWarning: 'crypt' is deprecated and slated for removal in Python 3.13
  from crypt import crypt as _crypt
/Users/pooja/.gemini/antigravity/scratch/frappe_workspace/frappe-bench/env/lib/python3.11/site-packages/rq/connections.py:72: DeprecationWarning: The `pop_connection` function is deprecated. Pass the `connection` explicitly instead.
  warnings.warn(
/Users/pooja/.gemini/antigravity/scratch/frappe_workspace/frappe-bench/env/lib/python3.11/site-packages/rq/connections.py:58: DeprecationWarning: The `push_connection` function is deprecated. Pass the `connection` explicitly instead.
  warnings.warn(
/Users/pooja/.gemini/antigravity/scratch/frappe_workspace/frappe-bench/env/lib/python3.11/site-packages/passlib/utils/__init__.py:854: DeprecationWarning: 'crypt' is deprecated and slated for removal in Python 3.13
  from crypt import crypt as _crypt
/Users/pooja/.gemini/antigravity/scratch/frappe_workspace/frappe-bench/env/lib/python3.11/site-packages/rq/connections.py:72: DeprecationWarning: The `pop_connection` function is deprecated. Pass the `connection` explicitly instead.
  warnings.warn(
/Users/pooja/.gemini/antigravity/scratch/frappe_workspace/frappe-bench/env/lib/python3.11/site-packages/rq/connections.py:58: DeprecationWarning: The `push_connection` function is deprecated. Pass the `connection` explicitly instead.
  warnings.warn(
/Users/pooja/.gemini/antigravity/scratch/frappe_workspace/frappe-bench/env/lib/python3.11/site-packages/passlib/utils/__init__.py:854: DeprecationWarning: 'crypt' is deprecated and slated for removal in Python 3.13
  from crypt import crypt as _crypt
/Users/pooja/.gemini/antigravity/scratch/frappe_workspace/frappe-bench/env/lib/python3.11/site-packages/rq/connections.py:72: DeprecationWarning: The `pop_connection` function is deprecated. Pass the `connection` explicitly instead.
  warnings.warn(
/Users/pooja/.gemini/antigravity/scratch/frappe_workspace/frappe-bench/env/lib/python3.11/site-packages/rq/connections.py:58: DeprecationWarning: The `push_connection` function is deprecated. Pass the `connection` explicitly instead.
  warnings.warn(
/Users/pooja/.gemini/antigravity/scratch/frappe_workspace/frappe-bench/env/lib/python3.11/site-packages/passlib/utils/__init__.py:854: DeprecationWarning: 'crypt' is deprecated and slated for removal in Python 3.13
  from crypt import crypt as _crypt
/Users/pooja/.gemini/antigravity/scratch/frappe_workspace/frappe-bench/env/lib/python3.11/site-packages/rq/connections.py:72: DeprecationWarning: The `pop_connection` function is deprecated. Pass the `connection` explicitly instead.
  warnings.warn(
/Users/pooja/.gemini/antigravity/scratch/frappe_workspace/frappe-bench/env/lib/python3.11/site-packages/rq/connections.py:58: DeprecationWarning: The `push_connection` function is deprecated. Pass the `connection` explicitly instead.
  warnings.warn(
/Users/pooja/.gemini/antigravity/scratch/frappe_workspace/frappe-bench/env/lib/python3.11/site-packages/passlib/utils/__init__.py:854: DeprecationWarning: 'crypt' is deprecated and slated for removal in Python 3.13
  from crypt import crypt as _crypt
/Users/pooja/.gemini/antigravity/scratch/frappe_workspace/frappe-bench/env/lib/python3.11/site-packages/rq/connections.py:72: DeprecationWarning: The `pop_connection` function is deprecated. Pass the `connection` explicitly instead.
  warnings.warn(
/Users/pooja/.gemini/antigravity/scratch/frappe_workspace/frappe-bench/env/lib/python3.11/site-packages/rq/connections.py:58: DeprecationWarning: The `push_connection` function is deprecated. Pass the `connection` explicitly instead.
  warnings.warn(
/Users/pooja/.gemini/antigravity/scratch/frappe_workspace/frappe-bench/env/lib/python3.11/site-packages/passlib/utils/__init__.py:854: DeprecationWarning: 'crypt' is deprecated and slated for removal in Python 3.13
  from crypt import crypt as _crypt
/Users/pooja/.gemini/antigravity/scratch/frappe_workspace/frappe-bench/env/lib/python3.11/site-packages/rq/connections.py:72: DeprecationWarning: The `pop_connection` function is deprecated. Pass the `connection` explicitly instead.
  warnings.warn(
/Users/pooja/.gemini/antigravity/scratch/frappe_workspace/frappe-bench/env/lib/python3.11/site-packages/rq/connections.py:58: DeprecationWarning: The `push_connection` function is deprecated. Pass the `connection` explicitly instead.
  warnings.warn(
/Users/pooja/.gemini/antigravity/scratch/frappe_workspace/frappe-bench/env/lib/python3.11/site-packages/passlib/utils/__init__.py:854: DeprecationWarning: 'crypt' is deprecated and slated for removal in Python 3.13
  from crypt import crypt as _crypt
/Users/pooja/.gemini/antigravity/scratch/frappe_workspace/frappe-bench/env/lib/python3.11/site-packages/rq/connections.py:72: DeprecationWarning: The `pop_connection` function is deprecated. Pass the `connection` explicitly instead.
  warnings.warn(
/Users/pooja/.gemini/antigravity/scratch/frappe_workspace/frappe-bench/env/lib/python3.11/site-packages/rq/connections.py:58: DeprecationWarning: The `push_connection` function is deprecated. Pass the `connection` explicitly instead.
  warnings.warn(
/Users/pooja/.gemini/antigravity/scratch/frappe_workspace/frappe-bench/env/lib/python3.11/site-packages/passlib/utils/__init__.py:854: DeprecationWarning: 'crypt' is deprecated and slated for removal in Python 3.13
  from crypt import crypt as _crypt
/Users/pooja/.gemini/antigravity/scratch/frappe_workspace/frappe-bench/env/lib/python3.11/site-packages/rq/connections.py:72: DeprecationWarning: The `pop_connection` function is deprecated. Pass the `connection` explicitly instead.
  warnings.warn(
/Users/pooja/.gemini/antigravity/scratch/frappe_workspace/frappe-bench/env/lib/python3.11/site-packages/rq/connections.py:58: DeprecationWarning: The `push_connection` function is deprecated. Pass the `connection` explicitly instead.
  warnings.warn(
/Users/pooja/.gemini/antigravity/scratch/frappe_workspace/frappe-bench/env/lib/python3.11/site-packages/passlib/utils/__init__.py:854: DeprecationWarning: 'crypt' is deprecated and slated for removal in Python 3.13
  from crypt import crypt as _crypt
/Users/pooja/.gemini/antigravity/scratch/frappe_workspace/frappe-bench/env/lib/python3.11/site-packages/rq/connections.py:72: DeprecationWarning: The `pop_connection` function is deprecated. Pass the `connection` explicitly instead.
  warnings.warn(
/Users/pooja/.gemini/antigravity/scratch/frappe_workspace/frappe-bench/env/lib/python3.11/site-packages/rq/connections.py:58: DeprecationWarning: The `push_connection` function is deprecated. Pass the `connection` explicitly instead.
  warnings.warn(
/Users/pooja/.gemini/antigravity/scratch/frappe_workspace/frappe-bench/env/lib/python3.11/site-packages/passlib/utils/__init__.py:854: DeprecationWarning: 'crypt' is deprecated and slated for removal in Python 3.13
  from crypt import crypt as _crypt
/Users/pooja/.gemini/antigravity/scratch/frappe_workspace/frappe-bench/env/lib/python3.11/site-packages/rq/connections.py:72: DeprecationWarning: The `pop_connection` function is deprecated. Pass the `connection` explicitly instead.
  warnings.warn(
/Users/pooja/.gemini/antigravity/scratch/frappe_workspace/frappe-bench/env/lib/python3.11/site-packages/rq/connections.py:58: DeprecationWarning: The `push_connection` function is deprecated. Pass the `connection` explicitly instead.
  warnings.warn(
/Users/pooja/.gemini/antigravity/scratch/frappe_workspace/frappe-bench/env/lib/python3.11/site-packages/passlib/utils/__init__.py:854: DeprecationWarning: 'crypt' is deprecated and slated for removal in Python 3.13
  from crypt import crypt as _crypt
/Users/pooja/.gemini/antigravity/scratch/frappe_workspace/frappe-bench/env/lib/python3.11/site-packages/rq/connections.py:72: DeprecationWarning: The `pop_connection` function is deprecated. Pass the `connection` explicitly instead.
  warnings.warn(
/Users/pooja/.gemini/antigravity/scratch/frappe_workspace/frappe-bench/env/lib/python3.11/site-packages/rq/connections.py:58: DeprecationWarning: The `push_connection` function is deprecated. Pass the `connection` explicitly instead.
  warnings.warn(
/Users/pooja/.gemini/antigravity/scratch/frappe_workspace/frappe-bench/env/lib/python3.11/site-packages/passlib/utils/__init__.py:854: DeprecationWarning: 'crypt' is deprecated and slated for removal in Python 3.13
  from crypt import crypt as _crypt
/Users/pooja/.gemini/antigravity/scratch/frappe_workspace/frappe-bench/env/lib/python3.11/site-packages/rq/connections.py:72: DeprecationWarning: The `pop_connection` function is deprecated. Pass the `connection` explicitly instead.
  warnings.warn(
/Users/pooja/.gemini/antigravity/scratch/frappe_workspace/frappe-bench/env/lib/python3.11/site-packages/rq/connections.py:58: DeprecationWarning: The `push_connection` function is deprecated. Pass the `connection` explicitly instead.
  warnings.warn(
/Users/pooja/.gemini/antigravity/scratch/frappe_workspace/frappe-bench/env/lib/python3.11/site-packages/passlib/utils/__init__.py:854: DeprecationWarning: 'crypt' is deprecated and slated for removal in Python 3.13
  from crypt import crypt as _crypt
/Users/pooja/.gemini/antigravity/scratch/frappe_workspace/frappe-bench/env/lib/python3.11/site-packages/rq/connections.py:72: DeprecationWarning: The `pop_connection` function is deprecated. Pass the `connection` explicitly instead.
  warnings.warn(
/Users/pooja/.gemini/antigravity/scratch/frappe_workspace/frappe-bench/env/lib/python3.11/site-packages/rq/connections.py:58: DeprecationWarning: The `push_connection` function is deprecated. Pass the `connection` explicitly instead.
  warnings.warn(
/Users/pooja/.gemini/antigravity/scratch/frappe_workspace/frappe-bench/env/lib/python3.11/site-packages/passlib/utils/__init__.py:854: DeprecationWarning: 'crypt' is deprecated and slated for removal in Python 3.13
  from crypt import crypt as _crypt
/Users/pooja/.gemini/antigravity/scratch/frappe_workspace/frappe-bench/env/lib/python3.11/site-packages/rq/connections.py:72: DeprecationWarning: The `pop_connection` function is deprecated. Pass the `connection` explicitly instead.
  warnings.warn(
/Users/pooja/.gemini/antigravity/scratch/frappe_workspace/frappe-bench/env/lib/python3.11/site-packages/rq/connections.py:58: DeprecationWarning: The `push_connection` function is deprecated. Pass the `connection` explicitly instead.
  warnings.warn(
/Users/pooja/.gemini/antigravity/scratch/frappe_workspace/frappe-bench/env/lib/python3.11/site-packages/passlib/utils/__init__.py:854: DeprecationWarning: 'crypt' is deprecated and slated for removal in Python 3.13
  from crypt import crypt as _crypt
/Users/pooja/.gemini/antigravity/scratch/frappe_workspace/frappe-bench/env/lib/python3.11/site-packages/rq/connections.py:72: DeprecationWarning: The `pop_connection` function is deprecated. Pass the `connection` explicitly instead.
  warnings.warn(
/Users/pooja/.gemini/antigravity/scratch/frappe_workspace/frappe-bench/env/lib/python3.11/site-packages/rq/connections.py:58: DeprecationWarning: The `push_connection` function is deprecated. Pass the `connection` explicitly instead.
  warnings.warn(
/Users/pooja/.gemini/antigravity/scratch/frappe_workspace/frappe-bench/env/lib/python3.11/site-packages/passlib/utils/__init__.py:854: DeprecationWarning: 'crypt' is deprecated and slated for removal in Python 3.13
  from crypt import crypt as _crypt
/Users/pooja/.gemini/antigravity/scratch/frappe_workspace/frappe-bench/env/lib/python3.11/site-packages/rq/connections.py:72: DeprecationWarning: The `pop_connection` function is deprecated. Pass the `connection` explicitly instead.
  warnings.warn(
/Users/pooja/.gemini/antigravity/scratch/frappe_workspace/frappe-bench/env/lib/python3.11/site-packages/rq/connections.py:58: DeprecationWarning: The `push_connection` function is deprecated. Pass the `connection` explicitly instead.
  warnings.warn(
/Users/pooja/.gemini/antigravity/scratch/frappe_workspace/frappe-bench/env/lib/python3.11/site-packages/passlib/utils/__init__.py:854: DeprecationWarning: 'crypt' is deprecated and slated for removal in Python 3.13
  from crypt import crypt as _crypt
/Users/pooja/.gemini/antigravity/scratch/frappe_workspace/frappe-bench/env/lib/python3.11/site-packages/rq/connections.py:72: DeprecationWarning: The `pop_connection` function is deprecated. Pass the `connection` explicitly instead.
  warnings.warn(
/Users/pooja/.gemini/antigravity/scratch/frappe_workspace/frappe-bench/env/lib/python3.11/site-packages/rq/connections.py:58: DeprecationWarning: The `push_connection` function is deprecated. Pass the `connection` explicitly instead.
  warnings.warn(
/Users/pooja/.gemini/antigravity/scratch/frappe_workspace/frappe-bench/env/lib/python3.11/site-packages/passlib/utils/__init__.py:854: DeprecationWarning: 'crypt' is deprecated and slated for removal in Python 3.13
  from crypt import crypt as _crypt
/Users/pooja/.gemini/antigravity/scratch/frappe_workspace/frappe-bench/env/lib/python3.11/site-packages/rq/connections.py:72: DeprecationWarning: The `pop_connection` function is deprecated. Pass the `connection` explicitly instead.
  warnings.warn(
/Users/pooja/.gemini/antigravity/scratch/frappe_workspace/frappe-bench/env/lib/python3.11/site-packages/rq/connections.py:58: DeprecationWarning: The `push_connection` function is deprecated. Pass the `connection` explicitly instead.
  warnings.warn(
/Users/pooja/.gemini/antigravity/scratch/frappe_workspace/frappe-bench/env/lib/python3.11/site-packages/passlib/utils/__init__.py:854: DeprecationWarning: 'crypt' is deprecated and slated for removal in Python 3.13
  from crypt import crypt as _crypt
/Users/pooja/.gemini/antigravity/scratch/frappe_workspace/frappe-bench/env/lib/python3.11/site-packages/rq/connections.py:72: DeprecationWarning: The `pop_connection` function is deprecated. Pass the `connection` explicitly instead.
  warnings.warn(
/Users/pooja/.gemini/antigravity/scratch/frappe_workspace/frappe-bench/env/lib/python3.11/site-packages/rq/connections.py:58: DeprecationWarning: The `push_connection` function is deprecated. Pass the `connection` explicitly instead.
  warnings.warn(
/Users/pooja/.gemini/antigravity/scratch/frappe_workspace/frappe-bench/env/lib/python3.11/site-packages/passlib/utils/__init__.py:854: DeprecationWarning: 'crypt' is deprecated and slated for removal in Python 3.13
  from crypt import crypt as _crypt
/Users/pooja/.gemini/antigravity/scratch/frappe_workspace/frappe-bench/env/lib/python3.11/site-packages/rq/connections.py:72: DeprecationWarning: The `pop_connection` function is deprecated. Pass the `connection` explicitly instead.
  warnings.warn(
/Users/pooja/.gemini/antigravity/scratch/frappe_workspace/frappe-bench/env/lib/python3.11/site-packages/rq/connections.py:58: DeprecationWarning: The `push_connection` function is deprecated. Pass the `connection` explicitly instead.
  warnings.warn(
/Users/pooja/.gemini/antigravity/scratch/frappe_workspace/frappe-bench/env/lib/python3.11/site-packages/passlib/utils/__init__.py:854: DeprecationWarning: 'crypt' is deprecated and slated for removal in Python 3.13
  from crypt import crypt as _crypt
/Users/pooja/.gemini/antigravity/scratch/frappe_workspace/frappe-bench/env/lib/python3.11/site-packages/rq/connections.py:72: DeprecationWarning: The `pop_connection` function is deprecated. Pass the `connection` explicitly instead.
  warnings.warn(
/Users/pooja/.gemini/antigravity/scratch/frappe_workspace/frappe-bench/env/lib/python3.11/site-packages/rq/connections.py:58: DeprecationWarning: The `push_connection` function is deprecated. Pass the `connection` explicitly instead.
  warnings.warn(
/Users/pooja/.gemini/antigravity/scratch/frappe_workspace/frappe-bench/env/lib/python3.11/site-packages/passlib/utils/__init__.py:854: DeprecationWarning: 'crypt' is deprecated and slated for removal in Python 3.13
  from crypt import crypt as _crypt
/Users/pooja/.gemini/antigravity/scratch/frappe_workspace/frappe-bench/env/lib/python3.11/site-packages/rq/connections.py:72: DeprecationWarning: The `pop_connection` function is deprecated. Pass the `connection` explicitly instead.
  warnings.warn(
/Users/pooja/.gemini/antigravity/scratch/frappe_workspace/frappe-bench/env/lib/python3.11/site-packages/rq/connections.py:58: DeprecationWarning: The `push_connection` function is deprecated. Pass the `connection` explicitly instead.
  warnings.warn(
/Users/pooja/.gemini/antigravity/scratch/frappe_workspace/frappe-bench/env/lib/python3.11/site-packages/passlib/utils/__init__.py:854: DeprecationWarning: 'crypt' is deprecated and slated for removal in Python 3.13
  from crypt import crypt as _crypt
/Users/pooja/.gemini/antigravity/scratch/frappe_workspace/frappe-bench/env/lib/python3.11/site-packages/rq/connections.py:72: DeprecationWarning: The `pop_connection` function is deprecated. Pass the `connection` explicitly instead.
  warnings.warn(
/Users/pooja/.gemini/antigravity/scratch/frappe_workspace/frappe-bench/env/lib/python3.11/site-packages/rq/connections.py:58: DeprecationWarning: The `push_connection` function is deprecated. Pass the `connection` explicitly instead.
  warnings.warn(
/Users/pooja/.gemini/antigravity/scratch/frappe_workspace/frappe-bench/env/lib/python3.11/site-packages/passlib/utils/__init__.py:854: DeprecationWarning: 'crypt' is deprecated and slated for removal in Python 3.13
  from crypt import crypt as _crypt
/Users/pooja/.gemini/antigravity/scratch/frappe_workspace/frappe-bench/env/lib/python3.11/site-packages/rq/connections.py:72: DeprecationWarning: The `pop_connection` function is deprecated. Pass the `connection` explicitly instead.
  warnings.warn(
/Users/pooja/.gemini/antigravity/scratch/frappe_workspace/frappe-bench/env/lib/python3.11/site-packages/rq/connections.py:58: DeprecationWarning: The `push_connection` function is deprecated. Pass the `connection` explicitly instead.
  warnings.warn(
/Users/pooja/.gemini/antigravity/scratch/frappe_workspace/frappe-bench/env/lib/python3.11/site-packages/passlib/utils/__init__.py:854: DeprecationWarning: 'crypt' is deprecated and slated for removal in Python 3.13
  from crypt import crypt as _crypt
/Users/pooja/.gemini/antigravity/scratch/frappe_workspace/frappe-bench/env/lib/python3.11/site-packages/rq/connections.py:72: DeprecationWarning: The `pop_connection` function is deprecated. Pass the `connection` explicitly instead.
  warnings.warn(
/Users/pooja/.gemini/antigravity/scratch/frappe_workspace/frappe-bench/env/lib/python3.11/site-packages/rq/connections.py:58: DeprecationWarning: The `push_connection` function is deprecated. Pass the `connection` explicitly instead.
  warnings.warn(
/Users/pooja/.gemini/antigravity/scratch/frappe_workspace/frappe-bench/env/lib/python3.11/site-packages/passlib/utils/__init__.py:854: DeprecationWarning: 'crypt' is deprecated and slated for removal in Python 3.13
  from crypt import crypt as _crypt
/Users/pooja/.gemini/antigravity/scratch/frappe_workspace/frappe-bench/env/lib/python3.11/site-packages/rq/connections.py:72: DeprecationWarning: The `pop_connection` function is deprecated. Pass the `connection` explicitly instead.
  warnings.warn(
/Users/pooja/.gemini/antigravity/scratch/frappe_workspace/frappe-bench/env/lib/python3.11/site-packages/rq/connections.py:58: DeprecationWarning: The `push_connection` function is deprecated. Pass the `connection` explicitly instead.
  warnings.warn(
/Users/pooja/.gemini/antigravity/scratch/frappe_workspace/frappe-bench/env/lib/python3.11/site-packages/passlib/utils/__init__.py:854: DeprecationWarning: 'crypt' is deprecated and slated for removal in Python 3.13
  from crypt import crypt as _crypt
/Users/pooja/.gemini/antigravity/scratch/frappe_workspace/frappe-bench/env/lib/python3.11/site-packages/rq/connections.py:72: DeprecationWarning: The `pop_connection` function is deprecated. Pass the `connection` explicitly instead.
  warnings.warn(
/Users/pooja/.gemini/antigravity/scratch/frappe_workspace/frappe-bench/env/lib/python3.11/site-packages/rq/connections.py:58: DeprecationWarning: The `push_connection` function is deprecated. Pass the `connection` explicitly instead.
  warnings.warn(
/Users/pooja/.gemini/antigravity/scratch/frappe_workspace/frappe-bench/env/lib/python3.11/site-packages/passlib/utils/__init__.py:854: DeprecationWarning: 'crypt' is deprecated and slated for removal in Python 3.13
  from crypt import crypt as _crypt
/Users/pooja/.gemini/antigravity/scratch/frappe_workspace/frappe-bench/env/lib/python3.11/site-packages/rq/connections.py:72: DeprecationWarning: The `pop_connection` function is deprecated. Pass the `connection` explicitly instead.
  warnings.warn(
/Users/pooja/.gemini/antigravity/scratch/frappe_workspace/frappe-bench/env/lib/python3.11/site-packages/rq/connections.py:58: DeprecationWarning: The `push_connection` function is deprecated. Pass the `connection` explicitly instead.
  warnings.warn(
/Users/pooja/.gemini/antigravity/scratch/frappe_workspace/frappe-bench/env/lib/python3.11/site-packages/passlib/utils/__init__.py:854: DeprecationWarning: 'crypt' is deprecated and slated for removal in Python 3.13
  from crypt import crypt as _crypt
/Users/pooja/.gemini/antigravity/scratch/frappe_workspace/frappe-bench/env/lib/python3.11/site-packages/rq/connections.py:72: DeprecationWarning: The `pop_connection` function is deprecated. Pass the `connection` explicitly instead.
  warnings.warn(
/Users/pooja/.gemini/antigravity/scratch/frappe_workspace/frappe-bench/env/lib/python3.11/site-packages/rq/connections.py:58: DeprecationWarning: The `push_connection` function is deprecated. Pass the `connection` explicitly instead.
  warnings.warn(
/Users/pooja/.gemini/antigravity/scratch/frappe_workspace/frappe-bench/env/lib/python3.11/site-packages/passlib/utils/__init__.py:854: DeprecationWarning: 'crypt' is deprecated and slated for removal in Python 3.13
  from crypt import crypt as _crypt
/Users/pooja/.gemini/antigravity/scratch/frappe_workspace/frappe-bench/env/lib/python3.11/site-packages/rq/connections.py:72: DeprecationWarning: The `pop_connection` function is deprecated. Pass the `connection` explicitly instead.
  warnings.warn(
/Users/pooja/.gemini/antigravity/scratch/frappe_workspace/frappe-bench/env/lib/python3.11/site-packages/rq/connections.py:58: DeprecationWarning: The `push_connection` function is deprecated. Pass the `connection` explicitly instead.
  warnings.warn(
/Users/pooja/.gemini/antigravity/scratch/frappe_workspace/frappe-bench/env/lib/python3.11/site-packages/passlib/utils/__init__.py:854: DeprecationWarning: 'crypt' is deprecated and slated for removal in Python 3.13
  from crypt import crypt as _crypt
/Users/pooja/.gemini/antigravity/scratch/frappe_workspace/frappe-bench/env/lib/python3.11/site-packages/rq/connections.py:72: DeprecationWarning: The `pop_connection` function is deprecated. Pass the `connection` explicitly instead.
  warnings.warn(
/Users/pooja/.gemini/antigravity/scratch/frappe_workspace/frappe-bench/env/lib/python3.11/site-packages/rq/connections.py:58: DeprecationWarning: The `push_connection` function is deprecated. Pass the `connection` explicitly instead.
  warnings.warn(
/Users/pooja/.gemini/antigravity/scratch/frappe_workspace/frappe-bench/env/lib/python3.11/site-packages/passlib/utils/__init__.py:854: DeprecationWarning: 'crypt' is deprecated and slated for removal in Python 3.13
  from crypt import crypt as _crypt
/Users/pooja/.gemini/antigravity/scratch/frappe_workspace/frappe-bench/env/lib/python3.11/site-packages/rq/connections.py:72: DeprecationWarning: The `pop_connection` function is deprecated. Pass the `connection` explicitly instead.
  warnings.warn(
/Users/pooja/.gemini/antigravity/scratch/frappe_workspace/frappe-bench/env/lib/python3.11/site-packages/rq/connections.py:58: DeprecationWarning: The `push_connection` function is deprecated. Pass the `connection` explicitly instead.
  warnings.warn(
/Users/pooja/.gemini/antigravity/scratch/frappe_workspace/frappe-bench/env/lib/python3.11/site-packages/passlib/utils/__init__.py:854: DeprecationWarning: 'crypt' is deprecated and slated for removal in Python 3.13
  from crypt import crypt as _crypt
/Users/pooja/.gemini/antigravity/scratch/frappe_workspace/frappe-bench/env/lib/python3.11/site-packages/rq/connections.py:72: DeprecationWarning: The `pop_connection` function is deprecated. Pass the `connection` explicitly instead.
  warnings.warn(
/Users/pooja/.gemini/antigravity/scratch/frappe_workspace/frappe-bench/env/lib/python3.11/site-packages/rq/connections.py:58: DeprecationWarning: The `push_connection` function is deprecated. Pass the `connection` explicitly instead.
  warnings.warn(
/Users/pooja/.gemini/antigravity/scratch/frappe_workspace/frappe-bench/env/lib/python3.11/site-packages/passlib/utils/__init__.py:854: DeprecationWarning: 'crypt' is deprecated and slated for removal in Python 3.13
  from crypt import crypt as _crypt
/Users/pooja/.gemini/antigravity/scratch/frappe_workspace/frappe-bench/env/lib/python3.11/site-packages/rq/connections.py:72: DeprecationWarning: The `pop_connection` function is deprecated. Pass the `connection` explicitly instead.
  warnings.warn(
/Users/pooja/.gemini/antigravity/scratch/frappe_workspace/frappe-bench/env/lib/python3.11/site-packages/rq/connections.py:58: DeprecationWarning: The `push_connection` function is deprecated. Pass the `connection` explicitly instead.
  warnings.warn(
/Users/pooja/.gemini/antigravity/scratch/frappe_workspace/frappe-bench/env/lib/python3.11/site-packages/passlib/utils/__init__.py:854: DeprecationWarning: 'crypt' is deprecated and slated for removal in Python 3.13
  from crypt import crypt as _crypt
/Users/pooja/.gemini/antigravity/scratch/frappe_workspace/frappe-bench/env/lib/python3.11/site-packages/rq/connections.py:72: DeprecationWarning: The `pop_connection` function is deprecated. Pass the `connection` explicitly instead.
  warnings.warn(
/Users/pooja/.gemini/antigravity/scratch/frappe_workspace/frappe-bench/env/lib/python3.11/site-packages/rq/connections.py:58: DeprecationWarning: The `push_connection` function is deprecated. Pass the `connection` explicitly instead.
  warnings.warn(
/Users/pooja/.gemini/antigravity/scratch/frappe_workspace/frappe-bench/env/lib/python3.11/site-packages/passlib/utils/__init__.py:854: DeprecationWarning: 'crypt' is deprecated and slated for removal in Python 3.13
  from crypt import crypt as _crypt
/Users/pooja/.gemini/antigravity/scratch/frappe_workspace/frappe-bench/env/lib/python3.11/site-packages/rq/connections.py:72: DeprecationWarning: The `pop_connection` function is deprecated. Pass the `connection` explicitly instead.
  warnings.warn(
/Users/pooja/.gemini/antigravity/scratch/frappe_workspace/frappe-bench/env/lib/python3.11/site-packages/rq/connections.py:58: DeprecationWarning: The `push_connection` function is deprecated. Pass the `connection` explicitly instead.
  warnings.warn(
/Users/pooja/.gemini/antigravity/scratch/frappe_workspace/frappe-bench/env/lib/python3.11/site-packages/passlib/utils/__init__.py:854: DeprecationWarning: 'crypt' is deprecated and slated for removal in Python 3.13
  from crypt import crypt as _crypt
/Users/pooja/.gemini/antigravity/scratch/frappe_workspace/frappe-bench/env/lib/python3.11/site-packages/rq/connections.py:72: DeprecationWarning: The `pop_connection` function is deprecated. Pass the `connection` explicitly instead.
  warnings.warn(
/Users/pooja/.gemini/antigravity/scratch/frappe_workspace/frappe-bench/env/lib/python3.11/site-packages/rq/connections.py:58: DeprecationWarning: The `push_connection` function is deprecated. Pass the `connection` explicitly instead.
  warnings.warn(
/Users/pooja/.gemini/antigravity/scratch/frappe_workspace/frappe-bench/env/lib/python3.11/site-packages/passlib/utils/__init__.py:854: DeprecationWarning: 'crypt' is deprecated and slated for removal in Python 3.13
  from crypt import crypt as _crypt
/Users/pooja/.gemini/antigravity/scratch/frappe_workspace/frappe-bench/env/lib/python3.11/site-packages/rq/connections.py:72: DeprecationWarning: The `pop_connection` function is deprecated. Pass the `connection` explicitly instead.
  warnings.warn(
/Users/pooja/.gemini/antigravity/scratch/frappe_workspace/frappe-bench/env/lib/python3.11/site-packages/rq/connections.py:58: DeprecationWarning: The `push_connection` function is deprecated. Pass the `connection` explicitly instead.
  warnings.warn(
/Users/pooja/.gemini/antigravity/scratch/frappe_workspace/frappe-bench/env/lib/python3.11/site-packages/passlib/utils/__init__.py:854: DeprecationWarning: 'crypt' is deprecated and slated for removal in Python 3.13
  from crypt import crypt as _crypt
/Users/pooja/.gemini/antigravity/scratch/frappe_workspace/frappe-bench/env/lib/python3.11/site-packages/rq/connections.py:72: DeprecationWarning: The `pop_connection` function is deprecated. Pass the `connection` explicitly instead.
  warnings.warn(
/Users/pooja/.gemini/antigravity/scratch/frappe_workspace/frappe-bench/env/lib/python3.11/site-packages/rq/connections.py:58: DeprecationWarning: The `push_connection` function is deprecated. Pass the `connection` explicitly instead.
  warnings.warn(
/Users/pooja/.gemini/antigravity/scratch/frappe_workspace/frappe-bench/env/lib/python3.11/site-packages/passlib/utils/__init__.py:854: DeprecationWarning: 'crypt' is deprecated and slated for removal in Python 3.13
  from crypt import crypt as _crypt
/Users/pooja/.gemini/antigravity/scratch/frappe_workspace/frappe-bench/env/lib/python3.11/site-packages/rq/connections.py:72: DeprecationWarning: The `pop_connection` function is deprecated. Pass the `connection` explicitly instead.
  warnings.warn(
/Users/pooja/.gemini/antigravity/scratch/frappe_workspace/frappe-bench/env/lib/python3.11/site-packages/rq/connections.py:58: DeprecationWarning: The `push_connection` function is deprecated. Pass the `connection` explicitly instead.
  warnings.warn(
/Users/pooja/.gemini/antigravity/scratch/frappe_workspace/frappe-bench/env/lib/python3.11/site-packages/passlib/utils/__init__.py:854: DeprecationWarning: 'crypt' is deprecated and slated for removal in Python 3.13
  from crypt import crypt as _crypt
/Users/pooja/.gemini/antigravity/scratch/frappe_workspace/frappe-bench/env/lib/python3.11/site-packages/rq/connections.py:72: DeprecationWarning: The `pop_connection` function is deprecated. Pass the `connection` explicitly instead.
  warnings.warn(
/Users/pooja/.gemini/antigravity/scratch/frappe_workspace/frappe-bench/env/lib/python3.11/site-packages/rq/connections.py:58: DeprecationWarning: The `push_connection` function is deprecated. Pass the `connection` explicitly instead.
  warnings.warn(
/Users/pooja/.gemini/antigravity/scratch/frappe_workspace/frappe-bench/env/lib/python3.11/site-packages/passlib/utils/__init__.py:854: DeprecationWarning: 'crypt' is deprecated and slated for removal in Python 3.13
  from crypt import crypt as _crypt
/Users/pooja/.gemini/antigravity/scratch/frappe_workspace/frappe-bench/env/lib/python3.11/site-packages/rq/connections.py:72: DeprecationWarning: The `pop_connection` function is deprecated. Pass the `connection` explicitly instead.
  warnings.warn(
/Users/pooja/.gemini/antigravity/scratch/frappe_workspace/frappe-bench/env/lib/python3.11/site-packages/rq/connections.py:58: DeprecationWarning: The `push_connection` function is deprecated. Pass the `connection` explicitly instead.
  warnings.warn(
/Users/pooja/.gemini/antigravity/scratch/frappe_workspace/frappe-bench/env/lib/python3.11/site-packages/passlib/utils/__init__.py:854: DeprecationWarning: 'crypt' is deprecated and slated for removal in Python 3.13
  from crypt import crypt as _crypt
/Users/pooja/.gemini/antigravity/scratch/frappe_workspace/frappe-bench/env/lib/python3.11/site-packages/rq/connections.py:72: DeprecationWarning: The `pop_connection` function is deprecated. Pass the `connection` explicitly instead.
  warnings.warn(
/Users/pooja/.gemini/antigravity/scratch/frappe_workspace/frappe-bench/env/lib/python3.11/site-packages/rq/connections.py:58: DeprecationWarning: The `push_connection` function is deprecated. Pass the `connection` explicitly instead.
  warnings.warn(
/Users/pooja/.gemini/antigravity/scratch/frappe_workspace/frappe-bench/env/lib/python3.11/site-packages/passlib/utils/__init__.py:854: DeprecationWarning: 'crypt' is deprecated and slated for removal in Python 3.13
  from crypt import crypt as _crypt
/Users/pooja/.gemini/antigravity/scratch/frappe_workspace/frappe-bench/env/lib/python3.11/site-packages/rq/connections.py:72: DeprecationWarning: The `pop_connection` function is deprecated. Pass the `connection` explicitly instead.
  warnings.warn(
/Users/pooja/.gemini/antigravity/scratch/frappe_workspace/frappe-bench/env/lib/python3.11/site-packages/rq/connections.py:58: DeprecationWarning: The `push_connection` function is deprecated. Pass the `connection` explicitly instead.
  warnings.warn(
/Users/pooja/.gemini/antigravity/scratch/frappe_workspace/frappe-bench/env/lib/python3.11/site-packages/passlib/utils/__init__.py:854: DeprecationWarning: 'crypt' is deprecated and slated for removal in Python 3.13
  from crypt import crypt as _crypt
/Users/pooja/.gemini/antigravity/scratch/frappe_workspace/frappe-bench/env/lib/python3.11/site-packages/rq/connections.py:72: DeprecationWarning: The `pop_connection` function is deprecated. Pass the `connection` explicitly instead.
  warnings.warn(
/Users/pooja/.gemini/antigravity/scratch/frappe_workspace/frappe-bench/env/lib/python3.11/site-packages/rq/connections.py:58: DeprecationWarning: The `push_connection` function is deprecated. Pass the `connection` explicitly instead.
  warnings.warn(
/Users/pooja/.gemini/antigravity/scratch/frappe_workspace/frappe-bench/env/lib/python3.11/site-packages/passlib/utils/__init__.py:854: DeprecationWarning: 'crypt' is deprecated and slated for removal in Python 3.13
  from crypt import crypt as _crypt
/Users/pooja/.gemini/antigravity/scratch/frappe_workspace/frappe-bench/env/lib/python3.11/site-packages/rq/connections.py:72: DeprecationWarning: The `pop_connection` function is deprecated. Pass the `connection` explicitly instead.
  warnings.warn(
/Users/pooja/.gemini/antigravity/scratch/frappe_workspace/frappe-bench/env/lib/python3.11/site-packages/rq/connections.py:58: DeprecationWarning: The `push_connection` function is deprecated. Pass the `connection` explicitly instead.
  warnings.warn(
/Users/pooja/.gemini/antigravity/scratch/frappe_workspace/frappe-bench/env/lib/python3.11/site-packages/passlib/utils/__init__.py:854: DeprecationWarning: 'crypt' is deprecated and slated for removal in Python 3.13
  from crypt import crypt as _crypt
/Users/pooja/.gemini/antigravity/scratch/frappe_workspace/frappe-bench/env/lib/python3.11/site-packages/rq/connections.py:72: DeprecationWarning: The `pop_connection` function is deprecated. Pass the `connection` explicitly instead.
  warnings.warn(
/Users/pooja/.gemini/antigravity/scratch/frappe_workspace/frappe-bench/env/lib/python3.11/site-packages/rq/connections.py:58: DeprecationWarning: The `push_connection` function is deprecated. Pass the `connection` explicitly instead.
  warnings.warn(
/Users/pooja/.gemini/antigravity/scratch/frappe_workspace/frappe-bench/env/lib/python3.11/site-packages/passlib/utils/__init__.py:854: DeprecationWarning: 'crypt' is deprecated and slated for removal in Python 3.13
  from crypt import crypt as _crypt
/Users/pooja/.gemini/antigravity/scratch/frappe_workspace/frappe-bench/env/lib/python3.11/site-packages/rq/connections.py:72: DeprecationWarning: The `pop_connection` function is deprecated. Pass the `connection` explicitly instead.
  warnings.warn(
/Users/pooja/.gemini/antigravity/scratch/frappe_workspace/frappe-bench/env/lib/python3.11/site-packages/rq/connections.py:58: DeprecationWarning: The `push_connection` function is deprecated. Pass the `connection` explicitly instead.
  warnings.warn(
/Users/pooja/.gemini/antigravity/scratch/frappe_workspace/frappe-bench/env/lib/python3.11/site-packages/passlib/utils/__init__.py:854: DeprecationWarning: 'crypt' is deprecated and slated for removal in Python 3.13
  from crypt import crypt as _crypt
/Users/pooja/.gemini/antigravity/scratch/frappe_workspace/frappe-bench/env/lib/python3.11/site-packages/rq/connections.py:72: DeprecationWarning: The `pop_connection` function is deprecated. Pass the `connection` explicitly instead.
  warnings.warn(
/Users/pooja/.gemini/antigravity/scratch/frappe_workspace/frappe-bench/env/lib/python3.11/site-packages/rq/connections.py:58: DeprecationWarning: The `push_connection` function is deprecated. Pass the `connection` explicitly instead.
  warnings.warn(
/Users/pooja/.gemini/antigravity/scratch/frappe_workspace/frappe-bench/env/lib/python3.11/site-packages/passlib/utils/__init__.py:854: DeprecationWarning: 'crypt' is deprecated and slated for removal in Python 3.13
  from crypt import crypt as _crypt
/Users/pooja/.gemini/antigravity/scratch/frappe_workspace/frappe-bench/env/lib/python3.11/site-packages/rq/connections.py:72: DeprecationWarning: The `pop_connection` function is deprecated. Pass the `connection` explicitly instead.
  warnings.warn(
/Users/pooja/.gemini/antigravity/scratch/frappe_workspace/frappe-bench/env/lib/python3.11/site-packages/rq/connections.py:58: DeprecationWarning: The `push_connection` function is deprecated. Pass the `connection` explicitly instead.
  warnings.warn(
/Users/pooja/.gemini/antigravity/scratch/frappe_workspace/frappe-bench/env/lib/python3.11/site-packages/passlib/utils/__init__.py:854: DeprecationWarning: 'crypt' is deprecated and slated for removal in Python 3.13
  from crypt import crypt as _crypt
/Users/pooja/.gemini/antigravity/scratch/frappe_workspace/frappe-bench/env/lib/python3.11/site-packages/rq/connections.py:72: DeprecationWarning: The `pop_connection` function is deprecated. Pass the `connection` explicitly instead.
  warnings.warn(
/Users/pooja/.gemini/antigravity/scratch/frappe_workspace/frappe-bench/env/lib/python3.11/site-packages/rq/connections.py:58: DeprecationWarning: The `push_connection` function is deprecated. Pass the `connection` explicitly instead.
  warnings.warn(
/Users/pooja/.gemini/antigravity/scratch/frappe_workspace/frappe-bench/env/lib/python3.11/site-packages/passlib/utils/__init__.py:854: DeprecationWarning: 'crypt' is deprecated and slated for removal in Python 3.13
  from crypt import crypt as _crypt
/Users/pooja/.gemini/antigravity/scratch/frappe_workspace/frappe-bench/env/lib/python3.11/site-packages/rq/connections.py:72: DeprecationWarning: The `pop_connection` function is deprecated. Pass the `connection` explicitly instead.
  warnings.warn(
/Users/pooja/.gemini/antigravity/scratch/frappe_workspace/frappe-bench/env/lib/python3.11/site-packages/rq/connections.py:58: DeprecationWarning: The `push_connection` function is deprecated. Pass the `connection` explicitly instead.
  warnings.warn(
/Users/pooja/.gemini/antigravity/scratch/frappe_workspace/frappe-bench/env/lib/python3.11/site-packages/passlib/utils/__init__.py:854: DeprecationWarning: 'crypt' is deprecated and slated for removal in Python 3.13
  from crypt import crypt as _crypt
/Users/pooja/.gemini/antigravity/scratch/frappe_workspace/frappe-bench/env/lib/python3.11/site-packages/rq/connections.py:72: DeprecationWarning: The `pop_connection` function is deprecated. Pass the `connection` explicitly instead.
  warnings.warn(
/Users/pooja/.gemini/antigravity/scratch/frappe_workspace/frappe-bench/env/lib/python3.11/site-packages/rq/connections.py:58: DeprecationWarning: The `push_connection` function is deprecated. Pass the `connection` explicitly instead.
  warnings.warn(
/Users/pooja/.gemini/antigravity/scratch/frappe_workspace/frappe-bench/env/lib/python3.11/site-packages/passlib/utils/__init__.py:854: DeprecationWarning: 'crypt' is deprecated and slated for removal in Python 3.13
  from crypt import crypt as _crypt
/Users/pooja/.gemini/antigravity/scratch/frappe_workspace/frappe-bench/env/lib/python3.11/site-packages/rq/connections.py:72: DeprecationWarning: The `pop_connection` function is deprecated. Pass the `connection` explicitly instead.
  warnings.warn(
/Users/pooja/.gemini/antigravity/scratch/frappe_workspace/frappe-bench/env/lib/python3.11/site-packages/rq/connections.py:58: DeprecationWarning: The `push_connection` function is deprecated. Pass the `connection` explicitly instead.
  warnings.warn(
/Users/pooja/.gemini/antigravity/scratch/frappe_workspace/frappe-bench/env/lib/python3.11/site-packages/passlib/utils/__init__.py:854: DeprecationWarning: 'crypt' is deprecated and slated for removal in Python 3.13
  from crypt import crypt as _crypt
/Users/pooja/.gemini/antigravity/scratch/frappe_workspace/frappe-bench/env/lib/python3.11/site-packages/rq/connections.py:72: DeprecationWarning: The `pop_connection` function is deprecated. Pass the `connection` explicitly instead.
  warnings.warn(
/Users/pooja/.gemini/antigravity/scratch/frappe_workspace/frappe-bench/env/lib/python3.11/site-packages/rq/connections.py:58: DeprecationWarning: The `push_connection` function is deprecated. Pass the `connection` explicitly instead.
  warnings.warn(
/Users/pooja/.gemini/antigravity/scratch/frappe_workspace/frappe-bench/env/lib/python3.11/site-packages/passlib/utils/__init__.py:854: DeprecationWarning: 'crypt' is deprecated and slated for removal in Python 3.13
  from crypt import crypt as _crypt
/Users/pooja/.gemini/antigravity/scratch/frappe_workspace/frappe-bench/env/lib/python3.11/site-packages/rq/connections.py:72: DeprecationWarning: The `pop_connection` function is deprecated. Pass the `connection` explicitly instead.
  warnings.warn(
/Users/pooja/.gemini/antigravity/scratch/frappe_workspace/frappe-bench/env/lib/python3.11/site-packages/rq/connections.py:58: DeprecationWarning: The `push_connection` function is deprecated. Pass the `connection` explicitly instead.
  warnings.warn(
/Users/pooja/.gemini/antigravity/scratch/frappe_workspace/frappe-bench/env/lib/python3.11/site-packages/passlib/utils/__init__.py:854: DeprecationWarning: 'crypt' is deprecated and slated for removal in Python 3.13
  from crypt import crypt as _crypt
/Users/pooja/.gemini/antigravity/scratch/frappe_workspace/frappe-bench/env/lib/python3.11/site-packages/rq/connections.py:72: DeprecationWarning: The `pop_connection` function is deprecated. Pass the `connection` explicitly instead.
  warnings.warn(
/Users/pooja/.gemini/antigravity/scratch/frappe_workspace/frappe-bench/env/lib/python3.11/site-packages/rq/connections.py:58: DeprecationWarning: The `push_connection` function is deprecated. Pass the `connection` explicitly instead.
  warnings.warn(
/Users/pooja/.gemini/antigravity/scratch/frappe_workspace/frappe-bench/env/lib/python3.11/site-packages/passlib/utils/__init__.py:854: DeprecationWarning: 'crypt' is deprecated and slated for removal in Python 3.13
  from crypt import crypt as _crypt
/Users/pooja/.gemini/antigravity/scratch/frappe_workspace/frappe-bench/env/lib/python3.11/site-packages/rq/connections.py:72: DeprecationWarning: The `pop_connection` function is deprecated. Pass the `connection` explicitly instead.
  warnings.warn(
/Users/pooja/.gemini/antigravity/scratch/frappe_workspace/frappe-bench/env/lib/python3.11/site-packages/rq/connections.py:58: DeprecationWarning: The `push_connection` function is deprecated. Pass the `connection` explicitly instead.
  warnings.warn(
/Users/pooja/.gemini/antigravity/scratch/frappe_workspace/frappe-bench/env/lib/python3.11/site-packages/passlib/utils/__init__.py:854: DeprecationWarning: 'crypt' is deprecated and slated for removal in Python 3.13
  from crypt import crypt as _crypt
/Users/pooja/.gemini/antigravity/scratch/frappe_workspace/frappe-bench/env/lib/python3.11/site-packages/rq/connections.py:72: DeprecationWarning: The `pop_connection` function is deprecated. Pass the `connection` explicitly instead.
  warnings.warn(
/Users/pooja/.gemini/antigravity/scratch/frappe_workspace/frappe-bench/env/lib/python3.11/site-packages/rq/connections.py:58: DeprecationWarning: The `push_connection` function is deprecated. Pass the `connection` explicitly instead.
  warnings.warn(
/Users/pooja/.gemini/antigravity/scratch/frappe_workspace/frappe-bench/env/lib/python3.11/site-packages/passlib/utils/__init__.py:854: DeprecationWarning: 'crypt' is deprecated and slated for removal in Python 3.13
  from crypt import crypt as _crypt
/Users/pooja/.gemini/antigravity/scratch/frappe_workspace/frappe-bench/env/lib/python3.11/site-packages/rq/connections.py:72: DeprecationWarning: The `pop_connection` function is deprecated. Pass the `connection` explicitly instead.
  warnings.warn(
/Users/pooja/.gemini/antigravity/scratch/frappe_workspace/frappe-bench/env/lib/python3.11/site-packages/rq/connections.py:58: DeprecationWarning: The `push_connection` function is deprecated. Pass the `connection` explicitly instead.
  warnings.warn(
/Users/pooja/.gemini/antigravity/scratch/frappe_workspace/frappe-bench/env/lib/python3.11/site-packages/passlib/utils/__init__.py:854: DeprecationWarning: 'crypt' is deprecated and slated for removal in Python 3.13
  from crypt import crypt as _crypt
/Users/pooja/.gemini/antigravity/scratch/frappe_workspace/frappe-bench/env/lib/python3.11/site-packages/rq/connections.py:72: DeprecationWarning: The `pop_connection` function is deprecated. Pass the `connection` explicitly instead.
  warnings.warn(
/Users/pooja/.gemini/antigravity/scratch/frappe_workspace/frappe-bench/env/lib/python3.11/site-packages/rq/connections.py:58: DeprecationWarning: The `push_connection` function is deprecated. Pass the `connection` explicitly instead.
  warnings.warn(
/Users/pooja/.gemini/antigravity/scratch/frappe_workspace/frappe-bench/env/lib/python3.11/site-packages/passlib/utils/__init__.py:854: DeprecationWarning: 'crypt' is deprecated and slated for removal in Python 3.13
  from crypt import crypt as _crypt
/Users/pooja/.gemini/antigravity/scratch/frappe_workspace/frappe-bench/env/lib/python3.11/site-packages/rq/connections.py:72: DeprecationWarning: The `pop_connection` function is deprecated. Pass the `connection` explicitly instead.
  warnings.warn(
/Users/pooja/.gemini/antigravity/scratch/frappe_workspace/frappe-bench/env/lib/python3.11/site-packages/rq/connections.py:58: DeprecationWarning: The `push_connection` function is deprecated. Pass the `connection` explicitly instead.
  warnings.warn(
/Users/pooja/.gemini/antigravity/scratch/frappe_workspace/frappe-bench/env/lib/python3.11/site-packages/passlib/utils/__init__.py:854: DeprecationWarning: 'crypt' is deprecated and slated for removal in Python 3.13
  from crypt import crypt as _crypt
/Users/pooja/.gemini/antigravity/scratch/frappe_workspace/frappe-bench/env/lib/python3.11/site-packages/rq/connections.py:72: DeprecationWarning: The `pop_connection` function is deprecated. Pass the `connection` explicitly instead.
  warnings.warn(
/Users/pooja/.gemini/antigravity/scratch/frappe_workspace/frappe-bench/env/lib/python3.11/site-packages/rq/connections.py:58: DeprecationWarning: The `push_connection` function is deprecated. Pass the `connection` explicitly instead.
  warnings.warn(
/Users/pooja/.gemini/antigravity/scratch/frappe_workspace/frappe-bench/env/lib/python3.11/site-packages/passlib/utils/__init__.py:854: DeprecationWarning: 'crypt' is deprecated and slated for removal in Python 3.13
  from crypt import crypt as _crypt
/Users/pooja/.gemini/antigravity/scratch/frappe_workspace/frappe-bench/env/lib/python3.11/site-packages/rq/connections.py:72: DeprecationWarning: The `pop_connection` function is deprecated. Pass the `connection` explicitly instead.
  warnings.warn(
/Users/pooja/.gemini/antigravity/scratch/frappe_workspace/frappe-bench/env/lib/python3.11/site-packages/rq/connections.py:58: DeprecationWarning: The `push_connection` function is deprecated. Pass the `connection` explicitly instead.
  warnings.warn(
/Users/pooja/.gemini/antigravity/scratch/frappe_workspace/frappe-bench/env/lib/python3.11/site-packages/passlib/utils/__init__.py:854: DeprecationWarning: 'crypt' is deprecated and slated for removal in Python 3.13
  from crypt import crypt as _crypt
/Users/pooja/.gemini/antigravity/scratch/frappe_workspace/frappe-bench/env/lib/python3.11/site-packages/rq/connections.py:72: DeprecationWarning: The `pop_connection` function is deprecated. Pass the `connection` explicitly instead.
  warnings.warn(
/Users/pooja/.gemini/antigravity/scratch/frappe_workspace/frappe-bench/env/lib/python3.11/site-packages/rq/connections.py:58: DeprecationWarning: The `push_connection` function is deprecated. Pass the `connection` explicitly instead.
  warnings.warn(
/Users/pooja/.gemini/antigravity/scratch/frappe_workspace/frappe-bench/env/lib/python3.11/site-packages/passlib/utils/__init__.py:854: DeprecationWarning: 'crypt' is deprecated and slated for removal in Python 3.13
  from crypt import crypt as _crypt
/Users/pooja/.gemini/antigravity/scratch/frappe_workspace/frappe-bench/env/lib/python3.11/site-packages/rq/connections.py:72: DeprecationWarning: The `pop_connection` function is deprecated. Pass the `connection` explicitly instead.
  warnings.warn(
/Users/pooja/.gemini/antigravity/scratch/frappe_workspace/frappe-bench/env/lib/python3.11/site-packages/rq/connections.py:58: DeprecationWarning: The `push_connection` function is deprecated. Pass the `connection` explicitly instead.
  warnings.warn(
/Users/pooja/.gemini/antigravity/scratch/frappe_workspace/frappe-bench/env/lib/python3.11/site-packages/passlib/utils/__init__.py:854: DeprecationWarning: 'crypt' is deprecated and slated for removal in Python 3.13
  from crypt import crypt as _crypt
/Users/pooja/.gemini/antigravity/scratch/frappe_workspace/frappe-bench/env/lib/python3.11/site-packages/rq/connections.py:72: DeprecationWarning: The `pop_connection` function is deprecated. Pass the `connection` explicitly instead.
  warnings.warn(
/Users/pooja/.gemini/antigravity/scratch/frappe_workspace/frappe-bench/env/lib/python3.11/site-packages/rq/connections.py:58: DeprecationWarning: The `push_connection` function is deprecated. Pass the `connection` explicitly instead.
  warnings.warn(
/Users/pooja/.gemini/antigravity/scratch/frappe_workspace/frappe-bench/env/lib/python3.11/site-packages/passlib/utils/__init__.py:854: DeprecationWarning: 'crypt' is deprecated and slated for removal in Python 3.13
  from crypt import crypt as _crypt
/Users/pooja/.gemini/antigravity/scratch/frappe_workspace/frappe-bench/env/lib/python3.11/site-packages/rq/connections.py:72: DeprecationWarning: The `pop_connection` function is deprecated. Pass the `connection` explicitly instead.
  warnings.warn(
/Users/pooja/.gemini/antigravity/scratch/frappe_workspace/frappe-bench/env/lib/python3.11/site-packages/rq/connections.py:58: DeprecationWarning: The `push_connection` function is deprecated. Pass the `connection` explicitly instead.
  warnings.warn(
/Users/pooja/.gemini/antigravity/scratch/frappe_workspace/frappe-bench/env/lib/python3.11/site-packages/passlib/utils/__init__.py:854: DeprecationWarning: 'crypt' is deprecated and slated for removal in Python 3.13
  from crypt import crypt as _crypt
/Users/pooja/.gemini/antigravity/scratch/frappe_workspace/frappe-bench/env/lib/python3.11/site-packages/rq/connections.py:72: DeprecationWarning: The `pop_connection` function is deprecated. Pass the `connection` explicitly instead.
  warnings.warn(
/Users/pooja/.gemini/antigravity/scratch/frappe_workspace/frappe-bench/env/lib/python3.11/site-packages/rq/connections.py:58: DeprecationWarning: The `push_connection` function is deprecated. Pass the `connection` explicitly instead.
  warnings.warn(
/Users/pooja/.gemini/antigravity/scratch/frappe_workspace/frappe-bench/env/lib/python3.11/site-packages/passlib/utils/__init__.py:854: DeprecationWarning: 'crypt' is deprecated and slated for removal in Python 3.13
  from crypt import crypt as _crypt
/Users/pooja/.gemini/antigravity/scratch/frappe_workspace/frappe-bench/env/lib/python3.11/site-packages/rq/connections.py:72: DeprecationWarning: The `pop_connection` function is deprecated. Pass the `connection` explicitly instead.
  warnings.warn(
/Users/pooja/.gemini/antigravity/scratch/frappe_workspace/frappe-bench/env/lib/python3.11/site-packages/rq/connections.py:58: DeprecationWarning: The `push_connection` function is deprecated. Pass the `connection` explicitly instead.
  warnings.warn(
/Users/pooja/.gemini/antigravity/scratch/frappe_workspace/frappe-bench/env/lib/python3.11/site-packages/passlib/utils/__init__.py:854: DeprecationWarning: 'crypt' is deprecated and slated for removal in Python 3.13
  from crypt import crypt as _crypt
/Users/pooja/.gemini/antigravity/scratch/frappe_workspace/frappe-bench/env/lib/python3.11/site-packages/rq/connections.py:72: DeprecationWarning: The `pop_connection` function is deprecated. Pass the `connection` explicitly instead.
  warnings.warn(
/Users/pooja/.gemini/antigravity/scratch/frappe_workspace/frappe-bench/env/lib/python3.11/site-packages/rq/connections.py:58: DeprecationWarning: The `push_connection` function is deprecated. Pass the `connection` explicitly instead.
  warnings.warn(
/Users/pooja/.gemini/antigravity/scratch/frappe_workspace/frappe-bench/env/lib/python3.11/site-packages/passlib/utils/__init__.py:854: DeprecationWarning: 'crypt' is deprecated and slated for removal in Python 3.13
  from crypt import crypt as _crypt
/Users/pooja/.gemini/antigravity/scratch/frappe_workspace/frappe-bench/env/lib/python3.11/site-packages/rq/connections.py:72: DeprecationWarning: The `pop_connection` function is deprecated. Pass the `connection` explicitly instead.
  warnings.warn(
/Users/pooja/.gemini/antigravity/scratch/frappe_workspace/frappe-bench/env/lib/python3.11/site-packages/rq/connections.py:58: DeprecationWarning: The `push_connection` function is deprecated. Pass the `connection` explicitly instead.
  warnings.warn(
/Users/pooja/.gemini/antigravity/scratch/frappe_workspace/frappe-bench/env/lib/python3.11/site-packages/passlib/utils/__init__.py:854: DeprecationWarning: 'crypt' is deprecated and slated for removal in Python 3.13
  from crypt import crypt as _crypt
/Users/pooja/.gemini/antigravity/scratch/frappe_workspace/frappe-bench/env/lib/python3.11/site-packages/rq/connections.py:72: DeprecationWarning: The `pop_connection` function is deprecated. Pass the `connection` explicitly instead.
  warnings.warn(
/Users/pooja/.gemini/antigravity/scratch/frappe_workspace/frappe-bench/env/lib/python3.11/site-packages/rq/connections.py:58: DeprecationWarning: The `push_connection` function is deprecated. Pass the `connection` explicitly instead.
  warnings.warn(
/Users/pooja/.gemini/antigravity/scratch/frappe_workspace/frappe-bench/env/lib/python3.11/site-packages/passlib/utils/__init__.py:854: DeprecationWarning: 'crypt' is deprecated and slated for removal in Python 3.13
  from crypt import crypt as _crypt
/Users/pooja/.gemini/antigravity/scratch/frappe_workspace/frappe-bench/env/lib/python3.11/site-packages/rq/connections.py:72: DeprecationWarning: The `pop_connection` function is deprecated. Pass the `connection` explicitly instead.
  warnings.warn(
/Users/pooja/.gemini/antigravity/scratch/frappe_workspace/frappe-bench/env/lib/python3.11/site-packages/rq/connections.py:58: DeprecationWarning: The `push_connection` function is deprecated. Pass the `connection` explicitly instead.
  warnings.warn(
/Users/pooja/.gemini/antigravity/scratch/frappe_workspace/frappe-bench/env/lib/python3.11/site-packages/passlib/utils/__init__.py:854: DeprecationWarning: 'crypt' is deprecated and slated for removal in Python 3.13
  from crypt import crypt as _crypt
/Users/pooja/.gemini/antigravity/scratch/frappe_workspace/frappe-bench/env/lib/python3.11/site-packages/rq/connections.py:72: DeprecationWarning: The `pop_connection` function is deprecated. Pass the `connection` explicitly instead.
  warnings.warn(
/Users/pooja/.gemini/antigravity/scratch/frappe_workspace/frappe-bench/env/lib/python3.11/site-packages/rq/connections.py:58: DeprecationWarning: The `push_connection` function is deprecated. Pass the `connection` explicitly instead.
  warnings.warn(
/Users/pooja/.gemini/antigravity/scratch/frappe_workspace/frappe-bench/env/lib/python3.11/site-packages/passlib/utils/__init__.py:854: DeprecationWarning: 'crypt' is deprecated and slated for removal in Python 3.13
  from crypt import crypt as _crypt
/Users/pooja/.gemini/antigravity/scratch/frappe_workspace/frappe-bench/env/lib/python3.11/site-packages/rq/connections.py:72: DeprecationWarning: The `pop_connection` function is deprecated. Pass the `connection` explicitly instead.
  warnings.warn(
/Users/pooja/.gemini/antigravity/scratch/frappe_workspace/frappe-bench/env/lib/python3.11/site-packages/rq/connections.py:58: DeprecationWarning: The `push_connection` function is deprecated. Pass the `connection` explicitly instead.
  warnings.warn(
/Users/pooja/.gemini/antigravity/scratch/frappe_workspace/frappe-bench/env/lib/python3.11/site-packages/passlib/utils/__init__.py:854: DeprecationWarning: 'crypt' is deprecated and slated for removal in Python 3.13
  from crypt import crypt as _crypt
/Users/pooja/.gemini/antigravity/scratch/frappe_workspace/frappe-bench/env/lib/python3.11/site-packages/rq/connections.py:72: DeprecationWarning: The `pop_connection` function is deprecated. Pass the `connection` explicitly instead.
  warnings.warn(
/Users/pooja/.gemini/antigravity/scratch/frappe_workspace/frappe-bench/env/lib/python3.11/site-packages/rq/connections.py:58: DeprecationWarning: The `push_connection` function is deprecated. Pass the `connection` explicitly instead.
  warnings.warn(
/Users/pooja/.gemini/antigravity/scratch/frappe_workspace/frappe-bench/env/lib/python3.11/site-packages/passlib/utils/__init__.py:854: DeprecationWarning: 'crypt' is deprecated and slated for removal in Python 3.13
  from crypt import crypt as _crypt
/Users/pooja/.gemini/antigravity/scratch/frappe_workspace/frappe-bench/env/lib/python3.11/site-packages/rq/connections.py:72: DeprecationWarning: The `pop_connection` function is deprecated. Pass the `connection` explicitly instead.
  warnings.warn(
/Users/pooja/.gemini/antigravity/scratch/frappe_workspace/frappe-bench/env/lib/python3.11/site-packages/rq/connections.py:58: DeprecationWarning: The `push_connection` function is deprecated. Pass the `connection` explicitly instead.
  warnings.warn(
/Users/pooja/.gemini/antigravity/scratch/frappe_workspace/frappe-bench/env/lib/python3.11/site-packages/passlib/utils/__init__.py:854: DeprecationWarning: 'crypt' is deprecated and slated for removal in Python 3.13
  from crypt import crypt as _crypt
/Users/pooja/.gemini/antigravity/scratch/frappe_workspace/frappe-bench/env/lib/python3.11/site-packages/rq/connections.py:72: DeprecationWarning: The `pop_connection` function is deprecated. Pass the `connection` explicitly instead.
  warnings.warn(
/Users/pooja/.gemini/antigravity/scratch/frappe_workspace/frappe-bench/env/lib/python3.11/site-packages/rq/connections.py:58: DeprecationWarning: The `push_connection` function is deprecated. Pass the `connection` explicitly instead.
  warnings.warn(
/Users/pooja/.gemini/antigravity/scratch/frappe_workspace/frappe-bench/env/lib/python3.11/site-packages/passlib/utils/__init__.py:854: DeprecationWarning: 'crypt' is deprecated and slated for removal in Python 3.13
  from crypt import crypt as _crypt
/Users/pooja/.gemini/antigravity/scratch/frappe_workspace/frappe-bench/env/lib/python3.11/site-packages/rq/connections.py:72: DeprecationWarning: The `pop_connection` function is deprecated. Pass the `connection` explicitly instead.
  warnings.warn(
/Users/pooja/.gemini/antigravity/scratch/frappe_workspace/frappe-bench/env/lib/python3.11/site-packages/rq/connections.py:58: DeprecationWarning: The `push_connection` function is deprecated. Pass the `connection` explicitly instead.
  warnings.warn(
/Users/pooja/.gemini/antigravity/scratch/frappe_workspace/frappe-bench/env/lib/python3.11/site-packages/passlib/utils/__init__.py:854: DeprecationWarning: 'crypt' is deprecated and slated for removal in Python 3.13
  from crypt import crypt as _crypt
/Users/pooja/.gemini/antigravity/scratch/frappe_workspace/frappe-bench/env/lib/python3.11/site-packages/rq/connections.py:72: DeprecationWarning: The `pop_connection` function is deprecated. Pass the `connection` explicitly instead.
  warnings.warn(
/Users/pooja/.gemini/antigravity/scratch/frappe_workspace/frappe-bench/env/lib/python3.11/site-packages/rq/connections.py:58: DeprecationWarning: The `push_connection` function is deprecated. Pass the `connection` explicitly instead.
  warnings.warn(
/Users/pooja/.gemini/antigravity/scratch/frappe_workspace/frappe-bench/env/lib/python3.11/site-packages/passlib/utils/__init__.py:854: DeprecationWarning: 'crypt' is deprecated and slated for removal in Python 3.13
  from crypt import crypt as _crypt
/Users/pooja/.gemini/antigravity/scratch/frappe_workspace/frappe-bench/env/lib/python3.11/site-packages/rq/connections.py:72: DeprecationWarning: The `pop_connection` function is deprecated. Pass the `connection` explicitly instead.
  warnings.warn(
/Users/pooja/.gemini/antigravity/scratch/frappe_workspace/frappe-bench/env/lib/python3.11/site-packages/rq/connections.py:58: DeprecationWarning: The `push_connection` function is deprecated. Pass the `connection` explicitly instead.
  warnings.warn(
/Users/pooja/.gemini/antigravity/scratch/frappe_workspace/frappe-bench/env/lib/python3.11/site-packages/passlib/utils/__init__.py:854: DeprecationWarning: 'crypt' is deprecated and slated for removal in Python 3.13
  from crypt import crypt as _crypt
/Users/pooja/.gemini/antigravity/scratch/frappe_workspace/frappe-bench/env/lib/python3.11/site-packages/rq/connections.py:72: DeprecationWarning: The `pop_connection` function is deprecated. Pass the `connection` explicitly instead.
  warnings.warn(
/Users/pooja/.gemini/antigravity/scratch/frappe_workspace/frappe-bench/env/lib/python3.11/site-packages/rq/connections.py:58: DeprecationWarning: The `push_connection` function is deprecated. Pass the `connection` explicitly instead.
  warnings.warn(
/Users/pooja/.gemini/antigravity/scratch/frappe_workspace/frappe-bench/env/lib/python3.11/site-packages/passlib/utils/__init__.py:854: DeprecationWarning: 'crypt' is deprecated and slated for removal in Python 3.13
  from crypt import crypt as _crypt
/Users/pooja/.gemini/antigravity/scratch/frappe_workspace/frappe-bench/env/lib/python3.11/site-packages/rq/connections.py:72: DeprecationWarning: The `pop_connection` function is deprecated. Pass the `connection` explicitly instead.
  warnings.warn(
/Users/pooja/.gemini/antigravity/scratch/frappe_workspace/frappe-bench/env/lib/python3.11/site-packages/rq/connections.py:58: DeprecationWarning: The `push_connection` function is deprecated. Pass the `connection` explicitly instead.
  warnings.warn(
/Users/pooja/.gemini/antigravity/scratch/frappe_workspace/frappe-bench/env/lib/python3.11/site-packages/passlib/utils/__init__.py:854: DeprecationWarning: 'crypt' is deprecated and slated for removal in Python 3.13
  from crypt import crypt as _crypt
/Users/pooja/.gemini/antigravity/scratch/frappe_workspace/frappe-bench/env/lib/python3.11/site-packages/rq/connections.py:72: DeprecationWarning: The `pop_connection` function is deprecated. Pass the `connection` explicitly instead.
  warnings.warn(
/Users/pooja/.gemini/antigravity/scratch/frappe_workspace/frappe-bench/env/lib/python3.11/site-packages/rq/connections.py:58: DeprecationWarning: The `push_connection` function is deprecated. Pass the `connection` explicitly instead.
  warnings.warn(
/Users/pooja/.gemini/antigravity/scratch/frappe_workspace/frappe-bench/env/lib/python3.11/site-packages/passlib/utils/__init__.py:854: DeprecationWarning: 'crypt' is deprecated and slated for removal in Python 3.13
  from crypt import crypt as _crypt
/Users/pooja/.gemini/antigravity/scratch/frappe_workspace/frappe-bench/env/lib/python3.11/site-packages/rq/connections.py:72: DeprecationWarning: The `pop_connection` function is deprecated. Pass the `connection` explicitly instead.
  warnings.warn(
/Users/pooja/.gemini/antigravity/scratch/frappe_workspace/frappe-bench/env/lib/python3.11/site-packages/rq/connections.py:58: DeprecationWarning: The `push_connection` function is deprecated. Pass the `connection` explicitly instead.
  warnings.warn(
/Users/pooja/.gemini/antigravity/scratch/frappe_workspace/frappe-bench/env/lib/python3.11/site-packages/passlib/utils/__init__.py:854: DeprecationWarning: 'crypt' is deprecated and slated for removal in Python 3.13
  from crypt import crypt as _crypt
/Users/pooja/.gemini/antigravity/scratch/frappe_workspace/frappe-bench/env/lib/python3.11/site-packages/rq/connections.py:72: DeprecationWarning: The `pop_connection` function is deprecated. Pass the `connection` explicitly instead.
  warnings.warn(
/Users/pooja/.gemini/antigravity/scratch/frappe_workspace/frappe-bench/env/lib/python3.11/site-packages/rq/connections.py:58: DeprecationWarning: The `push_connection` function is deprecated. Pass the `connection` explicitly instead.
  warnings.warn(
/Users/pooja/.gemini/antigravity/scratch/frappe_workspace/frappe-bench/env/lib/python3.11/site-packages/passlib/utils/__init__.py:854: DeprecationWarning: 'crypt' is deprecated and slated for removal in Python 3.13
  from crypt import crypt as _crypt
/Users/pooja/.gemini/antigravity/scratch/frappe_workspace/frappe-bench/env/lib/python3.11/site-packages/rq/connections.py:72: DeprecationWarning: The `pop_connection` function is deprecated. Pass the `connection` explicitly instead.
  warnings.warn(
/Users/pooja/.gemini/antigravity/scratch/frappe_workspace/frappe-bench/env/lib/python3.11/site-packages/rq/connections.py:58: DeprecationWarning: The `push_connection` function is deprecated. Pass the `connection` explicitly instead.
  warnings.warn(
/Users/pooja/.gemini/antigravity/scratch/frappe_workspace/frappe-bench/env/lib/python3.11/site-packages/passlib/utils/__init__.py:854: DeprecationWarning: 'crypt' is deprecated and slated for removal in Python 3.13
  from crypt import crypt as _crypt
/Users/pooja/.gemini/antigravity/scratch/frappe_workspace/frappe-bench/env/lib/python3.11/site-packages/rq/connections.py:72: DeprecationWarning: The `pop_connection` function is deprecated. Pass the `connection` explicitly instead.
  warnings.warn(
/Users/pooja/.gemini/antigravity/scratch/frappe_workspace/frappe-bench/env/lib/python3.11/site-packages/rq/connections.py:58: DeprecationWarning: The `push_connection` function is deprecated. Pass the `connection` explicitly instead.
  warnings.warn(
/Users/pooja/.gemini/antigravity/scratch/frappe_workspace/frappe-bench/env/lib/python3.11/site-packages/passlib/utils/__init__.py:854: DeprecationWarning: 'crypt' is deprecated and slated for removal in Python 3.13
  from crypt import crypt as _crypt
/Users/pooja/.gemini/antigravity/scratch/frappe_workspace/frappe-bench/env/lib/python3.11/site-packages/rq/connections.py:72: DeprecationWarning: The `pop_connection` function is deprecated. Pass the `connection` explicitly instead.
  warnings.warn(
/Users/pooja/.gemini/antigravity/scratch/frappe_workspace/frappe-bench/env/lib/python3.11/site-packages/rq/connections.py:58: DeprecationWarning: The `push_connection` function is deprecated. Pass the `connection` explicitly instead.
  warnings.warn(
/Users/pooja/.gemini/antigravity/scratch/frappe_workspace/frappe-bench/env/lib/python3.11/site-packages/passlib/utils/__init__.py:854: DeprecationWarning: 'crypt' is deprecated and slated for removal in Python 3.13
  from crypt import crypt as _crypt
/Users/pooja/.gemini/antigravity/scratch/frappe_workspace/frappe-bench/env/lib/python3.11/site-packages/rq/connections.py:72: DeprecationWarning: The `pop_connection` function is deprecated. Pass the `connection` explicitly instead.
  warnings.warn(
/Users/pooja/.gemini/antigravity/scratch/frappe_workspace/frappe-bench/env/lib/python3.11/site-packages/rq/connections.py:58: DeprecationWarning: The `push_connection` function is deprecated. Pass the `connection` explicitly instead.
  warnings.warn(
/Users/pooja/.gemini/antigravity/scratch/frappe_workspace/frappe-bench/env/lib/python3.11/site-packages/passlib/utils/__init__.py:854: DeprecationWarning: 'crypt' is deprecated and slated for removal in Python 3.13
  from crypt import crypt as _crypt
/Users/pooja/.gemini/antigravity/scratch/frappe_workspace/frappe-bench/env/lib/python3.11/site-packages/rq/connections.py:72: DeprecationWarning: The `pop_connection` function is deprecated. Pass the `connection` explicitly instead.
  warnings.warn(
/Users/pooja/.gemini/antigravity/scratch/frappe_workspace/frappe-bench/env/lib/python3.11/site-packages/rq/connections.py:58: DeprecationWarning: The `push_connection` function is deprecated. Pass the `connection` explicitly instead.
  warnings.warn(
/Users/pooja/.gemini/antigravity/scratch/frappe_workspace/frappe-bench/env/lib/python3.11/site-packages/passlib/utils/__init__.py:854: DeprecationWarning: 'crypt' is deprecated and slated for removal in Python 3.13
  from crypt import crypt as _crypt
/Users/pooja/.gemini/antigravity/scratch/frappe_workspace/frappe-bench/env/lib/python3.11/site-packages/rq/connections.py:72: DeprecationWarning: The `pop_connection` function is deprecated. Pass the `connection` explicitly instead.
  warnings.warn(
/Users/pooja/.gemini/antigravity/scratch/frappe_workspace/frappe-bench/env/lib/python3.11/site-packages/rq/connections.py:58: DeprecationWarning: The `push_connection` function is deprecated. Pass the `connection` explicitly instead.
  warnings.warn(
/Users/pooja/.gemini/antigravity/scratch/frappe_workspace/frappe-bench/env/lib/python3.11/site-packages/passlib/utils/__init__.py:854: DeprecationWarning: 'crypt' is deprecated and slated for removal in Python 3.13
  from crypt import crypt as _crypt
/Users/pooja/.gemini/antigravity/scratch/frappe_workspace/frappe-bench/env/lib/python3.11/site-packages/rq/connections.py:72: DeprecationWarning: The `pop_connection` function is deprecated. Pass the `connection` explicitly instead.
  warnings.warn(
/Users/pooja/.gemini/antigravity/scratch/frappe_workspace/frappe-bench/env/lib/python3.11/site-packages/rq/connections.py:58: DeprecationWarning: The `push_connection` function is deprecated. Pass the `connection` explicitly instead.
  warnings.warn(
/Users/pooja/.gemini/antigravity/scratch/frappe_workspace/frappe-bench/env/lib/python3.11/site-packages/passlib/utils/__init__.py:854: DeprecationWarning: 'crypt' is deprecated and slated for removal in Python 3.13
  from crypt import crypt as _crypt
/Users/pooja/.gemini/antigravity/scratch/frappe_workspace/frappe-bench/env/lib/python3.11/site-packages/rq/connections.py:72: DeprecationWarning: The `pop_connection` function is deprecated. Pass the `connection` explicitly instead.
  warnings.warn(
/Users/pooja/.gemini/antigravity/scratch/frappe_workspace/frappe-bench/env/lib/python3.11/site-packages/rq/connections.py:58: DeprecationWarning: The `push_connection` function is deprecated. Pass the `connection` explicitly instead.
  warnings.warn(
/Users/pooja/.gemini/antigravity/scratch/frappe_workspace/frappe-bench/env/lib/python3.11/site-packages/passlib/utils/__init__.py:854: DeprecationWarning: 'crypt' is deprecated and slated for removal in Python 3.13
  from crypt import crypt as _crypt
/Users/pooja/.gemini/antigravity/scratch/frappe_workspace/frappe-bench/env/lib/python3.11/site-packages/rq/connections.py:72: DeprecationWarning: The `pop_connection` function is deprecated. Pass the `connection` explicitly instead.
  warnings.warn(
/Users/pooja/.gemini/antigravity/scratch/frappe_workspace/frappe-bench/env/lib/python3.11/site-packages/rq/connections.py:58: DeprecationWarning: The `push_connection` function is deprecated. Pass the `connection` explicitly instead.
  warnings.warn(
/Users/pooja/.gemini/antigravity/scratch/frappe_workspace/frappe-bench/env/lib/python3.11/site-packages/passlib/utils/__init__.py:854: DeprecationWarning: 'crypt' is deprecated and slated for removal in Python 3.13
  from crypt import crypt as _crypt
/Users/pooja/.gemini/antigravity/scratch/frappe_workspace/frappe-bench/env/lib/python3.11/site-packages/rq/connections.py:72: DeprecationWarning: The `pop_connection` function is deprecated. Pass the `connection` explicitly instead.
  warnings.warn(
/Users/pooja/.gemini/antigravity/scratch/frappe_workspace/frappe-bench/env/lib/python3.11/site-packages/rq/connections.py:58: DeprecationWarning: The `push_connection` function is deprecated. Pass the `connection` explicitly instead.
  warnings.warn(
/Users/pooja/.gemini/antigravity/scratch/frappe_workspace/frappe-bench/env/lib/python3.11/site-packages/passlib/utils/__init__.py:854: DeprecationWarning: 'crypt' is deprecated and slated for removal in Python 3.13
  from crypt import crypt as _crypt
/Users/pooja/.gemini/antigravity/scratch/frappe_workspace/frappe-bench/env/lib/python3.11/site-packages/rq/connections.py:72: DeprecationWarning: The `pop_connection` function is deprecated. Pass the `connection` explicitly instead.
  warnings.warn(
/Users/pooja/.gemini/antigravity/scratch/frappe_workspace/frappe-bench/env/lib/python3.11/site-packages/rq/connections.py:58: DeprecationWarning: The `push_connection` function is deprecated. Pass the `connection` explicitly instead.
  warnings.warn(
/Users/pooja/.gemini/antigravity/scratch/frappe_workspace/frappe-bench/env/lib/python3.11/site-packages/passlib/utils/__init__.py:854: DeprecationWarning: 'crypt' is deprecated and slated for removal in Python 3.13
  from crypt import crypt as _crypt
/Users/pooja/.gemini/antigravity/scratch/frappe_workspace/frappe-bench/env/lib/python3.11/site-packages/rq/connections.py:72: DeprecationWarning: The `pop_connection` function is deprecated. Pass the `connection` explicitly instead.
  warnings.warn(
/Users/pooja/.gemini/antigravity/scratch/frappe_workspace/frappe-bench/env/lib/python3.11/site-packages/rq/connections.py:58: DeprecationWarning: The `push_connection` function is deprecated. Pass the `connection` explicitly instead.
  warnings.warn(
/Users/pooja/.gemini/antigravity/scratch/frappe_workspace/frappe-bench/env/lib/python3.11/site-packages/passlib/utils/__init__.py:854: DeprecationWarning: 'crypt' is deprecated and slated for removal in Python 3.13
  from crypt import crypt as _crypt
/Users/pooja/.gemini/antigravity/scratch/frappe_workspace/frappe-bench/env/lib/python3.11/site-packages/rq/connections.py:72: DeprecationWarning: The `pop_connection` function is deprecated. Pass the `connection` explicitly instead.
  warnings.warn(
/Users/pooja/.gemini/antigravity/scratch/frappe_workspace/frappe-bench/env/lib/python3.11/site-packages/rq/connections.py:58: DeprecationWarning: The `push_connection` function is deprecated. Pass the `connection` explicitly instead.
  warnings.warn(
/Users/pooja/.gemini/antigravity/scratch/frappe_workspace/frappe-bench/env/lib/python3.11/site-packages/passlib/utils/__init__.py:854: DeprecationWarning: 'crypt' is deprecated and slated for removal in Python 3.13
  from crypt import crypt as _crypt
/Users/pooja/.gemini/antigravity/scratch/frappe_workspace/frappe-bench/env/lib/python3.11/site-packages/rq/connections.py:72: DeprecationWarning: The `pop_connection` function is deprecated. Pass the `connection` explicitly instead.
  warnings.warn(
/Users/pooja/.gemini/antigravity/scratch/frappe_workspace/frappe-bench/env/lib/python3.11/site-packages/rq/connections.py:58: DeprecationWarning: The `push_connection` function is deprecated. Pass the `connection` explicitly instead.
  warnings.warn(
/Users/pooja/.gemini/antigravity/scratch/frappe_workspace/frappe-bench/env/lib/python3.11/site-packages/passlib/utils/__init__.py:854: DeprecationWarning: 'crypt' is deprecated and slated for removal in Python 3.13
  from crypt import crypt as _crypt
/Users/pooja/.gemini/antigravity/scratch/frappe_workspace/frappe-bench/env/lib/python3.11/site-packages/rq/connections.py:72: DeprecationWarning: The `pop_connection` function is deprecated. Pass the `connection` explicitly instead.
  warnings.warn(
/Users/pooja/.gemini/antigravity/scratch/frappe_workspace/frappe-bench/env/lib/python3.11/site-packages/rq/connections.py:58: DeprecationWarning: The `push_connection` function is deprecated. Pass the `connection` explicitly instead.
  warnings.warn(
/Users/pooja/.gemini/antigravity/scratch/frappe_workspace/frappe-bench/env/lib/python3.11/site-packages/passlib/utils/__init__.py:854: DeprecationWarning: 'crypt' is deprecated and slated for removal in Python 3.13
  from crypt import crypt as _crypt
/Users/pooja/.gemini/antigravity/scratch/frappe_workspace/frappe-bench/env/lib/python3.11/site-packages/rq/connections.py:72: DeprecationWarning: The `pop_connection` function is deprecated. Pass the `connection` explicitly instead.
  warnings.warn(
/Users/pooja/.gemini/antigravity/scratch/frappe_workspace/frappe-bench/env/lib/python3.11/site-packages/rq/connections.py:58: DeprecationWarning: The `push_connection` function is deprecated. Pass the `connection` explicitly instead.
  warnings.warn(
/Users/pooja/.gemini/antigravity/scratch/frappe_workspace/frappe-bench/env/lib/python3.11/site-packages/passlib/utils/__init__.py:854: DeprecationWarning: 'crypt' is deprecated and slated for removal in Python 3.13
  from crypt import crypt as _crypt
/Users/pooja/.gemini/antigravity/scratch/frappe_workspace/frappe-bench/env/lib/python3.11/site-packages/rq/connections.py:72: DeprecationWarning: The `pop_connection` function is deprecated. Pass the `connection` explicitly instead.
  warnings.warn(
/Users/pooja/.gemini/antigravity/scratch/frappe_workspace/frappe-bench/env/lib/python3.11/site-packages/rq/connections.py:58: DeprecationWarning: The `push_connection` function is deprecated. Pass the `connection` explicitly instead.
  warnings.warn(
/Users/pooja/.gemini/antigravity/scratch/frappe_workspace/frappe-bench/env/lib/python3.11/site-packages/passlib/utils/__init__.py:854: DeprecationWarning: 'crypt' is deprecated and slated for removal in Python 3.13
  from crypt import crypt as _crypt
/Users/pooja/.gemini/antigravity/scratch/frappe_workspace/frappe-bench/env/lib/python3.11/site-packages/rq/connections.py:72: DeprecationWarning: The `pop_connection` function is deprecated. Pass the `connection` explicitly instead.
  warnings.warn(
/Users/pooja/.gemini/antigravity/scratch/frappe_workspace/frappe-bench/env/lib/python3.11/site-packages/rq/connections.py:58: DeprecationWarning: The `push_connection` function is deprecated. Pass the `connection` explicitly instead.
  warnings.warn(
/Users/pooja/.gemini/antigravity/scratch/frappe_workspace/frappe-bench/env/lib/python3.11/site-packages/passlib/utils/__init__.py:854: DeprecationWarning: 'crypt' is deprecated and slated for removal in Python 3.13
  from crypt import crypt as _crypt
/Users/pooja/.gemini/antigravity/scratch/frappe_workspace/frappe-bench/env/lib/python3.11/site-packages/rq/connections.py:72: DeprecationWarning: The `pop_connection` function is deprecated. Pass the `connection` explicitly instead.
  warnings.warn(
/Users/pooja/.gemini/antigravity/scratch/frappe_workspace/frappe-bench/env/lib/python3.11/site-packages/rq/connections.py:58: DeprecationWarning: The `push_connection` function is deprecated. Pass the `connection` explicitly instead.
  warnings.warn(
/Users/pooja/.gemini/antigravity/scratch/frappe_workspace/frappe-bench/env/lib/python3.11/site-packages/passlib/utils/__init__.py:854: DeprecationWarning: 'crypt' is deprecated and slated for removal in Python 3.13
  from crypt import crypt as _crypt
/Users/pooja/.gemini/antigravity/scratch/frappe_workspace/frappe-bench/env/lib/python3.11/site-packages/rq/connections.py:72: DeprecationWarning: The `pop_connection` function is deprecated. Pass the `connection` explicitly instead.
  warnings.warn(
/Users/pooja/.gemini/antigravity/scratch/frappe_workspace/frappe-bench/env/lib/python3.11/site-packages/rq/connections.py:58: DeprecationWarning: The `push_connection` function is deprecated. Pass the `connection` explicitly instead.
  warnings.warn(
/Users/pooja/.gemini/antigravity/scratch/frappe_workspace/frappe-bench/env/lib/python3.11/site-packages/passlib/utils/__init__.py:854: DeprecationWarning: 'crypt' is deprecated and slated for removal in Python 3.13
  from crypt import crypt as _crypt
/Users/pooja/.gemini/antigravity/scratch/frappe_workspace/frappe-bench/env/lib/python3.11/site-packages/rq/connections.py:72: DeprecationWarning: The `pop_connection` function is deprecated. Pass the `connection` explicitly instead.
  warnings.warn(
/Users/pooja/.gemini/antigravity/scratch/frappe_workspace/frappe-bench/env/lib/python3.11/site-packages/rq/connections.py:58: DeprecationWarning: The `push_connection` function is deprecated. Pass the `connection` explicitly instead.
  warnings.warn(
/Users/pooja/.gemini/antigravity/scratch/frappe_workspace/frappe-bench/env/lib/python3.11/site-packages/passlib/utils/__init__.py:854: DeprecationWarning: 'crypt' is deprecated and slated for removal in Python 3.13
  from crypt import crypt as _crypt
/Users/pooja/.gemini/antigravity/scratch/frappe_workspace/frappe-bench/env/lib/python3.11/site-packages/rq/connections.py:72: DeprecationWarning: The `pop_connection` function is deprecated. Pass the `connection` explicitly instead.
  warnings.warn(
/Users/pooja/.gemini/antigravity/scratch/frappe_workspace/frappe-bench/env/lib/python3.11/site-packages/rq/connections.py:58: DeprecationWarning: The `push_connection` function is deprecated. Pass the `connection` explicitly instead.
  warnings.warn(
/Users/pooja/.gemini/antigravity/scratch/frappe_workspace/frappe-bench/env/lib/python3.11/site-packages/passlib/utils/__init__.py:854: DeprecationWarning: 'crypt' is deprecated and slated for removal in Python 3.13
  from crypt import crypt as _crypt
/Users/pooja/.gemini/antigravity/scratch/frappe_workspace/frappe-bench/env/lib/python3.11/site-packages/rq/connections.py:72: DeprecationWarning: The `pop_connection` function is deprecated. Pass the `connection` explicitly instead.
  warnings.warn(
/Users/pooja/.gemini/antigravity/scratch/frappe_workspace/frappe-bench/env/lib/python3.11/site-packages/rq/connections.py:58: DeprecationWarning: The `push_connection` function is deprecated. Pass the `connection` explicitly instead.
  warnings.warn(
/Users/pooja/.gemini/antigravity/scratch/frappe_workspace/frappe-bench/env/lib/python3.11/site-packages/passlib/utils/__init__.py:854: DeprecationWarning: 'crypt' is deprecated and slated for removal in Python 3.13
  from crypt import crypt as _crypt
/Users/pooja/.gemini/antigravity/scratch/frappe_workspace/frappe-bench/env/lib/python3.11/site-packages/rq/connections.py:72: DeprecationWarning: The `pop_connection` function is deprecated. Pass the `connection` explicitly instead.
  warnings.warn(
/Users/pooja/.gemini/antigravity/scratch/frappe_workspace/frappe-bench/env/lib/python3.11/site-packages/rq/connections.py:58: DeprecationWarning: The `push_connection` function is deprecated. Pass the `connection` explicitly instead.
  warnings.warn(
/Users/pooja/.gemini/antigravity/scratch/frappe_workspace/frappe-bench/env/lib/python3.11/site-packages/passlib/utils/__init__.py:854: DeprecationWarning: 'crypt' is deprecated and slated for removal in Python 3.13
  from crypt import crypt as _crypt
/Users/pooja/.gemini/antigravity/scratch/frappe_workspace/frappe-bench/env/lib/python3.11/site-packages/rq/connections.py:72: DeprecationWarning: The `pop_connection` function is deprecated. Pass the `connection` explicitly instead.
  warnings.warn(
/Users/pooja/.gemini/antigravity/scratch/frappe_workspace/frappe-bench/env/lib/python3.11/site-packages/rq/connections.py:58: DeprecationWarning: The `push_connection` function is deprecated. Pass the `connection` explicitly instead.
  warnings.warn(
/Users/pooja/.gemini/antigravity/scratch/frappe_workspace/frappe-bench/env/lib/python3.11/site-packages/passlib/utils/__init__.py:854: DeprecationWarning: 'crypt' is deprecated and slated for removal in Python 3.13
  from crypt import crypt as _crypt
/Users/pooja/.gemini/antigravity/scratch/frappe_workspace/frappe-bench/env/lib/python3.11/site-packages/rq/connections.py:72: DeprecationWarning: The `pop_connection` function is deprecated. Pass the `connection` explicitly instead.
  warnings.warn(
/Users/pooja/.gemini/antigravity/scratch/frappe_workspace/frappe-bench/env/lib/python3.11/site-packages/rq/connections.py:58: DeprecationWarning: The `push_connection` function is deprecated. Pass the `connection` explicitly instead.
  warnings.warn(
/Users/pooja/.gemini/antigravity/scratch/frappe_workspace/frappe-bench/env/lib/python3.11/site-packages/passlib/utils/__init__.py:854: DeprecationWarning: 'crypt' is deprecated and slated for removal in Python 3.13
  from crypt import crypt as _crypt
/Users/pooja/.gemini/antigravity/scratch/frappe_workspace/frappe-bench/env/lib/python3.11/site-packages/rq/connections.py:72: DeprecationWarning: The `pop_connection` function is deprecated. Pass the `connection` explicitly instead.
  warnings.warn(
/Users/pooja/.gemini/antigravity/scratch/frappe_workspace/frappe-bench/env/lib/python3.11/site-packages/rq/connections.py:58: DeprecationWarning: The `push_connection` function is deprecated. Pass the `connection` explicitly instead.
  warnings.warn(
/Users/pooja/.gemini/antigravity/scratch/frappe_workspace/frappe-bench/env/lib/python3.11/site-packages/passlib/utils/__init__.py:854: DeprecationWarning: 'crypt' is deprecated and slated for removal in Python 3.13
  from crypt import crypt as _crypt
/Users/pooja/.gemini/antigravity/scratch/frappe_workspace/frappe-bench/env/lib/python3.11/site-packages/rq/connections.py:72: DeprecationWarning: The `pop_connection` function is deprecated. Pass the `connection` explicitly instead.
  warnings.warn(
/Users/pooja/.gemini/antigravity/scratch/frappe_workspace/frappe-bench/env/lib/python3.11/site-packages/rq/connections.py:58: DeprecationWarning: The `push_connection` function is deprecated. Pass the `connection` explicitly instead.
  warnings.warn(
/Users/pooja/.gemini/antigravity/scratch/frappe_workspace/frappe-bench/env/lib/python3.11/site-packages/passlib/utils/__init__.py:854: DeprecationWarning: 'crypt' is deprecated and slated for removal in Python 3.13
  from crypt import crypt as _crypt
/Users/pooja/.gemini/antigravity/scratch/frappe_workspace/frappe-bench/env/lib/python3.11/site-packages/rq/connections.py:72: DeprecationWarning: The `pop_connection` function is deprecated. Pass the `connection` explicitly instead.
  warnings.warn(
/Users/pooja/.gemini/antigravity/scratch/frappe_workspace/frappe-bench/env/lib/python3.11/site-packages/rq/connections.py:58: DeprecationWarning: The `push_connection` function is deprecated. Pass the `connection` explicitly instead.
  warnings.warn(
/Users/pooja/.gemini/antigravity/scratch/frappe_workspace/frappe-bench/env/lib/python3.11/site-packages/passlib/utils/__init__.py:854: DeprecationWarning: 'crypt' is deprecated and slated for removal in Python 3.13
  from crypt import crypt as _crypt
/Users/pooja/.gemini/antigravity/scratch/frappe_workspace/frappe-bench/env/lib/python3.11/site-packages/rq/connections.py:72: DeprecationWarning: The `pop_connection` function is deprecated. Pass the `connection` explicitly instead.
  warnings.warn(
/Users/pooja/.gemini/antigravity/scratch/frappe_workspace/frappe-bench/env/lib/python3.11/site-packages/rq/connections.py:58: DeprecationWarning: The `push_connection` function is deprecated. Pass the `connection` explicitly instead.
  warnings.warn(
/Users/pooja/.gemini/antigravity/scratch/frappe_workspace/frappe-bench/env/lib/python3.11/site-packages/passlib/utils/__init__.py:854: DeprecationWarning: 'crypt' is deprecated and slated for removal in Python 3.13
  from crypt import crypt as _crypt
/Users/pooja/.gemini/antigravity/scratch/frappe_workspace/frappe-bench/env/lib/python3.11/site-packages/rq/connections.py:72: DeprecationWarning: The `pop_connection` function is deprecated. Pass the `connection` explicitly instead.
  warnings.warn(
/Users/pooja/.gemini/antigravity/scratch/frappe_workspace/frappe-bench/env/lib/python3.11/site-packages/rq/connections.py:58: DeprecationWarning: The `push_connection` function is deprecated. Pass the `connection` explicitly instead.
  warnings.warn(
/Users/pooja/.gemini/antigravity/scratch/frappe_workspace/frappe-bench/env/lib/python3.11/site-packages/passlib/utils/__init__.py:854: DeprecationWarning: 'crypt' is deprecated and slated for removal in Python 3.13
  from crypt import crypt as _crypt
/Users/pooja/.gemini/antigravity/scratch/frappe_workspace/frappe-bench/env/lib/python3.11/site-packages/rq/connections.py:72: DeprecationWarning: The `pop_connection` function is deprecated. Pass the `connection` explicitly instead.
  warnings.warn(
/Users/pooja/.gemini/antigravity/scratch/frappe_workspace/frappe-bench/env/lib/python3.11/site-packages/rq/connections.py:58: DeprecationWarning: The `push_connection` function is deprecated. Pass the `connection` explicitly instead.
  warnings.warn(
/Users/pooja/.gemini/antigravity/scratch/frappe_workspace/frappe-bench/env/lib/python3.11/site-packages/passlib/utils/__init__.py:854: DeprecationWarning: 'crypt' is deprecated and slated for removal in Python 3.13
  from crypt import crypt as _crypt
/Users/pooja/.gemini/antigravity/scratch/frappe_workspace/frappe-bench/env/lib/python3.11/site-packages/rq/connections.py:72: DeprecationWarning: The `pop_connection` function is deprecated. Pass the `connection` explicitly instead.
  warnings.warn(
/Users/pooja/.gemini/antigravity/scratch/frappe_workspace/frappe-bench/env/lib/python3.11/site-packages/rq/connections.py:58: DeprecationWarning: The `push_connection` function is deprecated. Pass the `connection` explicitly instead.
  warnings.warn(
/Users/pooja/.gemini/antigravity/scratch/frappe_workspace/frappe-bench/env/lib/python3.11/site-packages/passlib/utils/__init__.py:854: DeprecationWarning: 'crypt' is deprecated and slated for removal in Python 3.13
  from crypt import crypt as _crypt
/Users/pooja/.gemini/antigravity/scratch/frappe_workspace/frappe-bench/env/lib/python3.11/site-packages/rq/connections.py:72: DeprecationWarning: The `pop_connection` function is deprecated. Pass the `connection` explicitly instead.
  warnings.warn(
/Users/pooja/.gemini/antigravity/scratch/frappe_workspace/frappe-bench/env/lib/python3.11/site-packages/rq/connections.py:58: DeprecationWarning: The `push_connection` function is deprecated. Pass the `connection` explicitly instead.
  warnings.warn(
/Users/pooja/.gemini/antigravity/scratch/frappe_workspace/frappe-bench/env/lib/python3.11/site-packages/passlib/utils/__init__.py:854: DeprecationWarning: 'crypt' is deprecated and slated for removal in Python 3.13
  from crypt import crypt as _crypt
/Users/pooja/.gemini/antigravity/scratch/frappe_workspace/frappe-bench/env/lib/python3.11/site-packages/rq/connections.py:72: DeprecationWarning: The `pop_connection` function is deprecated. Pass the `connection` explicitly instead.
  warnings.warn(
/Users/pooja/.gemini/antigravity/scratch/frappe_workspace/frappe-bench/env/lib/python3.11/site-packages/rq/connections.py:58: DeprecationWarning: The `push_connection` function is deprecated. Pass the `connection` explicitly instead.
  warnings.warn(
/Users/pooja/.gemini/antigravity/scratch/frappe_workspace/frappe-bench/env/lib/python3.11/site-packages/passlib/utils/__init__.py:854: DeprecationWarning: 'crypt' is deprecated and slated for removal in Python 3.13
  from crypt import crypt as _crypt
/Users/pooja/.gemini/antigravity/scratch/frappe_workspace/frappe-bench/env/lib/python3.11/site-packages/rq/connections.py:72: DeprecationWarning: The `pop_connection` function is deprecated. Pass the `connection` explicitly instead.
  warnings.warn(
Exception in thread Thread-1:
Traceback (most recent call last):
  File "/Users/pooja/.gemini/antigravity/scratch/.uv_python/cpython-3.11.16-macos-aarch64-none/lib/python3.11/threading.py", line 1045, in _bootstrap_inner
    self.run()
  File "/Users/pooja/.gemini/antigravity/scratch/frappe_workspace/frappe-bench/env/lib/python3.11/site-packages/redis/client.py", line 1799, in run
    pubsub.get_message(ignore_subscribe_messages=True, timeout=sleep_time)
  File "/Users/pooja/.gemini/antigravity/scratch/frappe_workspace/frappe-bench/env/lib/python3.11/site-packages/redis/client.py", line 1690, in get_message
    response = self.parse_response(block=(timeout is None), timeout=timeout)
               ^^^^^^^^^^^^^^^^^^^^^^^^^^^^^^^^^^^^^^^^^^^^^^^^^^^^^^^^^^^^^
  File "/Users/pooja/.gemini/antigravity/scratch/frappe_workspace/frappe-bench/env/lib/python3.11/site-packages/redis/client.py", line 1542, in parse_response
    response = self._execute(conn, try_read)
               ^^^^^^^^^^^^^^^^^^^^^^^^^^^^^
  File "/Users/pooja/.gemini/antigravity/scratch/frappe_workspace/frappe-bench/env/lib/python3.11/site-packages/redis/client.py", line 1518, in _execute
    return conn.retry.call_with_retry(
           ^^^^^^^^^^^^^^^^^^^^^^^^^^^
  File "/Users/pooja/.gemini/antigravity/scratch/frappe_workspace/frappe-bench/env/lib/python3.11/site-packages/redis/retry.py", line 49, in call_with_retry
    fail(error)
  File "/Users/pooja/.gemini/antigravity/scratch/frappe_workspace/frappe-bench/env/lib/python3.11/site-packages/redis/client.py", line 1520, in <lambda>
    lambda error: self._disconnect_raise_connect(conn, error),
                  ^^^^^^^^^^^^^^^^^^^^^^^^^^^^^^^^^^^^^^^^^^^
  File "/Users/pooja/.gemini/antigravity/scratch/frappe_workspace/frappe-bench/env/lib/python3.11/site-packages/redis/client.py", line 1507, in _disconnect_raise_connect
    raise error
  File "/Users/pooja/.gemini/antigravity/scratch/frappe_workspace/frappe-bench/env/lib/python3.11/site-packages/redis/retry.py", line 46, in call_with_retry
    return do()
           ^^^^
  File "/Users/pooja/.gemini/antigravity/scratch/frappe_workspace/frappe-bench/env/lib/python3.11/site-packages/redis/client.py", line 1519, in <lambda>
    lambda: command(*args, **kwargs),
            ^^^^^^^^^^^^^^^^^^^^^^^^
  File "/Users/pooja/.gemini/antigravity/scratch/frappe_workspace/frappe-bench/env/lib/python3.11/site-packages/redis/client.py", line 1536, in try_read
    if not conn.can_read(timeout=timeout):
           ^^^^^^^^^^^^^^^^^^^^^^^^^^^^^^
  File "/Users/pooja/.gemini/antigravity/scratch/frappe_workspace/frappe-bench/env/lib/python3.11/site-packages/redis/connection.py", line 861, in can_read
    return self._parser.can_read(timeout)
           ^^^^^^^^^^^^^^^^^^^^^^^^^^^^^^
  File "/Users/pooja/.gemini/antigravity/scratch/frappe_workspace/frappe-bench/env/lib/python3.11/site-packages/redis/connection.py", line 444, in can_read
    return self.read_from_socket(timeout=timeout, raise_on_timeout=False)
           ^^^^^^^^^^^^^^^^^^^^^^^^^^^^^^^^^^^^^^^^^^^^^^^^^^^^^^^^^^^^^^
  File "/Users/pooja/.gemini/antigravity/scratch/frappe_workspace/frappe-bench/env/lib/python3.11/site-packages/redis/connection.py", line 455, in read_from_socket
    raise ConnectionError(SERVER_CLOSED_CONNECTION_ERROR)
redis.exceptions.ConnectionError: Connection closed by server.
Traceback (most recent call last):
  File "/Users/pooja/.gemini/antigravity/scratch/frappe_workspace/frappe-bench/env/lib/python3.11/site-packages/redis/connection.py", line 699, in connect
    sock = self.retry.call_with_retry(
           ^^^^^^^^^^^^^^^^^^^^^^^^^^^
  File "/Users/pooja/.gemini/antigravity/scratch/frappe_workspace/frappe-bench/env/lib/python3.11/site-packages/redis/retry.py", line 46, in call_with_retry
    return do()
           ^^^^
  File "/Users/pooja/.gemini/antigravity/scratch/frappe_workspace/frappe-bench/env/lib/python3.11/site-packages/redis/connection.py", line 700, in <lambda>
    lambda: self._connect(), lambda error: self.disconnect(error)
            ^^^^^^^^^^^^^^^
  File "/Users/pooja/.gemini/antigravity/scratch/frappe_workspace/frappe-bench/env/lib/python3.11/site-packages/redis/connection.py", line 1002, in _connect
    raise err
  File "/Users/pooja/.gemini/antigravity/scratch/frappe_workspace/frappe-bench/env/lib/python3.11/site-packages/redis/connection.py", line 990, in _connect
    sock.connect(socket_address)
ConnectionRefusedError: [Errno 61] Connection refused

During handling of the above exception, another exception occurred:

Traceback (most recent call last):
  File "<frozen runpy>", line 198, in _run_module_as_main
  File "<frozen runpy>", line 88, in _run_code
  File "/Users/pooja/.gemini/antigravity/scratch/frappe_workspace/frappe-bench/apps/frappe/frappe/utils/bench_helper.py", line 114, in <module>
    main()
  File "/Users/pooja/.gemini/antigravity/scratch/frappe_workspace/frappe-bench/apps/frappe/frappe/utils/bench_helper.py", line 20, in main
    click.Group(commands=commands)(prog_name="bench")
  File "/Users/pooja/.gemini/antigravity/scratch/frappe_workspace/frappe-bench/env/lib/python3.11/site-packages/click/core.py", line 1569, in __call__
    return self.main(*args, **kwargs)
           ^^^^^^^^^^^^^^^^^^^^^^^^^^
  File "/Users/pooja/.gemini/antigravity/scratch/frappe_workspace/frappe-bench/env/lib/python3.11/site-packages/click/core.py", line 1490, in main
    rv = self.invoke(ctx)
         ^^^^^^^^^^^^^^^^
  File "/Users/pooja/.gemini/antigravity/scratch/frappe_workspace/frappe-bench/env/lib/python3.11/site-packages/click/core.py", line 1970, in invoke
    return _process_result(sub_ctx.command.invoke(sub_ctx))
                           ^^^^^^^^^^^^^^^^^^^^^^^^^^^^^^^
  File "/Users/pooja/.gemini/antigravity/scratch/frappe_workspace/frappe-bench/env/lib/python3.11/site-packages/click/core.py", line 1970, in invoke
    return _process_result(sub_ctx.command.invoke(sub_ctx))
                           ^^^^^^^^^^^^^^^^^^^^^^^^^^^^^^^
  File "/Users/pooja/.gemini/antigravity/scratch/frappe_workspace/frappe-bench/env/lib/python3.11/site-packages/click/core.py", line 1353, in invoke
    return ctx.invoke(self.callback, **ctx.params)
           ^^^^^^^^^^^^^^^^^^^^^^^^^^^^^^^^^^^^^^^
  File "/Users/pooja/.gemini/antigravity/scratch/frappe_workspace/frappe-bench/env/lib/python3.11/site-packages/click/core.py", line 907, in invoke
    return callback(*args, **kwargs)
           ^^^^^^^^^^^^^^^^^^^^^^^^^
  File "/Users/pooja/.gemini/antigravity/scratch/frappe_workspace/frappe-bench/apps/frappe/frappe/commands/scheduler.py", line 205, in start_worker
    start_worker(
  File "/Users/pooja/.gemini/antigravity/scratch/frappe_workspace/frappe-bench/apps/frappe/frappe/utils/background_jobs.py", line 321, in start_worker
    worker.work(
  File "/Users/pooja/.gemini/antigravity/scratch/frappe_workspace/frappe-bench/env/lib/python3.11/site-packages/rq/worker.py", line 456, in work
    self.teardown()
  File "/Users/pooja/.gemini/antigravity/scratch/frappe_workspace/frappe-bench/env/lib/python3.11/site-packages/rq/worker.py", line 1047, in teardown
    self.unsubscribe()
  File "/Users/pooja/.gemini/antigravity/scratch/frappe_workspace/frappe-bench/env/lib/python3.11/site-packages/rq/worker.py", line 624, in unsubscribe
    self.pubsub.unsubscribe()
  File "/Users/pooja/.gemini/antigravity/scratch/frappe_workspace/frappe-bench/env/lib/python3.11/site-packages/redis/client.py", line 1659, in unsubscribe
    return self.execute_command("UNSUBSCRIBE", *args)
           ^^^^^^^^^^^^^^^^^^^^^^^^^^^^^^^^^^^^^^^^^^
  File "/Users/pooja/.gemini/antigravity/scratch/frappe_workspace/frappe-bench/env/lib/python3.11/site-packages/redis/client.py", line 1479, in execute_command
    self._execute(connection, connection.send_command, *args, **kwargs)
  File "/Users/pooja/.gemini/antigravity/scratch/frappe_workspace/frappe-bench/env/lib/python3.11/site-packages/redis/client.py", line 1518, in _execute
    return conn.retry.call_with_retry(
           ^^^^^^^^^^^^^^^^^^^^^^^^^^^
  File "/Users/pooja/.gemini/antigravity/scratch/frappe_workspace/frappe-bench/env/lib/python3.11/site-packages/redis/retry.py", line 49, in call_with_retry
    fail(error)
  File "/Users/pooja/.gemini/antigravity/scratch/frappe_workspace/frappe-bench/env/lib/python3.11/site-packages/redis/client.py", line 1520, in <lambda>
    lambda error: self._disconnect_raise_connect(conn, error),
                  ^^^^^^^^^^^^^^^^^^^^^^^^^^^^^^^^^^^^^^^^^^^
  File "/Users/pooja/.gemini/antigravity/scratch/frappe_workspace/frappe-bench/env/lib/python3.11/site-packages/redis/client.py", line 1507, in _disconnect_raise_connect
    raise error
  File "/Users/pooja/.gemini/antigravity/scratch/frappe_workspace/frappe-bench/env/lib/python3.11/site-packages/redis/retry.py", line 46, in call_with_retry
    return do()
           ^^^^
  File "/Users/pooja/.gemini/antigravity/scratch/frappe_workspace/frappe-bench/env/lib/python3.11/site-packages/redis/client.py", line 1519, in <lambda>
    lambda: command(*args, **kwargs),
            ^^^^^^^^^^^^^^^^^^^^^^^^
  File "/Users/pooja/.gemini/antigravity/scratch/frappe_workspace/frappe-bench/env/lib/python3.11/site-packages/redis/connection.py", line 847, in send_command
    self.send_packed_command(
  File "/Users/pooja/.gemini/antigravity/scratch/frappe_workspace/frappe-bench/env/lib/python3.11/site-packages/redis/connection.py", line 817, in send_packed_command
    self.connect()
  File "/Users/pooja/.gemini/antigravity/scratch/frappe_workspace/frappe-bench/env/lib/python3.11/site-packages/redis/connection.py", line 705, in connect
    raise ConnectionError(self._error_message(e))
redis.exceptions.ConnectionError: Error 61 connecting to 127.0.0.1:11000. Connection refused.
/Users/pooja/.gemini/antigravity/scratch/frappe_workspace/frappe-bench/env/lib/python3.11/site-packages/rq/connections.py:58: DeprecationWarning: The `push_connection` function is deprecated. Pass the `connection` explicitly instead.
  warnings.warn(
/Users/pooja/.gemini/antigravity/scratch/frappe_workspace/frappe-bench/env/lib/python3.11/site-packages/passlib/utils/__init__.py:854: DeprecationWarning: 'crypt' is deprecated and slated for removal in Python 3.13
  from crypt import crypt as _crypt
/Users/pooja/.gemini/antigravity/scratch/frappe_workspace/frappe-bench/env/lib/python3.11/site-packages/rq/connections.py:72: DeprecationWarning: The `pop_connection` function is deprecated. Pass the `connection` explicitly instead.
  warnings.warn(
/Users/pooja/.gemini/antigravity/scratch/frappe_workspace/frappe-bench/env/lib/python3.11/site-packages/rq/connections.py:58: DeprecationWarning: The `push_connection` function is deprecated. Pass the `connection` explicitly instead.
  warnings.warn(
/Users/pooja/.gemini/antigravity/scratch/frappe_workspace/frappe-bench/env/lib/python3.11/site-packages/passlib/utils/__init__.py:854: DeprecationWarning: 'crypt' is deprecated and slated for removal in Python 3.13
  from crypt import crypt as _crypt
/Users/pooja/.gemini/antigravity/scratch/frappe_workspace/frappe-bench/env/lib/python3.11/site-packages/rq/connections.py:72: DeprecationWarning: The `pop_connection` function is deprecated. Pass the `connection` explicitly instead.
  warnings.warn(
/Users/pooja/.gemini/antigravity/scratch/frappe_workspace/frappe-bench/env/lib/python3.11/site-packages/rq/connections.py:58: DeprecationWarning: The `push_connection` function is deprecated. Pass the `connection` explicitly instead.
  warnings.warn(
/Users/pooja/.gemini/antigravity/scratch/frappe_workspace/frappe-bench/env/lib/python3.11/site-packages/passlib/utils/__init__.py:854: DeprecationWarning: 'crypt' is deprecated and slated for removal in Python 3.13
  from crypt import crypt as _crypt
/Users/pooja/.gemini/antigravity/scratch/frappe_workspace/frappe-bench/env/lib/python3.11/site-packages/rq/connections.py:72: DeprecationWarning: The `pop_connection` function is deprecated. Pass the `connection` explicitly instead.
  warnings.warn(
/Users/pooja/.gemini/antigravity/scratch/frappe_workspace/frappe-bench/env/lib/python3.11/site-packages/rq/connections.py:58: DeprecationWarning: The `push_connection` function is deprecated. Pass the `connection` explicitly instead.
  warnings.warn(
/Users/pooja/.gemini/antigravity/scratch/frappe_workspace/frappe-bench/env/lib/python3.11/site-packages/passlib/utils/__init__.py:854: DeprecationWarning: 'crypt' is deprecated and slated for removal in Python 3.13
  from crypt import crypt as _crypt
/Users/pooja/.gemini/antigravity/scratch/frappe_workspace/frappe-bench/env/lib/python3.11/site-packages/rq/connections.py:72: DeprecationWarning: The `pop_connection` function is deprecated. Pass the `connection` explicitly instead.
  warnings.warn(
Exception in thread Thread-1:
Traceback (most recent call last):
  File "/Users/pooja/.gemini/antigravity/scratch/.uv_python/cpython-3.11.16-macos-aarch64-none/lib/python3.11/threading.py", line 1045, in _bootstrap_inner
    self.run()
  File "/Users/pooja/.gemini/antigravity/scratch/frappe_workspace/frappe-bench/env/lib/python3.11/site-packages/redis/client.py", line 1799, in run
    pubsub.get_message(ignore_subscribe_messages=True, timeout=sleep_time)
  File "/Users/pooja/.gemini/antigravity/scratch/frappe_workspace/frappe-bench/env/lib/python3.11/site-packages/redis/client.py", line 1690, in get_message
    response = self.parse_response(block=(timeout is None), timeout=timeout)
               ^^^^^^^^^^^^^^^^^^^^^^^^^^^^^^^^^^^^^^^^^^^^^^^^^^^^^^^^^^^^^
  File "/Users/pooja/.gemini/antigravity/scratch/frappe_workspace/frappe-bench/env/lib/python3.11/site-packages/redis/client.py", line 1542, in parse_response
    response = self._execute(conn, try_read)
               ^^^^^^^^^^^^^^^^^^^^^^^^^^^^^
  File "/Users/pooja/.gemini/antigravity/scratch/frappe_workspace/frappe-bench/env/lib/python3.11/site-packages/redis/client.py", line 1518, in _execute
    return conn.retry.call_with_retry(
           ^^^^^^^^^^^^^^^^^^^^^^^^^^^
  File "/Users/pooja/.gemini/antigravity/scratch/frappe_workspace/frappe-bench/env/lib/python3.11/site-packages/redis/retry.py", line 49, in call_with_retry
    fail(error)
  File "/Users/pooja/.gemini/antigravity/scratch/frappe_workspace/frappe-bench/env/lib/python3.11/site-packages/redis/client.py", line 1520, in <lambda>
    lambda error: self._disconnect_raise_connect(conn, error),
                  ^^^^^^^^^^^^^^^^^^^^^^^^^^^^^^^^^^^^^^^^^^^
  File "/Users/pooja/.gemini/antigravity/scratch/frappe_workspace/frappe-bench/env/lib/python3.11/site-packages/redis/client.py", line 1507, in _disconnect_raise_connect
    raise error
  File "/Users/pooja/.gemini/antigravity/scratch/frappe_workspace/frappe-bench/env/lib/python3.11/site-packages/redis/retry.py", line 46, in call_with_retry
    return do()
           ^^^^
  File "/Users/pooja/.gemini/antigravity/scratch/frappe_workspace/frappe-bench/env/lib/python3.11/site-packages/redis/client.py", line 1519, in <lambda>
    lambda: command(*args, **kwargs),
            ^^^^^^^^^^^^^^^^^^^^^^^^
  File "/Users/pooja/.gemini/antigravity/scratch/frappe_workspace/frappe-bench/env/lib/python3.11/site-packages/redis/client.py", line 1536, in try_read
    if not conn.can_read(timeout=timeout):
           ^^^^^^^^^^^^^^^^^^^^^^^^^^^^^^
  File "/Users/pooja/.gemini/antigravity/scratch/frappe_workspace/frappe-bench/env/lib/python3.11/site-packages/redis/connection.py", line 861, in can_read
    return self._parser.can_read(timeout)
           ^^^^^^^^^^^^^^^^^^^^^^^^^^^^^^
  File "/Users/pooja/.gemini/antigravity/scratch/frappe_workspace/frappe-bench/env/lib/python3.11/site-packages/redis/connection.py", line 444, in can_read
    return self.read_from_socket(timeout=timeout, raise_on_timeout=False)
           ^^^^^^^^^^^^^^^^^^^^^^^^^^^^^^^^^^^^^^^^^^^^^^^^^^^^^^^^^^^^^^
  File "/Users/pooja/.gemini/antigravity/scratch/frappe_workspace/frappe-bench/env/lib/python3.11/site-packages/redis/connection.py", line 455, in read_from_socket
    raise ConnectionError(SERVER_CLOSED_CONNECTION_ERROR)
redis.exceptions.ConnectionError: Connection closed by server.
Traceback (most recent call last):
  File "/Users/pooja/.gemini/antigravity/scratch/frappe_workspace/frappe-bench/env/lib/python3.11/site-packages/redis/connection.py", line 699, in connect
    sock = self.retry.call_with_retry(
           ^^^^^^^^^^^^^^^^^^^^^^^^^^^
  File "/Users/pooja/.gemini/antigravity/scratch/frappe_workspace/frappe-bench/env/lib/python3.11/site-packages/redis/retry.py", line 46, in call_with_retry
    return do()
           ^^^^
  File "/Users/pooja/.gemini/antigravity/scratch/frappe_workspace/frappe-bench/env/lib/python3.11/site-packages/redis/connection.py", line 700, in <lambda>
    lambda: self._connect(), lambda error: self.disconnect(error)
            ^^^^^^^^^^^^^^^
  File "/Users/pooja/.gemini/antigravity/scratch/frappe_workspace/frappe-bench/env/lib/python3.11/site-packages/redis/connection.py", line 1002, in _connect
    raise err
  File "/Users/pooja/.gemini/antigravity/scratch/frappe_workspace/frappe-bench/env/lib/python3.11/site-packages/redis/connection.py", line 990, in _connect
    sock.connect(socket_address)
ConnectionRefusedError: [Errno 61] Connection refused

During handling of the above exception, another exception occurred:

Traceback (most recent call last):
  File "<frozen runpy>", line 198, in _run_module_as_main
  File "<frozen runpy>", line 88, in _run_code
  File "/Users/pooja/.gemini/antigravity/scratch/frappe_workspace/frappe-bench/apps/frappe/frappe/utils/bench_helper.py", line 114, in <module>
    main()
  File "/Users/pooja/.gemini/antigravity/scratch/frappe_workspace/frappe-bench/apps/frappe/frappe/utils/bench_helper.py", line 20, in main
    click.Group(commands=commands)(prog_name="bench")
  File "/Users/pooja/.gemini/antigravity/scratch/frappe_workspace/frappe-bench/env/lib/python3.11/site-packages/click/core.py", line 1569, in __call__
    return self.main(*args, **kwargs)
           ^^^^^^^^^^^^^^^^^^^^^^^^^^
  File "/Users/pooja/.gemini/antigravity/scratch/frappe_workspace/frappe-bench/env/lib/python3.11/site-packages/click/core.py", line 1490, in main
    rv = self.invoke(ctx)
         ^^^^^^^^^^^^^^^^
  File "/Users/pooja/.gemini/antigravity/scratch/frappe_workspace/frappe-bench/env/lib/python3.11/site-packages/click/core.py", line 1970, in invoke
    return _process_result(sub_ctx.command.invoke(sub_ctx))
                           ^^^^^^^^^^^^^^^^^^^^^^^^^^^^^^^
  File "/Users/pooja/.gemini/antigravity/scratch/frappe_workspace/frappe-bench/env/lib/python3.11/site-packages/click/core.py", line 1970, in invoke
    return _process_result(sub_ctx.command.invoke(sub_ctx))
                           ^^^^^^^^^^^^^^^^^^^^^^^^^^^^^^^
  File "/Users/pooja/.gemini/antigravity/scratch/frappe_workspace/frappe-bench/env/lib/python3.11/site-packages/click/core.py", line 1353, in invoke
    return ctx.invoke(self.callback, **ctx.params)
           ^^^^^^^^^^^^^^^^^^^^^^^^^^^^^^^^^^^^^^^
  File "/Users/pooja/.gemini/antigravity/scratch/frappe_workspace/frappe-bench/env/lib/python3.11/site-packages/click/core.py", line 907, in invoke
    return callback(*args, **kwargs)
           ^^^^^^^^^^^^^^^^^^^^^^^^^
  File "/Users/pooja/.gemini/antigravity/scratch/frappe_workspace/frappe-bench/apps/frappe/frappe/commands/scheduler.py", line 205, in start_worker
    start_worker(
  File "/Users/pooja/.gemini/antigravity/scratch/frappe_workspace/frappe-bench/apps/frappe/frappe/utils/background_jobs.py", line 321, in start_worker
    worker.work(
  File "/Users/pooja/.gemini/antigravity/scratch/frappe_workspace/frappe-bench/env/lib/python3.11/site-packages/rq/worker.py", line 456, in work
    self.teardown()
  File "/Users/pooja/.gemini/antigravity/scratch/frappe_workspace/frappe-bench/env/lib/python3.11/site-packages/rq/worker.py", line 1047, in teardown
    self.unsubscribe()
  File "/Users/pooja/.gemini/antigravity/scratch/frappe_workspace/frappe-bench/env/lib/python3.11/site-packages/rq/worker.py", line 624, in unsubscribe
    self.pubsub.unsubscribe()
  File "/Users/pooja/.gemini/antigravity/scratch/frappe_workspace/frappe-bench/env/lib/python3.11/site-packages/redis/client.py", line 1659, in unsubscribe
    return self.execute_command("UNSUBSCRIBE", *args)
           ^^^^^^^^^^^^^^^^^^^^^^^^^^^^^^^^^^^^^^^^^^
  File "/Users/pooja/.gemini/antigravity/scratch/frappe_workspace/frappe-bench/env/lib/python3.11/site-packages/redis/client.py", line 1479, in execute_command
    self._execute(connection, connection.send_command, *args, **kwargs)
  File "/Users/pooja/.gemini/antigravity/scratch/frappe_workspace/frappe-bench/env/lib/python3.11/site-packages/redis/client.py", line 1518, in _execute
    return conn.retry.call_with_retry(
           ^^^^^^^^^^^^^^^^^^^^^^^^^^^
  File "/Users/pooja/.gemini/antigravity/scratch/frappe_workspace/frappe-bench/env/lib/python3.11/site-packages/redis/retry.py", line 49, in call_with_retry
    fail(error)
  File "/Users/pooja/.gemini/antigravity/scratch/frappe_workspace/frappe-bench/env/lib/python3.11/site-packages/redis/client.py", line 1520, in <lambda>
    lambda error: self._disconnect_raise_connect(conn, error),
                  ^^^^^^^^^^^^^^^^^^^^^^^^^^^^^^^^^^^^^^^^^^^
  File "/Users/pooja/.gemini/antigravity/scratch/frappe_workspace/frappe-bench/env/lib/python3.11/site-packages/redis/client.py", line 1507, in _disconnect_raise_connect
    raise error
  File "/Users/pooja/.gemini/antigravity/scratch/frappe_workspace/frappe-bench/env/lib/python3.11/site-packages/redis/retry.py", line 46, in call_with_retry
    return do()
           ^^^^
  File "/Users/pooja/.gemini/antigravity/scratch/frappe_workspace/frappe-bench/env/lib/python3.11/site-packages/redis/client.py", line 1519, in <lambda>
    lambda: command(*args, **kwargs),
            ^^^^^^^^^^^^^^^^^^^^^^^^
  File "/Users/pooja/.gemini/antigravity/scratch/frappe_workspace/frappe-bench/env/lib/python3.11/site-packages/redis/connection.py", line 847, in send_command
    self.send_packed_command(
  File "/Users/pooja/.gemini/antigravity/scratch/frappe_workspace/frappe-bench/env/lib/python3.11/site-packages/redis/connection.py", line 817, in send_packed_command
    self.connect()
  File "/Users/pooja/.gemini/antigravity/scratch/frappe_workspace/frappe-bench/env/lib/python3.11/site-packages/redis/connection.py", line 705, in connect
    raise ConnectionError(self._error_message(e))
redis.exceptions.ConnectionError: Error 61 connecting to 127.0.0.1:11000. Connection refused.
Traceback (most recent call last):
  File "/Users/pooja/.gemini/antigravity/scratch/frappe_workspace/frappe-bench/env/lib/python3.11/site-packages/redis/connection.py", line 874, in read_response
    response = self._parser.read_response(disable_decoding=disable_decoding)
               ^^^^^^^^^^^^^^^^^^^^^^^^^^^^^^^^^^^^^^^^^^^^^^^^^^^^^^^^^^^^^
  File "/Users/pooja/.gemini/antigravity/scratch/frappe_workspace/frappe-bench/env/lib/python3.11/site-packages/redis/connection.py", line 493, in read_response
Exception in thread     self.read_from_socket()
  File "/Users/pooja/.gemini/antigravity/scratch/frappe_workspace/frappe-bench/env/lib/python3.11/site-packages/redis/connection.py", line 453, in read_from_socket
    bufflen = self._sock.recv_into(self._buffer)
              ^^^^^^^^^^^^^^^^^^^^^^^^^^^^^^^^^^
ConnectionResetError: [Errno 54] Connection reset by peer

During handling of the above exception, another exception occurred:

Traceback (most recent call last):
  File "<frozen runpy>", line 198, in _run_module_as_main
  File "<frozen runpy>", line 88, in _run_code
  File "/Users/pooja/.gemini/antigravity/scratch/frappe_workspace/frappe-bench/apps/frappe/frappe/utils/bench_helper.py", line 114, in <module>
    main()
  File "/Users/pooja/.gemini/antigravity/scratch/frappe_workspace/frappe-bench/apps/frappe/frappe/utils/bench_helper.py", line 20, in main
    click.Group(commands=commands)(prog_name="bench")
  File "/Users/pooja/.gemini/antigravity/scratch/frappe_workspace/frappe-bench/env/lib/python3.11/site-packages/click/core.py", line 1569, in __call__
Thread-1:
Traceback (most recent call last):
  File "/Users/pooja/.gemini/antigravity/scratch/.uv_python/cpython-3.11.16-macos-aarch64-none/lib/python3.11/threading.py", line 1045, in _bootstrap_inner
    self.run()
  File "/Users/pooja/.gemini/antigravity/scratch/frappe_workspace/frappe-bench/env/lib/python3.11/site-packages/redis/client.py", line 1799, in run
    pubsub.get_message(ignore_subscribe_messages=True, timeout=sleep_time)
  File "/Users/pooja/.gemini/antigravity/scratch/frappe_workspace/frappe-bench/env/lib/python3.11/site-packages/redis/client.py", line 1690, in get_message
        return self.main(*args, **kwargs)
           ^^^^^^^^^^^^^^^^^^^^^^^^^^
  File "/Users/pooja/.gemini/antigravity/scratch/frappe_workspace/frappe-bench/env/lib/python3.11/site-packages/click/core.py", line 1490, in main
    rv = self.invoke(ctx)
         ^^^^^^^^^^^^^^^^
  File "/Users/pooja/.gemini/antigravity/scratch/frappe_workspace/frappe-bench/env/lib/python3.11/site-packages/click/core.py", line 1970, in invoke
    return _process_result(sub_ctx.command.invoke(sub_ctx))
                           ^^^^^^^^^^^^^^^^^^^^^^^^^^^^^^^
  File "/Users/pooja/.gemini/antigravity/scratch/frappe_workspace/frappe-bench/env/lib/python3.11/site-packages/click/core.py", line 1970, in invoke
    return _process_result(sub_ctx.command.invoke(sub_ctx))
                           ^^^^^^^^^^^^^^^^^^^^^^^^^^^^^^^
  File "/Users/pooja/.gemini/antigravity/scratch/frappe_workspace/frappe-bench/env/lib/python3.11/site-packages/click/core.py", line 1353, in invoke
    return ctx.invoke(self.callback, **ctx.params)
           ^^^^^^^^^^^^^^^^^^^^^^^^^^^^^^^^^^^^^^^
  File "/Users/pooja/.gemini/antigravity/scratch/frappe_workspace/frappe-bench/env/lib/python3.11/site-packages/click/core.py", line 907, in invoke
    return callback(*args, **kwargs)
           ^^^^^^^^^^^^^^^^^^^^^^^^^
  File "/Users/pooja/.gemini/antigravity/scratch/frappe_workspace/frappe-bench/apps/frappe/frappe/commands/scheduler.py", line 205, in start_worker
    start_worker(
  File "/Users/pooja/.gemini/antigravity/scratch/frappe_workspace/frappe-bench/apps/frappe/frappe/utils/background_jobs.py", line 321, in start_worker
response = self.parse_response(block=(timeout is None), timeout=timeout)
               ^^^^^^^^^^^^^^^^^^^^^^^^^^^^^^^^^^^^^^^^^^^^^^^^^^^^^^^^^^^^^
  File "/Users/pooja/.gemini/antigravity/scratch/frappe_workspace/frappe-bench/env/lib/python3.11/site-packages/redis/client.py", line 1542, in parse_response
        worker.work(
response = self._execute(conn, try_read)
  File "/Users/pooja/.gemini/antigravity/scratch/frappe_workspace/frappe-bench/env/lib/python3.11/site-packages/rq/worker.py", line 456, in work
               ^^^^^^^^^^^^^^^^^^^^^^^    self.teardown()
^  File "/Users/pooja/.gemini/antigravity/scratch/frappe_workspace/frappe-bench/env/lib/python3.11/site-packages/rq/worker.py", line 1046, in teardown
^^^^^
  File "/Users/pooja/.gemini/antigravity/scratch/frappe_workspace/frappe-bench/env/lib/python3.11/site-packages/redis/client.py", line 1518, in _execute
    self.register_death()
  File "/Users/pooja/.gemini/antigravity/scratch/frappe_workspace/frappe-bench/env/lib/python3.11/site-packages/rq/worker.py", line 832, in register_death
    return conn.retry.call_with_retry(
    p.execute()
           ^^^^^^^^^^^^^^^^^^^^^^^^^^^
  File "/Users/pooja/.gemini/antigravity/scratch/frappe_workspace/frappe-bench/env/lib/python3.11/site-packages/redis/client.py", line 2120, in execute
  File "/Users/pooja/.gemini/antigravity/scratch/frappe_workspace/frappe-bench/env/lib/python3.11/site-packages/redis/retry.py", line 49, in call_with_retry
    fail(error)
  File "/Users/pooja/.gemini/antigravity/scratch/frappe_workspace/frappe-bench/env/lib/python3.11/site-packages/redis/client.py", line 1520, in <lambda>
    return conn.retry.call_with_retry(
           ^^^^^^^^^^^^^^^^^^^^^^^^^^^
    lambda error: self._disconnect_raise_connect(conn, error),
  File "/Users/pooja/.gemini/antigravity/scratch/frappe_workspace/frappe-bench/env/lib/python3.11/site-packages/redis/retry.py", line 49, in call_with_retry
                  ^^^^^^^^^^^^^^^^^^^^^^^^^^^^^^^^^^^^^^^^^^^
    fail(error)
  File "/Users/pooja/.gemini/antigravity/scratch/frappe_workspace/frappe-bench/env/lib/python3.11/site-packages/redis/client.py", line 1507, in _disconnect_raise_connect
  File "/Users/pooja/.gemini/antigravity/scratch/frappe_workspace/frappe-bench/env/lib/python3.11/site-packages/redis/client.py", line 2122, in <lambda>
    raise error
    lambda error: self._disconnect_raise_reset(conn, error),
  File "/Users/pooja/.gemini/antigravity/scratch/frappe_workspace/frappe-bench/env/lib/python3.11/site-packages/redis/retry.py", line 46, in call_with_retry
                  ^^^^^^^^^^^^^^^    return do()
^^^^^^^^^^^^^^^^^^^^^^^^^^
   File "/Users/pooja/.gemini/antigravity/scratch/frappe_workspace/frappe-bench/env/lib/python3.11/site-packages/redis/retry.py", line 46, in call_with_retry
          return do()
    ^^^^
           ^^^^
  File "/Users/pooja/.gemini/antigravity/scratch/frappe_workspace/frappe-bench/env/lib/python3.11/site-packages/redis/client.py", line 2121, in <lambda>
  File "/Users/pooja/.gemini/antigravity/scratch/frappe_workspace/frappe-bench/env/lib/python3.11/site-packages/redis/client.py", line 1519, in <lambda>
    lambda: command(*args, **kwargs),
                ^^^^^^^^^^^^^^^^^^^^^^^^
lambda: execute(conn, stack, raise_on_error),  File "/Users/pooja/.gemini/antigravity/scratch/frappe_workspace/frappe-bench/env/lib/python3.11/site-packages/redis/client.py", line 1536, in try_read

       if not conn.can_read(timeout=timeout):
            ^^^^^^^^^^^^^^^^^^^^^^^^^^^^^        ^^^^^^^^^^^^^^^^^^^^^^^^^^^^^^^^^^^^
^  File "/Users/pooja/.gemini/antigravity/scratch/frappe_workspace/frappe-bench/env/lib/python3.11/site-packages/redis/client.py", line 1975, in _execute_transaction

  File "/Users/pooja/.gemini/antigravity/scratch/frappe_workspace/frappe-bench/env/lib/python3.11/site-packages/redis/connection.py", line 861, in can_read
    self.parse_response(connection, "_")
      File "/Users/pooja/.gemini/antigravity/scratch/frappe_workspace/frappe-bench/env/lib/python3.11/site-packages/redis/client.py", line 2060, in parse_response
return self._parser.can_read(timeout)
           ^^^^^^^^^^^^^^^^^^^^^^^^^^^^^^
      File "/Users/pooja/.gemini/antigravity/scratch/frappe_workspace/frappe-bench/env/lib/python3.11/site-packages/redis/connection.py", line 444, in can_read
result = Redis.parse_response(self, connection, command_name, **options)
             ^^^^^^^^^^^^^^^^^^^^^^^^^^^^^^^^^^^^^^^^^^^^^^^^^^^^^^^^^^^^^^^
      File "/Users/pooja/.gemini/antigravity/scratch/frappe_workspace/frappe-bench/env/lib/python3.11/site-packages/redis/client.py", line 1286, in parse_response
return self.read_from_socket(timeout=timeout, raise_on_timeout=False)
           ^^^^^^^^^^^^^^^^^^^^^^^^^^^^^^^^^^^^^^^^^^^^^^^^^^^^^^^^^^^^^^
    response = connection.read_response()
  File "/Users/pooja/.gemini/antigravity/scratch/frappe_workspace/frappe-bench/env/lib/python3.11/site-packages/redis/connection.py", line 455, in read_from_socket
               ^^^^^^^^^^^^^^^^^^^^^^^^^^
    raise ConnectionError(SERVER_CLOSED_CONNECTION_ERROR)
  File "/Users/pooja/.gemini/antigravity/scratch/frappe_workspace/frappe-bench/env/lib/python3.11/site-packages/redis/connection.py", line 882, in read_response
redis.exceptions.ConnectionError: Connection closed by server.
    raise ConnectionError(
redis.exceptions.ConnectionError: Error while reading from 127.0.0.1:11000 : (54, 'Connection reset by peer')
/Users/pooja/.gemini/antigravity/scratch/frappe_workspace/frappe-bench/env/lib/python3.11/site-packages/rq/connections.py:58: DeprecationWarning: The `push_connection` function is deprecated. Pass the `connection` explicitly instead.
  warnings.warn(
/Users/pooja/.gemini/antigravity/scratch/frappe_workspace/frappe-bench/env/lib/python3.11/site-packages/passlib/utils/__init__.py:854: DeprecationWarning: 'crypt' is deprecated and slated for removal in Python 3.13
  from crypt import crypt as _crypt
/Users/pooja/.gemini/antigravity/scratch/frappe_workspace/frappe-bench/env/lib/python3.11/site-packages/rq/connections.py:72: DeprecationWarning: The `pop_connection` function is deprecated. Pass the `connection` explicitly instead.
  warnings.warn(
/Users/pooja/.gemini/antigravity/scratch/frappe_workspace/frappe-bench/env/lib/python3.11/site-packages/rq/connections.py:58: DeprecationWarning: The `push_connection` function is deprecated. Pass the `connection` explicitly instead.
  warnings.warn(
/Users/pooja/.gemini/antigravity/scratch/frappe_workspace/frappe-bench/env/lib/python3.11/site-packages/passlib/utils/__init__.py:854: DeprecationWarning: 'crypt' is deprecated and slated for removal in Python 3.13
  from crypt import crypt as _crypt
/Users/pooja/.gemini/antigravity/scratch/frappe_workspace/frappe-bench/env/lib/python3.11/site-packages/rq/connections.py:72: DeprecationWarning: The `pop_connection` function is deprecated. Pass the `connection` explicitly instead.
  warnings.warn(
/Users/pooja/.gemini/antigravity/scratch/frappe_workspace/frappe-bench/env/lib/python3.11/site-packages/rq/connections.py:58: DeprecationWarning: The `push_connection` function is deprecated. Pass the `connection` explicitly instead.
  warnings.warn(
/Users/pooja/.gemini/antigravity/scratch/frappe_workspace/frappe-bench/env/lib/python3.11/site-packages/passlib/utils/__init__.py:854: DeprecationWarning: 'crypt' is deprecated and slated for removal in Python 3.13
  from crypt import crypt as _crypt
/Users/pooja/.gemini/antigravity/scratch/frappe_workspace/frappe-bench/env/lib/python3.11/site-packages/rq/connections.py:72: DeprecationWarning: The `pop_connection` function is deprecated. Pass the `connection` explicitly instead.
  warnings.warn(
/Users/pooja/.gemini/antigravity/scratch/frappe_workspace/frappe-bench/env/lib/python3.11/site-packages/rq/connections.py:58: DeprecationWarning: The `push_connection` function is deprecated. Pass the `connection` explicitly instead.
  warnings.warn(
/Users/pooja/.gemini/antigravity/scratch/frappe_workspace/frappe-bench/env/lib/python3.11/site-packages/passlib/utils/__init__.py:854: DeprecationWarning: 'crypt' is deprecated and slated for removal in Python 3.13
  from crypt import crypt as _crypt
/Users/pooja/.gemini/antigravity/scratch/frappe_workspace/frappe-bench/env/lib/python3.11/site-packages/rq/connections.py:72: DeprecationWarning: The `pop_connection` function is deprecated. Pass the `connection` explicitly instead.
  warnings.warn(
/Users/pooja/.gemini/antigravity/scratch/frappe_workspace/frappe-bench/env/lib/python3.11/site-packages/rq/connections.py:58: DeprecationWarning: The `push_connection` function is deprecated. Pass the `connection` explicitly instead.
  warnings.warn(
/Users/pooja/.gemini/antigravity/scratch/frappe_workspace/frappe-bench/env/lib/python3.11/site-packages/passlib/utils/__init__.py:854: DeprecationWarning: 'crypt' is deprecated and slated for removal in Python 3.13
  from crypt import crypt as _crypt
/Users/pooja/.gemini/antigravity/scratch/frappe_workspace/frappe-bench/env/lib/python3.11/site-packages/rq/connections.py:72: DeprecationWarning: The `pop_connection` function is deprecated. Pass the `connection` explicitly instead.
  warnings.warn(
/Users/pooja/.gemini/antigravity/scratch/frappe_workspace/frappe-bench/env/lib/python3.11/site-packages/rq/connections.py:58: DeprecationWarning: The `push_connection` function is deprecated. Pass the `connection` explicitly instead.
  warnings.warn(
/Users/pooja/.gemini/antigravity/scratch/frappe_workspace/frappe-bench/env/lib/python3.11/site-packages/passlib/utils/__init__.py:854: DeprecationWarning: 'crypt' is deprecated and slated for removal in Python 3.13
  from crypt import crypt as _crypt
/Users/pooja/.gemini/antigravity/scratch/frappe_workspace/frappe-bench/env/lib/python3.11/site-packages/rq/connections.py:72: DeprecationWarning: The `pop_connection` function is deprecated. Pass the `connection` explicitly instead.
  warnings.warn(
/Users/pooja/.gemini/antigravity/scratch/frappe_workspace/frappe-bench/env/lib/python3.11/site-packages/rq/connections.py:58: DeprecationWarning: The `push_connection` function is deprecated. Pass the `connection` explicitly instead.
  warnings.warn(
/Users/pooja/.gemini/antigravity/scratch/frappe_workspace/frappe-bench/env/lib/python3.11/site-packages/passlib/utils/__init__.py:854: DeprecationWarning: 'crypt' is deprecated and slated for removal in Python 3.13
  from crypt import crypt as _crypt
/Users/pooja/.gemini/antigravity/scratch/frappe_workspace/frappe-bench/env/lib/python3.11/site-packages/rq/connections.py:72: DeprecationWarning: The `pop_connection` function is deprecated. Pass the `connection` explicitly instead.
  warnings.warn(
/Users/pooja/.gemini/antigravity/scratch/frappe_workspace/frappe-bench/env/lib/python3.11/site-packages/rq/connections.py:58: DeprecationWarning: The `push_connection` function is deprecated. Pass the `connection` explicitly instead.
  warnings.warn(
/Users/pooja/.gemini/antigravity/scratch/frappe_workspace/frappe-bench/env/lib/python3.11/site-packages/passlib/utils/__init__.py:854: DeprecationWarning: 'crypt' is deprecated and slated for removal in Python 3.13
  from crypt import crypt as _crypt
/Users/pooja/.gemini/antigravity/scratch/frappe_workspace/frappe-bench/env/lib/python3.11/site-packages/rq/connections.py:72: DeprecationWarning: The `pop_connection` function is deprecated. Pass the `connection` explicitly instead.
  warnings.warn(
/Users/pooja/.gemini/antigravity/scratch/frappe_workspace/frappe-bench/env/lib/python3.11/site-packages/rq/connections.py:58: DeprecationWarning: The `push_connection` function is deprecated. Pass the `connection` explicitly instead.
  warnings.warn(
/Users/pooja/.gemini/antigravity/scratch/frappe_workspace/frappe-bench/env/lib/python3.11/site-packages/passlib/utils/__init__.py:854: DeprecationWarning: 'crypt' is deprecated and slated for removal in Python 3.13
  from crypt import crypt as _crypt
/Users/pooja/.gemini/antigravity/scratch/frappe_workspace/frappe-bench/env/lib/python3.11/site-packages/rq/connections.py:72: DeprecationWarning: The `pop_connection` function is deprecated. Pass the `connection` explicitly instead.
  warnings.warn(
/Users/pooja/.gemini/antigravity/scratch/frappe_workspace/frappe-bench/env/lib/python3.11/site-packages/rq/connections.py:58: DeprecationWarning: The `push_connection` function is deprecated. Pass the `connection` explicitly instead.
  warnings.warn(
/Users/pooja/.gemini/antigravity/scratch/frappe_workspace/frappe-bench/env/lib/python3.11/site-packages/passlib/utils/__init__.py:854: DeprecationWarning: 'crypt' is deprecated and slated for removal in Python 3.13
  from crypt import crypt as _crypt
/Users/pooja/.gemini/antigravity/scratch/frappe_workspace/frappe-bench/env/lib/python3.11/site-packages/rq/connections.py:72: DeprecationWarning: The `pop_connection` function is deprecated. Pass the `connection` explicitly instead.
  warnings.warn(
/Users/pooja/.gemini/antigravity/scratch/frappe_workspace/frappe-bench/env/lib/python3.11/site-packages/rq/connections.py:58: DeprecationWarning: The `push_connection` function is deprecated. Pass the `connection` explicitly instead.
  warnings.warn(
/Users/pooja/.gemini/antigravity/scratch/frappe_workspace/frappe-bench/env/lib/python3.11/site-packages/passlib/utils/__init__.py:854: DeprecationWarning: 'crypt' is deprecated and slated for removal in Python 3.13
  from crypt import crypt as _crypt
/Users/pooja/.gemini/antigravity/scratch/frappe_workspace/frappe-bench/env/lib/python3.11/site-packages/rq/connections.py:72: DeprecationWarning: The `pop_connection` function is deprecated. Pass the `connection` explicitly instead.
  warnings.warn(
/Users/pooja/.gemini/antigravity/scratch/frappe_workspace/frappe-bench/env/lib/python3.11/site-packages/rq/connections.py:58: DeprecationWarning: The `push_connection` function is deprecated. Pass the `connection` explicitly instead.
  warnings.warn(
/Users/pooja/.gemini/antigravity/scratch/frappe_workspace/frappe-bench/env/lib/python3.11/site-packages/passlib/utils/__init__.py:854: DeprecationWarning: 'crypt' is deprecated and slated for removal in Python 3.13
  from crypt import crypt as _crypt
/Users/pooja/.gemini/antigravity/scratch/frappe_workspace/frappe-bench/env/lib/python3.11/site-packages/rq/connections.py:72: DeprecationWarning: The `pop_connection` function is deprecated. Pass the `connection` explicitly instead.
  warnings.warn(
/Users/pooja/.gemini/antigravity/scratch/frappe_workspace/frappe-bench/env/lib/python3.11/site-packages/rq/connections.py:58: DeprecationWarning: The `push_connection` function is deprecated. Pass the `connection` explicitly instead.
  warnings.warn(
/Users/pooja/.gemini/antigravity/scratch/frappe_workspace/frappe-bench/env/lib/python3.11/site-packages/passlib/utils/__init__.py:854: DeprecationWarning: 'crypt' is deprecated and slated for removal in Python 3.13
  from crypt import crypt as _crypt
/Users/pooja/.gemini/antigravity/scratch/frappe_workspace/frappe-bench/env/lib/python3.11/site-packages/rq/connections.py:72: DeprecationWarning: The `pop_connection` function is deprecated. Pass the `connection` explicitly instead.
  warnings.warn(
/Users/pooja/.gemini/antigravity/scratch/frappe_workspace/frappe-bench/env/lib/python3.11/site-packages/rq/connections.py:58: DeprecationWarning: The `push_connection` function is deprecated. Pass the `connection` explicitly instead.
  warnings.warn(
/Users/pooja/.gemini/antigravity/scratch/frappe_workspace/frappe-bench/env/lib/python3.11/site-packages/passlib/utils/__init__.py:854: DeprecationWarning: 'crypt' is deprecated and slated for removal in Python 3.13
  from crypt import crypt as _crypt
/Users/pooja/.gemini/antigravity/scratch/frappe_workspace/frappe-bench/env/lib/python3.11/site-packages/rq/connections.py:72: DeprecationWarning: The `pop_connection` function is deprecated. Pass the `connection` explicitly instead.
  warnings.warn(
/Users/pooja/.gemini/antigravity/scratch/frappe_workspace/frappe-bench/env/lib/python3.11/site-packages/rq/connections.py:58: DeprecationWarning: The `push_connection` function is deprecated. Pass the `connection` explicitly instead.
  warnings.warn(
/Users/pooja/.gemini/antigravity/scratch/frappe_workspace/frappe-bench/env/lib/python3.11/site-packages/passlib/utils/__init__.py:854: DeprecationWarning: 'crypt' is deprecated and slated for removal in Python 3.13
  from crypt import crypt as _crypt
/Users/pooja/.gemini/antigravity/scratch/frappe_workspace/frappe-bench/env/lib/python3.11/site-packages/rq/connections.py:72: DeprecationWarning: The `pop_connection` function is deprecated. Pass the `connection` explicitly instead.
  warnings.warn(
/Users/pooja/.gemini/antigravity/scratch/frappe_workspace/frappe-bench/env/lib/python3.11/site-packages/rq/connections.py:58: DeprecationWarning: The `push_connection` function is deprecated. Pass the `connection` explicitly instead.
  warnings.warn(
/Users/pooja/.gemini/antigravity/scratch/frappe_workspace/frappe-bench/env/lib/python3.11/site-packages/passlib/utils/__init__.py:854: DeprecationWarning: 'crypt' is deprecated and slated for removal in Python 3.13
  from crypt import crypt as _crypt
/Users/pooja/.gemini/antigravity/scratch/frappe_workspace/frappe-bench/env/lib/python3.11/site-packages/rq/connections.py:72: DeprecationWarning: The `pop_connection` function is deprecated. Pass the `connection` explicitly instead.
  warnings.warn(
/Users/pooja/.gemini/antigravity/scratch/frappe_workspace/frappe-bench/env/lib/python3.11/site-packages/rq/connections.py:58: DeprecationWarning: The `push_connection` function is deprecated. Pass the `connection` explicitly instead.
  warnings.warn(
/Users/pooja/.gemini/antigravity/scratch/frappe_workspace/frappe-bench/env/lib/python3.11/site-packages/passlib/utils/__init__.py:854: DeprecationWarning: 'crypt' is deprecated and slated for removal in Python 3.13
  from crypt import crypt as _crypt
/Users/pooja/.gemini/antigravity/scratch/frappe_workspace/frappe-bench/env/lib/python3.11/site-packages/rq/connections.py:72: DeprecationWarning: The `pop_connection` function is deprecated. Pass the `connection` explicitly instead.
  warnings.warn(
/Users/pooja/.gemini/antigravity/scratch/frappe_workspace/frappe-bench/env/lib/python3.11/site-packages/rq/connections.py:58: DeprecationWarning: The `push_connection` function is deprecated. Pass the `connection` explicitly instead.
  warnings.warn(
/Users/pooja/.gemini/antigravity/scratch/frappe_workspace/frappe-bench/env/lib/python3.11/site-packages/passlib/utils/__init__.py:854: DeprecationWarning: 'crypt' is deprecated and slated for removal in Python 3.13
  from crypt import crypt as _crypt
/Users/pooja/.gemini/antigravity/scratch/frappe_workspace/frappe-bench/env/lib/python3.11/site-packages/rq/connections.py:72: DeprecationWarning: The `pop_connection` function is deprecated. Pass the `connection` explicitly instead.
  warnings.warn(
/Users/pooja/.gemini/antigravity/scratch/frappe_workspace/frappe-bench/env/lib/python3.11/site-packages/rq/connections.py:58: DeprecationWarning: The `push_connection` function is deprecated. Pass the `connection` explicitly instead.
  warnings.warn(
/Users/pooja/.gemini/antigravity/scratch/frappe_workspace/frappe-bench/env/lib/python3.11/site-packages/passlib/utils/__init__.py:854: DeprecationWarning: 'crypt' is deprecated and slated for removal in Python 3.13
  from crypt import crypt as _crypt
/Users/pooja/.gemini/antigravity/scratch/frappe_workspace/frappe-bench/env/lib/python3.11/site-packages/rq/connections.py:72: DeprecationWarning: The `pop_connection` function is deprecated. Pass the `connection` explicitly instead.
  warnings.warn(
/Users/pooja/.gemini/antigravity/scratch/frappe_workspace/frappe-bench/env/lib/python3.11/site-packages/rq/connections.py:58: DeprecationWarning: The `push_connection` function is deprecated. Pass the `connection` explicitly instead.
  warnings.warn(
/Users/pooja/.gemini/antigravity/scratch/frappe_workspace/frappe-bench/env/lib/python3.11/site-packages/passlib/utils/__init__.py:854: DeprecationWarning: 'crypt' is deprecated and slated for removal in Python 3.13
  from crypt import crypt as _crypt
/Users/pooja/.gemini/antigravity/scratch/frappe_workspace/frappe-bench/env/lib/python3.11/site-packages/rq/connections.py:72: DeprecationWarning: The `pop_connection` function is deprecated. Pass the `connection` explicitly instead.
  warnings.warn(
/Users/pooja/.gemini/antigravity/scratch/frappe_workspace/frappe-bench/env/lib/python3.11/site-packages/rq/connections.py:58: DeprecationWarning: The `push_connection` function is deprecated. Pass the `connection` explicitly instead.
  warnings.warn(
/Users/pooja/.gemini/antigravity/scratch/frappe_workspace/frappe-bench/env/lib/python3.11/site-packages/passlib/utils/__init__.py:854: DeprecationWarning: 'crypt' is deprecated and slated for removal in Python 3.13
  from crypt import crypt as _crypt
/Users/pooja/.gemini/antigravity/scratch/frappe_workspace/frappe-bench/env/lib/python3.11/site-packages/rq/connections.py:72: DeprecationWarning: The `pop_connection` function is deprecated. Pass the `connection` explicitly instead.
  warnings.warn(
/Users/pooja/.gemini/antigravity/scratch/frappe_workspace/frappe-bench/env/lib/python3.11/site-packages/rq/connections.py:58: DeprecationWarning: The `push_connection` function is deprecated. Pass the `connection` explicitly instead.
  warnings.warn(
/Users/pooja/.gemini/antigravity/scratch/frappe_workspace/frappe-bench/env/lib/python3.11/site-packages/passlib/utils/__init__.py:854: DeprecationWarning: 'crypt' is deprecated and slated for removal in Python 3.13
  from crypt import crypt as _crypt
/Users/pooja/.gemini/antigravity/scratch/frappe_workspace/frappe-bench/env/lib/python3.11/site-packages/rq/connections.py:72: DeprecationWarning: The `pop_connection` function is deprecated. Pass the `connection` explicitly instead.
  warnings.warn(
/Users/pooja/.gemini/antigravity/scratch/frappe_workspace/frappe-bench/env/lib/python3.11/site-packages/rq/connections.py:58: DeprecationWarning: The `push_connection` function is deprecated. Pass the `connection` explicitly instead.
  warnings.warn(
/Users/pooja/.gemini/antigravity/scratch/frappe_workspace/frappe-bench/env/lib/python3.11/site-packages/passlib/utils/__init__.py:854: DeprecationWarning: 'crypt' is deprecated and slated for removal in Python 3.13
  from crypt import crypt as _crypt
/Users/pooja/.gemini/antigravity/scratch/frappe_workspace/frappe-bench/env/lib/python3.11/site-packages/rq/connections.py:72: DeprecationWarning: The `pop_connection` function is deprecated. Pass the `connection` explicitly instead.
  warnings.warn(
/Users/pooja/.gemini/antigravity/scratch/frappe_workspace/frappe-bench/env/lib/python3.11/site-packages/rq/connections.py:58: DeprecationWarning: The `push_connection` function is deprecated. Pass the `connection` explicitly instead.
  warnings.warn(
/Users/pooja/.gemini/antigravity/scratch/frappe_workspace/frappe-bench/env/lib/python3.11/site-packages/passlib/utils/__init__.py:854: DeprecationWarning: 'crypt' is deprecated and slated for removal in Python 3.13
  from crypt import crypt as _crypt
/Users/pooja/.gemini/antigravity/scratch/frappe_workspace/frappe-bench/env/lib/python3.11/site-packages/rq/connections.py:72: DeprecationWarning: The `pop_connection` function is deprecated. Pass the `connection` explicitly instead.
  warnings.warn(
/Users/pooja/.gemini/antigravity/scratch/frappe_workspace/frappe-bench/env/lib/python3.11/site-packages/rq/connections.py:58: DeprecationWarning: The `push_connection` function is deprecated. Pass the `connection` explicitly instead.
  warnings.warn(
/Users/pooja/.gemini/antigravity/scratch/frappe_workspace/frappe-bench/env/lib/python3.11/site-packages/passlib/utils/__init__.py:854: DeprecationWarning: 'crypt' is deprecated and slated for removal in Python 3.13
  from crypt import crypt as _crypt
/Users/pooja/.gemini/antigravity/scratch/frappe_workspace/frappe-bench/env/lib/python3.11/site-packages/rq/connections.py:72: DeprecationWarning: The `pop_connection` function is deprecated. Pass the `connection` explicitly instead.
  warnings.warn(
/Users/pooja/.gemini/antigravity/scratch/frappe_workspace/frappe-bench/env/lib/python3.11/site-packages/rq/connections.py:58: DeprecationWarning: The `push_connection` function is deprecated. Pass the `connection` explicitly instead.
  warnings.warn(
/Users/pooja/.gemini/antigravity/scratch/frappe_workspace/frappe-bench/env/lib/python3.11/site-packages/passlib/utils/__init__.py:854: DeprecationWarning: 'crypt' is deprecated and slated for removal in Python 3.13
  from crypt import crypt as _crypt
/Users/pooja/.gemini/antigravity/scratch/frappe_workspace/frappe-bench/env/lib/python3.11/site-packages/rq/connections.py:72: DeprecationWarning: The `pop_connection` function is deprecated. Pass the `connection` explicitly instead.
  warnings.warn(
/Users/pooja/.gemini/antigravity/scratch/frappe_workspace/frappe-bench/env/lib/python3.11/site-packages/rq/connections.py:58: DeprecationWarning: The `push_connection` function is deprecated. Pass the `connection` explicitly instead.
  warnings.warn(
/Users/pooja/.gemini/antigravity/scratch/frappe_workspace/frappe-bench/env/lib/python3.11/site-packages/passlib/utils/__init__.py:854: DeprecationWarning: 'crypt' is deprecated and slated for removal in Python 3.13
  from crypt import crypt as _crypt
/Users/pooja/.gemini/antigravity/scratch/frappe_workspace/frappe-bench/env/lib/python3.11/site-packages/rq/connections.py:72: DeprecationWarning: The `pop_connection` function is deprecated. Pass the `connection` explicitly instead.
  warnings.warn(
/Users/pooja/.gemini/antigravity/scratch/frappe_workspace/frappe-bench/env/lib/python3.11/site-packages/rq/connections.py:58: DeprecationWarning: The `push_connection` function is deprecated. Pass the `connection` explicitly instead.
  warnings.warn(
/Users/pooja/.gemini/antigravity/scratch/frappe_workspace/frappe-bench/env/lib/python3.11/site-packages/passlib/utils/__init__.py:854: DeprecationWarning: 'crypt' is deprecated and slated for removal in Python 3.13
  from crypt import crypt as _crypt
/Users/pooja/.gemini/antigravity/scratch/frappe_workspace/frappe-bench/env/lib/python3.11/site-packages/rq/connections.py:72: DeprecationWarning: The `pop_connection` function is deprecated. Pass the `connection` explicitly instead.
  warnings.warn(
/Users/pooja/.gemini/antigravity/scratch/frappe_workspace/frappe-bench/env/lib/python3.11/site-packages/rq/connections.py:58: DeprecationWarning: The `push_connection` function is deprecated. Pass the `connection` explicitly instead.
  warnings.warn(
/Users/pooja/.gemini/antigravity/scratch/frappe_workspace/frappe-bench/env/lib/python3.11/site-packages/passlib/utils/__init__.py:854: DeprecationWarning: 'crypt' is deprecated and slated for removal in Python 3.13
  from crypt import crypt as _crypt
/Users/pooja/.gemini/antigravity/scratch/frappe_workspace/frappe-bench/env/lib/python3.11/site-packages/rq/connections.py:72: DeprecationWarning: The `pop_connection` function is deprecated. Pass the `connection` explicitly instead.
  warnings.warn(
/Users/pooja/.gemini/antigravity/scratch/frappe_workspace/frappe-bench/env/lib/python3.11/site-packages/rq/connections.py:58: DeprecationWarning: The `push_connection` function is deprecated. Pass the `connection` explicitly instead.
  warnings.warn(
/Users/pooja/.gemini/antigravity/scratch/frappe_workspace/frappe-bench/env/lib/python3.11/site-packages/passlib/utils/__init__.py:854: DeprecationWarning: 'crypt' is deprecated and slated for removal in Python 3.13
  from crypt import crypt as _crypt
/Users/pooja/.gemini/antigravity/scratch/frappe_workspace/frappe-bench/env/lib/python3.11/site-packages/rq/connections.py:72: DeprecationWarning: The `pop_connection` function is deprecated. Pass the `connection` explicitly instead.
  warnings.warn(
/Users/pooja/.gemini/antigravity/scratch/frappe_workspace/frappe-bench/env/lib/python3.11/site-packages/rq/connections.py:58: DeprecationWarning: The `push_connection` function is deprecated. Pass the `connection` explicitly instead.
  warnings.warn(
/Users/pooja/.gemini/antigravity/scratch/frappe_workspace/frappe-bench/env/lib/python3.11/site-packages/passlib/utils/__init__.py:854: DeprecationWarning: 'crypt' is deprecated and slated for removal in Python 3.13
  from crypt import crypt as _crypt
/Users/pooja/.gemini/antigravity/scratch/frappe_workspace/frappe-bench/env/lib/python3.11/site-packages/rq/connections.py:72: DeprecationWarning: The `pop_connection` function is deprecated. Pass the `connection` explicitly instead.
  warnings.warn(
/Users/pooja/.gemini/antigravity/scratch/frappe_workspace/frappe-bench/env/lib/python3.11/site-packages/rq/connections.py:58: DeprecationWarning: The `push_connection` function is deprecated. Pass the `connection` explicitly instead.
  warnings.warn(
/Users/pooja/.gemini/antigravity/scratch/frappe_workspace/frappe-bench/env/lib/python3.11/site-packages/passlib/utils/__init__.py:854: DeprecationWarning: 'crypt' is deprecated and slated for removal in Python 3.13
  from crypt import crypt as _crypt
/Users/pooja/.gemini/antigravity/scratch/frappe_workspace/frappe-bench/env/lib/python3.11/site-packages/rq/connections.py:72: DeprecationWarning: The `pop_connection` function is deprecated. Pass the `connection` explicitly instead.
  warnings.warn(
/Users/pooja/.gemini/antigravity/scratch/frappe_workspace/frappe-bench/env/lib/python3.11/site-packages/rq/connections.py:58: DeprecationWarning: The `push_connection` function is deprecated. Pass the `connection` explicitly instead.
  warnings.warn(
/Users/pooja/.gemini/antigravity/scratch/frappe_workspace/frappe-bench/env/lib/python3.11/site-packages/passlib/utils/__init__.py:854: DeprecationWarning: 'crypt' is deprecated and slated for removal in Python 3.13
  from crypt import crypt as _crypt
/Users/pooja/.gemini/antigravity/scratch/frappe_workspace/frappe-bench/env/lib/python3.11/site-packages/rq/connections.py:72: DeprecationWarning: The `pop_connection` function is deprecated. Pass the `connection` explicitly instead.
  warnings.warn(
/Users/pooja/.gemini/antigravity/scratch/frappe_workspace/frappe-bench/env/lib/python3.11/site-packages/rq/connections.py:58: DeprecationWarning: The `push_connection` function is deprecated. Pass the `connection` explicitly instead.
  warnings.warn(
/Users/pooja/.gemini/antigravity/scratch/frappe_workspace/frappe-bench/env/lib/python3.11/site-packages/passlib/utils/__init__.py:854: DeprecationWarning: 'crypt' is deprecated and slated for removal in Python 3.13
  from crypt import crypt as _crypt
/Users/pooja/.gemini/antigravity/scratch/frappe_workspace/frappe-bench/env/lib/python3.11/site-packages/rq/connections.py:72: DeprecationWarning: The `pop_connection` function is deprecated. Pass the `connection` explicitly instead.
  warnings.warn(
/Users/pooja/.gemini/antigravity/scratch/frappe_workspace/frappe-bench/env/lib/python3.11/site-packages/rq/connections.py:58: DeprecationWarning: The `push_connection` function is deprecated. Pass the `connection` explicitly instead.
  warnings.warn(
/Users/pooja/.gemini/antigravity/scratch/frappe_workspace/frappe-bench/env/lib/python3.11/site-packages/passlib/utils/__init__.py:854: DeprecationWarning: 'crypt' is deprecated and slated for removal in Python 3.13
  from crypt import crypt as _crypt
/Users/pooja/.gemini/antigravity/scratch/frappe_workspace/frappe-bench/env/lib/python3.11/site-packages/rq/connections.py:72: DeprecationWarning: The `pop_connection` function is deprecated. Pass the `connection` explicitly instead.
  warnings.warn(
/Users/pooja/.gemini/antigravity/scratch/frappe_workspace/frappe-bench/env/lib/python3.11/site-packages/rq/connections.py:58: DeprecationWarning: The `push_connection` function is deprecated. Pass the `connection` explicitly instead.
  warnings.warn(
/Users/pooja/.gemini/antigravity/scratch/frappe_workspace/frappe-bench/env/lib/python3.11/site-packages/passlib/utils/__init__.py:854: DeprecationWarning: 'crypt' is deprecated and slated for removal in Python 3.13
  from crypt import crypt as _crypt
/Users/pooja/.gemini/antigravity/scratch/frappe_workspace/frappe-bench/env/lib/python3.11/site-packages/rq/connections.py:72: DeprecationWarning: The `pop_connection` function is deprecated. Pass the `connection` explicitly instead.
  warnings.warn(
/Users/pooja/.gemini/antigravity/scratch/frappe_workspace/frappe-bench/env/lib/python3.11/site-packages/rq/connections.py:58: DeprecationWarning: The `push_connection` function is deprecated. Pass the `connection` explicitly instead.
  warnings.warn(
/Users/pooja/.gemini/antigravity/scratch/frappe_workspace/frappe-bench/env/lib/python3.11/site-packages/passlib/utils/__init__.py:854: DeprecationWarning: 'crypt' is deprecated and slated for removal in Python 3.13
  from crypt import crypt as _crypt
/Users/pooja/.gemini/antigravity/scratch/frappe_workspace/frappe-bench/env/lib/python3.11/site-packages/rq/connections.py:72: DeprecationWarning: The `pop_connection` function is deprecated. Pass the `connection` explicitly instead.
  warnings.warn(
/Users/pooja/.gemini/antigravity/scratch/frappe_workspace/frappe-bench/env/lib/python3.11/site-packages/rq/connections.py:58: DeprecationWarning: The `push_connection` function is deprecated. Pass the `connection` explicitly instead.
  warnings.warn(
/Users/pooja/.gemini/antigravity/scratch/frappe_workspace/frappe-bench/env/lib/python3.11/site-packages/passlib/utils/__init__.py:854: DeprecationWarning: 'crypt' is deprecated and slated for removal in Python 3.13
  from crypt import crypt as _crypt
/Users/pooja/.gemini/antigravity/scratch/frappe_workspace/frappe-bench/env/lib/python3.11/site-packages/rq/connections.py:72: DeprecationWarning: The `pop_connection` function is deprecated. Pass the `connection` explicitly instead.
  warnings.warn(
/Users/pooja/.gemini/antigravity/scratch/frappe_workspace/frappe-bench/env/lib/python3.11/site-packages/rq/connections.py:58: DeprecationWarning: The `push_connection` function is deprecated. Pass the `connection` explicitly instead.
  warnings.warn(
/Users/pooja/.gemini/antigravity/scratch/frappe_workspace/frappe-bench/env/lib/python3.11/site-packages/passlib/utils/__init__.py:854: DeprecationWarning: 'crypt' is deprecated and slated for removal in Python 3.13
  from crypt import crypt as _crypt
/Users/pooja/.gemini/antigravity/scratch/frappe_workspace/frappe-bench/env/lib/python3.11/site-packages/rq/connections.py:72: DeprecationWarning: The `pop_connection` function is deprecated. Pass the `connection` explicitly instead.
  warnings.warn(
/Users/pooja/.gemini/antigravity/scratch/frappe_workspace/frappe-bench/env/lib/python3.11/site-packages/rq/connections.py:58: DeprecationWarning: The `push_connection` function is deprecated. Pass the `connection` explicitly instead.
  warnings.warn(
/Users/pooja/.gemini/antigravity/scratch/frappe_workspace/frappe-bench/env/lib/python3.11/site-packages/passlib/utils/__init__.py:854: DeprecationWarning: 'crypt' is deprecated and slated for removal in Python 3.13
  from crypt import crypt as _crypt
/Users/pooja/.gemini/antigravity/scratch/frappe_workspace/frappe-bench/env/lib/python3.11/site-packages/rq/connections.py:72: DeprecationWarning: The `pop_connection` function is deprecated. Pass the `connection` explicitly instead.
  warnings.warn(
/Users/pooja/.gemini/antigravity/scratch/frappe_workspace/frappe-bench/env/lib/python3.11/site-packages/rq/connections.py:58: DeprecationWarning: The `push_connection` function is deprecated. Pass the `connection` explicitly instead.
  warnings.warn(
/Users/pooja/.gemini/antigravity/scratch/frappe_workspace/frappe-bench/env/lib/python3.11/site-packages/passlib/utils/__init__.py:854: DeprecationWarning: 'crypt' is deprecated and slated for removal in Python 3.13
  from crypt import crypt as _crypt
/Users/pooja/.gemini/antigravity/scratch/frappe_workspace/frappe-bench/env/lib/python3.11/site-packages/rq/connections.py:72: DeprecationWarning: The `pop_connection` function is deprecated. Pass the `connection` explicitly instead.
  warnings.warn(
/Users/pooja/.gemini/antigravity/scratch/frappe_workspace/frappe-bench/env/lib/python3.11/site-packages/rq/connections.py:58: DeprecationWarning: The `push_connection` function is deprecated. Pass the `connection` explicitly instead.
  warnings.warn(
/Users/pooja/.gemini/antigravity/scratch/frappe_workspace/frappe-bench/env/lib/python3.11/site-packages/passlib/utils/__init__.py:854: DeprecationWarning: 'crypt' is deprecated and slated for removal in Python 3.13
  from crypt import crypt as _crypt
/Users/pooja/.gemini/antigravity/scratch/frappe_workspace/frappe-bench/env/lib/python3.11/site-packages/rq/connections.py:72: DeprecationWarning: The `pop_connection` function is deprecated. Pass the `connection` explicitly instead.
  warnings.warn(
/Users/pooja/.gemini/antigravity/scratch/frappe_workspace/frappe-bench/env/lib/python3.11/site-packages/rq/connections.py:58: DeprecationWarning: The `push_connection` function is deprecated. Pass the `connection` explicitly instead.
  warnings.warn(
/Users/pooja/.gemini/antigravity/scratch/frappe_workspace/frappe-bench/env/lib/python3.11/site-packages/passlib/utils/__init__.py:854: DeprecationWarning: 'crypt' is deprecated and slated for removal in Python 3.13
  from crypt import crypt as _crypt
/Users/pooja/.gemini/antigravity/scratch/frappe_workspace/frappe-bench/env/lib/python3.11/site-packages/rq/connections.py:72: DeprecationWarning: The `pop_connection` function is deprecated. Pass the `connection` explicitly instead.
  warnings.warn(
/Users/pooja/.gemini/antigravity/scratch/frappe_workspace/frappe-bench/env/lib/python3.11/site-packages/rq/connections.py:58: DeprecationWarning: The `push_connection` function is deprecated. Pass the `connection` explicitly instead.
  warnings.warn(
/Users/pooja/.gemini/antigravity/scratch/frappe_workspace/frappe-bench/env/lib/python3.11/site-packages/passlib/utils/__init__.py:854: DeprecationWarning: 'crypt' is deprecated and slated for removal in Python 3.13
  from crypt import crypt as _crypt
/Users/pooja/.gemini/antigravity/scratch/frappe_workspace/frappe-bench/env/lib/python3.11/site-packages/rq/connections.py:72: DeprecationWarning: The `pop_connection` function is deprecated. Pass the `connection` explicitly instead.
  warnings.warn(
/Users/pooja/.gemini/antigravity/scratch/frappe_workspace/frappe-bench/env/lib/python3.11/site-packages/rq/connections.py:58: DeprecationWarning: The `push_connection` function is deprecated. Pass the `connection` explicitly instead.
  warnings.warn(
/Users/pooja/.gemini/antigravity/scratch/frappe_workspace/frappe-bench/env/lib/python3.11/site-packages/passlib/utils/__init__.py:854: DeprecationWarning: 'crypt' is deprecated and slated for removal in Python 3.13
  from crypt import crypt as _crypt
/Users/pooja/.gemini/antigravity/scratch/frappe_workspace/frappe-bench/env/lib/python3.11/site-packages/rq/connections.py:72: DeprecationWarning: The `pop_connection` function is deprecated. Pass the `connection` explicitly instead.
  warnings.warn(
/Users/pooja/.gemini/antigravity/scratch/frappe_workspace/frappe-bench/env/lib/python3.11/site-packages/rq/connections.py:58: DeprecationWarning: The `push_connection` function is deprecated. Pass the `connection` explicitly instead.
  warnings.warn(
/Users/pooja/.gemini/antigravity/scratch/frappe_workspace/frappe-bench/env/lib/python3.11/site-packages/passlib/utils/__init__.py:854: DeprecationWarning: 'crypt' is deprecated and slated for removal in Python 3.13
  from crypt import crypt as _crypt
/Users/pooja/.gemini/antigravity/scratch/frappe_workspace/frappe-bench/env/lib/python3.11/site-packages/rq/connections.py:72: DeprecationWarning: The `pop_connection` function is deprecated. Pass the `connection` explicitly instead.
  warnings.warn(
/Users/pooja/.gemini/antigravity/scratch/frappe_workspace/frappe-bench/env/lib/python3.11/site-packages/rq/connections.py:58: DeprecationWarning: The `push_connection` function is deprecated. Pass the `connection` explicitly instead.
  warnings.warn(
/Users/pooja/.gemini/antigravity/scratch/frappe_workspace/frappe-bench/env/lib/python3.11/site-packages/passlib/utils/__init__.py:854: DeprecationWarning: 'crypt' is deprecated and slated for removal in Python 3.13
  from crypt import crypt as _crypt
/Users/pooja/.gemini/antigravity/scratch/frappe_workspace/frappe-bench/env/lib/python3.11/site-packages/rq/connections.py:72: DeprecationWarning: The `pop_connection` function is deprecated. Pass the `connection` explicitly instead.
  warnings.warn(
/Users/pooja/.gemini/antigravity/scratch/frappe_workspace/frappe-bench/env/lib/python3.11/site-packages/rq/connections.py:58: DeprecationWarning: The `push_connection` function is deprecated. Pass the `connection` explicitly instead.
  warnings.warn(
/Users/pooja/.gemini/antigravity/scratch/frappe_workspace/frappe-bench/env/lib/python3.11/site-packages/passlib/utils/__init__.py:854: DeprecationWarning: 'crypt' is deprecated and slated for removal in Python 3.13
  from crypt import crypt as _crypt
/Users/pooja/.gemini/antigravity/scratch/frappe_workspace/frappe-bench/env/lib/python3.11/site-packages/rq/connections.py:72: DeprecationWarning: The `pop_connection` function is deprecated. Pass the `connection` explicitly instead.
  warnings.warn(
/Users/pooja/.gemini/antigravity/scratch/frappe_workspace/frappe-bench/env/lib/python3.11/site-packages/rq/connections.py:58: DeprecationWarning: The `push_connection` function is deprecated. Pass the `connection` explicitly instead.
  warnings.warn(
/Users/pooja/.gemini/antigravity/scratch/frappe_workspace/frappe-bench/env/lib/python3.11/site-packages/passlib/utils/__init__.py:854: DeprecationWarning: 'crypt' is deprecated and slated for removal in Python 3.13
  from crypt import crypt as _crypt
/Users/pooja/.gemini/antigravity/scratch/frappe_workspace/frappe-bench/env/lib/python3.11/site-packages/rq/connections.py:72: DeprecationWarning: The `pop_connection` function is deprecated. Pass the `connection` explicitly instead.
  warnings.warn(
/Users/pooja/.gemini/antigravity/scratch/frappe_workspace/frappe-bench/env/lib/python3.11/site-packages/rq/connections.py:58: DeprecationWarning: The `push_connection` function is deprecated. Pass the `connection` explicitly instead.
  warnings.warn(
/Users/pooja/.gemini/antigravity/scratch/frappe_workspace/frappe-bench/env/lib/python3.11/site-packages/passlib/utils/__init__.py:854: DeprecationWarning: 'crypt' is deprecated and slated for removal in Python 3.13
  from crypt import crypt as _crypt
/Users/pooja/.gemini/antigravity/scratch/frappe_workspace/frappe-bench/env/lib/python3.11/site-packages/rq/connections.py:72: DeprecationWarning: The `pop_connection` function is deprecated. Pass the `connection` explicitly instead.
  warnings.warn(
/Users/pooja/.gemini/antigravity/scratch/frappe_workspace/frappe-bench/env/lib/python3.11/site-packages/rq/connections.py:58: DeprecationWarning: The `push_connection` function is deprecated. Pass the `connection` explicitly instead.
  warnings.warn(
/Users/pooja/.gemini/antigravity/scratch/frappe_workspace/frappe-bench/env/lib/python3.11/site-packages/passlib/utils/__init__.py:854: DeprecationWarning: 'crypt' is deprecated and slated for removal in Python 3.13
  from crypt import crypt as _crypt
/Users/pooja/.gemini/antigravity/scratch/frappe_workspace/frappe-bench/env/lib/python3.11/site-packages/rq/connections.py:72: DeprecationWarning: The `pop_connection` function is deprecated. Pass the `connection` explicitly instead.
  warnings.warn(
/Users/pooja/.gemini/antigravity/scratch/frappe_workspace/frappe-bench/env/lib/python3.11/site-packages/rq/connections.py:58: DeprecationWarning: The `push_connection` function is deprecated. Pass the `connection` explicitly instead.
  warnings.warn(
/Users/pooja/.gemini/antigravity/scratch/frappe_workspace/frappe-bench/env/lib/python3.11/site-packages/passlib/utils/__init__.py:854: DeprecationWarning: 'crypt' is deprecated and slated for removal in Python 3.13
  from crypt import crypt as _crypt
/Users/pooja/.gemini/antigravity/scratch/frappe_workspace/frappe-bench/env/lib/python3.11/site-packages/rq/connections.py:72: DeprecationWarning: The `pop_connection` function is deprecated. Pass the `connection` explicitly instead.
  warnings.warn(
/Users/pooja/.gemini/antigravity/scratch/frappe_workspace/frappe-bench/env/lib/python3.11/site-packages/rq/connections.py:58: DeprecationWarning: The `push_connection` function is deprecated. Pass the `connection` explicitly instead.
  warnings.warn(
/Users/pooja/.gemini/antigravity/scratch/frappe_workspace/frappe-bench/env/lib/python3.11/site-packages/passlib/utils/__init__.py:854: DeprecationWarning: 'crypt' is deprecated and slated for removal in Python 3.13
  from crypt import crypt as _crypt
/Users/pooja/.gemini/antigravity/scratch/frappe_workspace/frappe-bench/env/lib/python3.11/site-packages/rq/connections.py:72: DeprecationWarning: The `pop_connection` function is deprecated. Pass the `connection` explicitly instead.
  warnings.warn(
/Users/pooja/.gemini/antigravity/scratch/frappe_workspace/frappe-bench/env/lib/python3.11/site-packages/rq/connections.py:58: DeprecationWarning: The `push_connection` function is deprecated. Pass the `connection` explicitly instead.
  warnings.warn(
/Users/pooja/.gemini/antigravity/scratch/frappe_workspace/frappe-bench/env/lib/python3.11/site-packages/passlib/utils/__init__.py:854: DeprecationWarning: 'crypt' is deprecated and slated for removal in Python 3.13
  from crypt import crypt as _crypt
/Users/pooja/.gemini/antigravity/scratch/frappe_workspace/frappe-bench/env/lib/python3.11/site-packages/rq/connections.py:72: DeprecationWarning: The `pop_connection` function is deprecated. Pass the `connection` explicitly instead.
  warnings.warn(
/Users/pooja/.gemini/antigravity/scratch/frappe_workspace/frappe-bench/env/lib/python3.11/site-packages/rq/connections.py:58: DeprecationWarning: The `push_connection` function is deprecated. Pass the `connection` explicitly instead.
  warnings.warn(
/Users/pooja/.gemini/antigravity/scratch/frappe_workspace/frappe-bench/env/lib/python3.11/site-packages/passlib/utils/__init__.py:854: DeprecationWarning: 'crypt' is deprecated and slated for removal in Python 3.13
  from crypt import crypt as _crypt
/Users/pooja/.gemini/antigravity/scratch/frappe_workspace/frappe-bench/env/lib/python3.11/site-packages/rq/connections.py:72: DeprecationWarning: The `pop_connection` function is deprecated. Pass the `connection` explicitly instead.
  warnings.warn(
/Users/pooja/.gemini/antigravity/scratch/frappe_workspace/frappe-bench/env/lib/python3.11/site-packages/rq/connections.py:58: DeprecationWarning: The `push_connection` function is deprecated. Pass the `connection` explicitly instead.
  warnings.warn(
/Users/pooja/.gemini/antigravity/scratch/frappe_workspace/frappe-bench/env/lib/python3.11/site-packages/passlib/utils/__init__.py:854: DeprecationWarning: 'crypt' is deprecated and slated for removal in Python 3.13
  from crypt import crypt as _crypt
/Users/pooja/.gemini/antigravity/scratch/frappe_workspace/frappe-bench/env/lib/python3.11/site-packages/rq/connections.py:72: DeprecationWarning: The `pop_connection` function is deprecated. Pass the `connection` explicitly instead.
  warnings.warn(
/Users/pooja/.gemini/antigravity/scratch/frappe_workspace/frappe-bench/env/lib/python3.11/site-packages/rq/connections.py:58: DeprecationWarning: The `push_connection` function is deprecated. Pass the `connection` explicitly instead.
  warnings.warn(
/Users/pooja/.gemini/antigravity/scratch/frappe_workspace/frappe-bench/env/lib/python3.11/site-packages/passlib/utils/__init__.py:854: DeprecationWarning: 'crypt' is deprecated and slated for removal in Python 3.13
  from crypt import crypt as _crypt
/Users/pooja/.gemini/antigravity/scratch/frappe_workspace/frappe-bench/env/lib/python3.11/site-packages/rq/connections.py:72: DeprecationWarning: The `pop_connection` function is deprecated. Pass the `connection` explicitly instead.
  warnings.warn(
/Users/pooja/.gemini/antigravity/scratch/frappe_workspace/frappe-bench/env/lib/python3.11/site-packages/rq/connections.py:58: DeprecationWarning: The `push_connection` function is deprecated. Pass the `connection` explicitly instead.
  warnings.warn(
/Users/pooja/.gemini/antigravity/scratch/frappe_workspace/frappe-bench/env/lib/python3.11/site-packages/passlib/utils/__init__.py:854: DeprecationWarning: 'crypt' is deprecated and slated for removal in Python 3.13
  from crypt import crypt as _crypt
/Users/pooja/.gemini/antigravity/scratch/frappe_workspace/frappe-bench/env/lib/python3.11/site-packages/rq/connections.py:72: DeprecationWarning: The `pop_connection` function is deprecated. Pass the `connection` explicitly instead.
  warnings.warn(
/Users/pooja/.gemini/antigravity/scratch/frappe_workspace/frappe-bench/env/lib/python3.11/site-packages/rq/connections.py:58: DeprecationWarning: The `push_connection` function is deprecated. Pass the `connection` explicitly instead.
  warnings.warn(
/Users/pooja/.gemini/antigravity/scratch/frappe_workspace/frappe-bench/env/lib/python3.11/site-packages/passlib/utils/__init__.py:854: DeprecationWarning: 'crypt' is deprecated and slated for removal in Python 3.13
  from crypt import crypt as _crypt
/Users/pooja/.gemini/antigravity/scratch/frappe_workspace/frappe-bench/env/lib/python3.11/site-packages/rq/connections.py:72: DeprecationWarning: The `pop_connection` function is deprecated. Pass the `connection` explicitly instead.
  warnings.warn(
/Users/pooja/.gemini/antigravity/scratch/frappe_workspace/frappe-bench/env/lib/python3.11/site-packages/rq/connections.py:58: DeprecationWarning: The `push_connection` function is deprecated. Pass the `connection` explicitly instead.
  warnings.warn(
/Users/pooja/.gemini/antigravity/scratch/frappe_workspace/frappe-bench/env/lib/python3.11/site-packages/passlib/utils/__init__.py:854: DeprecationWarning: 'crypt' is deprecated and slated for removal in Python 3.13
  from crypt import crypt as _crypt
/Users/pooja/.gemini/antigravity/scratch/frappe_workspace/frappe-bench/env/lib/python3.11/site-packages/rq/connections.py:72: DeprecationWarning: The `pop_connection` function is deprecated. Pass the `connection` explicitly instead.
  warnings.warn(
/Users/pooja/.gemini/antigravity/scratch/frappe_workspace/frappe-bench/env/lib/python3.11/site-packages/rq/connections.py:58: DeprecationWarning: The `push_connection` function is deprecated. Pass the `connection` explicitly instead.
  warnings.warn(
/Users/pooja/.gemini/antigravity/scratch/frappe_workspace/frappe-bench/env/lib/python3.11/site-packages/passlib/utils/__init__.py:854: DeprecationWarning: 'crypt' is deprecated and slated for removal in Python 3.13
  from crypt import crypt as _crypt
/Users/pooja/.gemini/antigravity/scratch/frappe_workspace/frappe-bench/env/lib/python3.11/site-packages/rq/connections.py:72: DeprecationWarning: The `pop_connection` function is deprecated. Pass the `connection` explicitly instead.
  warnings.warn(
/Users/pooja/.gemini/antigravity/scratch/frappe_workspace/frappe-bench/env/lib/python3.11/site-packages/rq/connections.py:58: DeprecationWarning: The `push_connection` function is deprecated. Pass the `connection` explicitly instead.
  warnings.warn(
/Users/pooja/.gemini/antigravity/scratch/frappe_workspace/frappe-bench/env/lib/python3.11/site-packages/passlib/utils/__init__.py:854: DeprecationWarning: 'crypt' is deprecated and slated for removal in Python 3.13
  from crypt import crypt as _crypt
/Users/pooja/.gemini/antigravity/scratch/frappe_workspace/frappe-bench/env/lib/python3.11/site-packages/rq/connections.py:72: DeprecationWarning: The `pop_connection` function is deprecated. Pass the `connection` explicitly instead.
  warnings.warn(
/Users/pooja/.gemini/antigravity/scratch/frappe_workspace/frappe-bench/env/lib/python3.11/site-packages/rq/connections.py:58: DeprecationWarning: The `push_connection` function is deprecated. Pass the `connection` explicitly instead.
  warnings.warn(
/Users/pooja/.gemini/antigravity/scratch/frappe_workspace/frappe-bench/env/lib/python3.11/site-packages/passlib/utils/__init__.py:854: DeprecationWarning: 'crypt' is deprecated and slated for removal in Python 3.13
  from crypt import crypt as _crypt
/Users/pooja/.gemini/antigravity/scratch/frappe_workspace/frappe-bench/env/lib/python3.11/site-packages/rq/connections.py:72: DeprecationWarning: The `pop_connection` function is deprecated. Pass the `connection` explicitly instead.
  warnings.warn(
/Users/pooja/.gemini/antigravity/scratch/frappe_workspace/frappe-bench/env/lib/python3.11/site-packages/rq/connections.py:58: DeprecationWarning: The `push_connection` function is deprecated. Pass the `connection` explicitly instead.
  warnings.warn(
/Users/pooja/.gemini/antigravity/scratch/frappe_workspace/frappe-bench/env/lib/python3.11/site-packages/passlib/utils/__init__.py:854: DeprecationWarning: 'crypt' is deprecated and slated for removal in Python 3.13
  from crypt import crypt as _crypt
/Users/pooja/.gemini/antigravity/scratch/frappe_workspace/frappe-bench/env/lib/python3.11/site-packages/rq/connections.py:72: DeprecationWarning: The `pop_connection` function is deprecated. Pass the `connection` explicitly instead.
  warnings.warn(
/Users/pooja/.gemini/antigravity/scratch/frappe_workspace/frappe-bench/env/lib/python3.11/site-packages/rq/connections.py:58: DeprecationWarning: The `push_connection` function is deprecated. Pass the `connection` explicitly instead.
  warnings.warn(
/Users/pooja/.gemini/antigravity/scratch/frappe_workspace/frappe-bench/env/lib/python3.11/site-packages/passlib/utils/__init__.py:854: DeprecationWarning: 'crypt' is deprecated and slated for removal in Python 3.13
  from crypt import crypt as _crypt
/Users/pooja/.gemini/antigravity/scratch/frappe_workspace/frappe-bench/env/lib/python3.11/site-packages/rq/connections.py:72: DeprecationWarning: The `pop_connection` function is deprecated. Pass the `connection` explicitly instead.
  warnings.warn(
/Users/pooja/.gemini/antigravity/scratch/frappe_workspace/frappe-bench/env/lib/python3.11/site-packages/rq/connections.py:58: DeprecationWarning: The `push_connection` function is deprecated. Pass the `connection` explicitly instead.
  warnings.warn(
/Users/pooja/.gemini/antigravity/scratch/frappe_workspace/frappe-bench/env/lib/python3.11/site-packages/passlib/utils/__init__.py:854: DeprecationWarning: 'crypt' is deprecated and slated for removal in Python 3.13
  from crypt import crypt as _crypt
/Users/pooja/.gemini/antigravity/scratch/frappe_workspace/frappe-bench/env/lib/python3.11/site-packages/rq/connections.py:72: DeprecationWarning: The `pop_connection` function is deprecated. Pass the `connection` explicitly instead.
  warnings.warn(
/Users/pooja/.gemini/antigravity/scratch/frappe_workspace/frappe-bench/env/lib/python3.11/site-packages/rq/connections.py:58: DeprecationWarning: The `push_connection` function is deprecated. Pass the `connection` explicitly instead.
  warnings.warn(
/Users/pooja/.gemini/antigravity/scratch/frappe_workspace/frappe-bench/env/lib/python3.11/site-packages/passlib/utils/__init__.py:854: DeprecationWarning: 'crypt' is deprecated and slated for removal in Python 3.13
  from crypt import crypt as _crypt
/Users/pooja/.gemini/antigravity/scratch/frappe_workspace/frappe-bench/env/lib/python3.11/site-packages/rq/connections.py:72: DeprecationWarning: The `pop_connection` function is deprecated. Pass the `connection` explicitly instead.
  warnings.warn(
/Users/pooja/.gemini/antigravity/scratch/frappe_workspace/frappe-bench/env/lib/python3.11/site-packages/rq/connections.py:58: DeprecationWarning: The `push_connection` function is deprecated. Pass the `connection` explicitly instead.
  warnings.warn(
/Users/pooja/.gemini/antigravity/scratch/frappe_workspace/frappe-bench/env/lib/python3.11/site-packages/passlib/utils/__init__.py:854: DeprecationWarning: 'crypt' is deprecated and slated for removal in Python 3.13
  from crypt import crypt as _crypt
/Users/pooja/.gemini/antigravity/scratch/frappe_workspace/frappe-bench/env/lib/python3.11/site-packages/rq/connections.py:72: DeprecationWarning: The `pop_connection` function is deprecated. Pass the `connection` explicitly instead.
  warnings.warn(
/Users/pooja/.gemini/antigravity/scratch/frappe_workspace/frappe-bench/env/lib/python3.11/site-packages/rq/connections.py:58: DeprecationWarning: The `push_connection` function is deprecated. Pass the `connection` explicitly instead.
  warnings.warn(
/Users/pooja/.gemini/antigravity/scratch/frappe_workspace/frappe-bench/env/lib/python3.11/site-packages/passlib/utils/__init__.py:854: DeprecationWarning: 'crypt' is deprecated and slated for removal in Python 3.13
  from crypt import crypt as _crypt
/Users/pooja/.gemini/antigravity/scratch/frappe_workspace/frappe-bench/env/lib/python3.11/site-packages/rq/connections.py:72: DeprecationWarning: The `pop_connection` function is deprecated. Pass the `connection` explicitly instead.
  warnings.warn(
/Users/pooja/.gemini/antigravity/scratch/frappe_workspace/frappe-bench/env/lib/python3.11/site-packages/rq/connections.py:58: DeprecationWarning: The `push_connection` function is deprecated. Pass the `connection` explicitly instead.
  warnings.warn(
/Users/pooja/.gemini/antigravity/scratch/frappe_workspace/frappe-bench/env/lib/python3.11/site-packages/passlib/utils/__init__.py:854: DeprecationWarning: 'crypt' is deprecated and slated for removal in Python 3.13
  from crypt import crypt as _crypt
/Users/pooja/.gemini/antigravity/scratch/frappe_workspace/frappe-bench/env/lib/python3.11/site-packages/rq/connections.py:72: DeprecationWarning: The `pop_connection` function is deprecated. Pass the `connection` explicitly instead.
  warnings.warn(
/Users/pooja/.gemini/antigravity/scratch/frappe_workspace/frappe-bench/env/lib/python3.11/site-packages/rq/connections.py:58: DeprecationWarning: The `push_connection` function is deprecated. Pass the `connection` explicitly instead.
  warnings.warn(
/Users/pooja/.gemini/antigravity/scratch/frappe_workspace/frappe-bench/env/lib/python3.11/site-packages/passlib/utils/__init__.py:854: DeprecationWarning: 'crypt' is deprecated and slated for removal in Python 3.13
  from crypt import crypt as _crypt
/Users/pooja/.gemini/antigravity/scratch/frappe_workspace/frappe-bench/env/lib/python3.11/site-packages/rq/connections.py:72: DeprecationWarning: The `pop_connection` function is deprecated. Pass the `connection` explicitly instead.
  warnings.warn(
/Users/pooja/.gemini/antigravity/scratch/frappe_workspace/frappe-bench/env/lib/python3.11/site-packages/rq/connections.py:58: DeprecationWarning: The `push_connection` function is deprecated. Pass the `connection` explicitly instead.
  warnings.warn(
/Users/pooja/.gemini/antigravity/scratch/frappe_workspace/frappe-bench/env/lib/python3.11/site-packages/passlib/utils/__init__.py:854: DeprecationWarning: 'crypt' is deprecated and slated for removal in Python 3.13
  from crypt import crypt as _crypt
/Users/pooja/.gemini/antigravity/scratch/frappe_workspace/frappe-bench/env/lib/python3.11/site-packages/rq/connections.py:72: DeprecationWarning: The `pop_connection` function is deprecated. Pass the `connection` explicitly instead.
  warnings.warn(
/Users/pooja/.gemini/antigravity/scratch/frappe_workspace/frappe-bench/env/lib/python3.11/site-packages/rq/connections.py:58: DeprecationWarning: The `push_connection` function is deprecated. Pass the `connection` explicitly instead.
  warnings.warn(
/Users/pooja/.gemini/antigravity/scratch/frappe_workspace/frappe-bench/env/lib/python3.11/site-packages/passlib/utils/__init__.py:854: DeprecationWarning: 'crypt' is deprecated and slated for removal in Python 3.13
  from crypt import crypt as _crypt
/Users/pooja/.gemini/antigravity/scratch/frappe_workspace/frappe-bench/env/lib/python3.11/site-packages/rq/connections.py:72: DeprecationWarning: The `pop_connection` function is deprecated. Pass the `connection` explicitly instead.
  warnings.warn(
/Users/pooja/.gemini/antigravity/scratch/frappe_workspace/frappe-bench/env/lib/python3.11/site-packages/rq/connections.py:58: DeprecationWarning: The `push_connection` function is deprecated. Pass the `connection` explicitly instead.
  warnings.warn(
/Users/pooja/.gemini/antigravity/scratch/frappe_workspace/frappe-bench/env/lib/python3.11/site-packages/passlib/utils/__init__.py:854: DeprecationWarning: 'crypt' is deprecated and slated for removal in Python 3.13
  from crypt import crypt as _crypt
/Users/pooja/.gemini/antigravity/scratch/frappe_workspace/frappe-bench/env/lib/python3.11/site-packages/rq/connections.py:72: DeprecationWarning: The `pop_connection` function is deprecated. Pass the `connection` explicitly instead.
  warnings.warn(
/Users/pooja/.gemini/antigravity/scratch/frappe_workspace/frappe-bench/env/lib/python3.11/site-packages/rq/connections.py:58: DeprecationWarning: The `push_connection` function is deprecated. Pass the `connection` explicitly instead.
  warnings.warn(
/Users/pooja/.gemini/antigravity/scratch/frappe_workspace/frappe-bench/env/lib/python3.11/site-packages/passlib/utils/__init__.py:854: DeprecationWarning: 'crypt' is deprecated and slated for removal in Python 3.13
  from crypt import crypt as _crypt
/Users/pooja/.gemini/antigravity/scratch/frappe_workspace/frappe-bench/env/lib/python3.11/site-packages/rq/connections.py:72: DeprecationWarning: The `pop_connection` function is deprecated. Pass the `connection` explicitly instead.
  warnings.warn(
/Users/pooja/.gemini/antigravity/scratch/frappe_workspace/frappe-bench/env/lib/python3.11/site-packages/rq/connections.py:58: DeprecationWarning: The `push_connection` function is deprecated. Pass the `connection` explicitly instead.
  warnings.warn(
/Users/pooja/.gemini/antigravity/scratch/frappe_workspace/frappe-bench/env/lib/python3.11/site-packages/passlib/utils/__init__.py:854: DeprecationWarning: 'crypt' is deprecated and slated for removal in Python 3.13
  from crypt import crypt as _crypt
/Users/pooja/.gemini/antigravity/scratch/frappe_workspace/frappe-bench/env/lib/python3.11/site-packages/rq/connections.py:72: DeprecationWarning: The `pop_connection` function is deprecated. Pass the `connection` explicitly instead.
  warnings.warn(
/Users/pooja/.gemini/antigravity/scratch/frappe_workspace/frappe-bench/env/lib/python3.11/site-packages/rq/connections.py:58: DeprecationWarning: The `push_connection` function is deprecated. Pass the `connection` explicitly instead.
  warnings.warn(
/Users/pooja/.gemini/antigravity/scratch/frappe_workspace/frappe-bench/env/lib/python3.11/site-packages/passlib/utils/__init__.py:854: DeprecationWarning: 'crypt' is deprecated and slated for removal in Python 3.13
  from crypt import crypt as _crypt
/Users/pooja/.gemini/antigravity/scratch/frappe_workspace/frappe-bench/env/lib/python3.11/site-packages/rq/connections.py:72: DeprecationWarning: The `pop_connection` function is deprecated. Pass the `connection` explicitly instead.
  warnings.warn(
/Users/pooja/.gemini/antigravity/scratch/frappe_workspace/frappe-bench/env/lib/python3.11/site-packages/rq/connections.py:58: DeprecationWarning: The `push_connection` function is deprecated. Pass the `connection` explicitly instead.
  warnings.warn(
/Users/pooja/.gemini/antigravity/scratch/frappe_workspace/frappe-bench/env/lib/python3.11/site-packages/passlib/utils/__init__.py:854: DeprecationWarning: 'crypt' is deprecated and slated for removal in Python 3.13
  from crypt import crypt as _crypt
/Users/pooja/.gemini/antigravity/scratch/frappe_workspace/frappe-bench/env/lib/python3.11/site-packages/rq/connections.py:72: DeprecationWarning: The `pop_connection` function is deprecated. Pass the `connection` explicitly instead.
  warnings.warn(
/Users/pooja/.gemini/antigravity/scratch/frappe_workspace/frappe-bench/env/lib/python3.11/site-packages/rq/connections.py:58: DeprecationWarning: The `push_connection` function is deprecated. Pass the `connection` explicitly instead.
  warnings.warn(
/Users/pooja/.gemini/antigravity/scratch/frappe_workspace/frappe-bench/env/lib/python3.11/site-packages/passlib/utils/__init__.py:854: DeprecationWarning: 'crypt' is deprecated and slated for removal in Python 3.13
  from crypt import crypt as _crypt
/Users/pooja/.gemini/antigravity/scratch/frappe_workspace/frappe-bench/env/lib/python3.11/site-packages/rq/connections.py:72: DeprecationWarning: The `pop_connection` function is deprecated. Pass the `connection` explicitly instead.
  warnings.warn(
/Users/pooja/.gemini/antigravity/scratch/frappe_workspace/frappe-bench/env/lib/python3.11/site-packages/rq/connections.py:58: DeprecationWarning: The `push_connection` function is deprecated. Pass the `connection` explicitly instead.
  warnings.warn(
/Users/pooja/.gemini/antigravity/scratch/frappe_workspace/frappe-bench/env/lib/python3.11/site-packages/passlib/utils/__init__.py:854: DeprecationWarning: 'crypt' is deprecated and slated for removal in Python 3.13
  from crypt import crypt as _crypt
/Users/pooja/.gemini/antigravity/scratch/frappe_workspace/frappe-bench/env/lib/python3.11/site-packages/rq/connections.py:72: DeprecationWarning: The `pop_connection` function is deprecated. Pass the `connection` explicitly instead.
  warnings.warn(
/Users/pooja/.gemini/antigravity/scratch/frappe_workspace/frappe-bench/env/lib/python3.11/site-packages/rq/connections.py:58: DeprecationWarning: The `push_connection` function is deprecated. Pass the `connection` explicitly instead.
  warnings.warn(
/Users/pooja/.gemini/antigravity/scratch/frappe_workspace/frappe-bench/env/lib/python3.11/site-packages/passlib/utils/__init__.py:854: DeprecationWarning: 'crypt' is deprecated and slated for removal in Python 3.13
  from crypt import crypt as _crypt
/Users/pooja/.gemini/antigravity/scratch/frappe_workspace/frappe-bench/env/lib/python3.11/site-packages/rq/connections.py:72: DeprecationWarning: The `pop_connection` function is deprecated. Pass the `connection` explicitly instead.
  warnings.warn(
/Users/pooja/.gemini/antigravity/scratch/frappe_workspace/frappe-bench/env/lib/python3.11/site-packages/rq/connections.py:58: DeprecationWarning: The `push_connection` function is deprecated. Pass the `connection` explicitly instead.
  warnings.warn(
/Users/pooja/.gemini/antigravity/scratch/frappe_workspace/frappe-bench/env/lib/python3.11/site-packages/passlib/utils/__init__.py:854: DeprecationWarning: 'crypt' is deprecated and slated for removal in Python 3.13
  from crypt import crypt as _crypt
/Users/pooja/.gemini/antigravity/scratch/frappe_workspace/frappe-bench/env/lib/python3.11/site-packages/rq/connections.py:72: DeprecationWarning: The `pop_connection` function is deprecated. Pass the `connection` explicitly instead.
  warnings.warn(
/Users/pooja/.gemini/antigravity/scratch/frappe_workspace/frappe-bench/env/lib/python3.11/site-packages/rq/connections.py:58: DeprecationWarning: The `push_connection` function is deprecated. Pass the `connection` explicitly instead.
  warnings.warn(
/Users/pooja/.gemini/antigravity/scratch/frappe_workspace/frappe-bench/env/lib/python3.11/site-packages/passlib/utils/__init__.py:854: DeprecationWarning: 'crypt' is deprecated and slated for removal in Python 3.13
  from crypt import crypt as _crypt
/Users/pooja/.gemini/antigravity/scratch/frappe_workspace/frappe-bench/env/lib/python3.11/site-packages/rq/connections.py:72: DeprecationWarning: The `pop_connection` function is deprecated. Pass the `connection` explicitly instead.
  warnings.warn(
/Users/pooja/.gemini/antigravity/scratch/frappe_workspace/frappe-bench/env/lib/python3.11/site-packages/rq/connections.py:58: DeprecationWarning: The `push_connection` function is deprecated. Pass the `connection` explicitly instead.
  warnings.warn(
/Users/pooja/.gemini/antigravity/scratch/frappe_workspace/frappe-bench/env/lib/python3.11/site-packages/passlib/utils/__init__.py:854: DeprecationWarning: 'crypt' is deprecated and slated for removal in Python 3.13
  from crypt import crypt as _crypt
/Users/pooja/.gemini/antigravity/scratch/frappe_workspace/frappe-bench/env/lib/python3.11/site-packages/rq/connections.py:72: DeprecationWarning: The `pop_connection` function is deprecated. Pass the `connection` explicitly instead.
  warnings.warn(
/Users/pooja/.gemini/antigravity/scratch/frappe_workspace/frappe-bench/env/lib/python3.11/site-packages/rq/connections.py:58: DeprecationWarning: The `push_connection` function is deprecated. Pass the `connection` explicitly instead.
  warnings.warn(
/Users/pooja/.gemini/antigravity/scratch/frappe_workspace/frappe-bench/env/lib/python3.11/site-packages/passlib/utils/__init__.py:854: DeprecationWarning: 'crypt' is deprecated and slated for removal in Python 3.13
  from crypt import crypt as _crypt
/Users/pooja/.gemini/antigravity/scratch/frappe_workspace/frappe-bench/env/lib/python3.11/site-packages/rq/connections.py:72: DeprecationWarning: The `pop_connection` function is deprecated. Pass the `connection` explicitly instead.
  warnings.warn(
/Users/pooja/.gemini/antigravity/scratch/frappe_workspace/frappe-bench/env/lib/python3.11/site-packages/rq/connections.py:58: DeprecationWarning: The `push_connection` function is deprecated. Pass the `connection` explicitly instead.
  warnings.warn(
/Users/pooja/.gemini/antigravity/scratch/frappe_workspace/frappe-bench/env/lib/python3.11/site-packages/passlib/utils/__init__.py:854: DeprecationWarning: 'crypt' is deprecated and slated for removal in Python 3.13
  from crypt import crypt as _crypt
/Users/pooja/.gemini/antigravity/scratch/frappe_workspace/frappe-bench/env/lib/python3.11/site-packages/rq/connections.py:72: DeprecationWarning: The `pop_connection` function is deprecated. Pass the `connection` explicitly instead.
  warnings.warn(
/Users/pooja/.gemini/antigravity/scratch/frappe_workspace/frappe-bench/env/lib/python3.11/site-packages/rq/connections.py:58: DeprecationWarning: The `push_connection` function is deprecated. Pass the `connection` explicitly instead.
  warnings.warn(
/Users/pooja/.gemini/antigravity/scratch/frappe_workspace/frappe-bench/env/lib/python3.11/site-packages/passlib/utils/__init__.py:854: DeprecationWarning: 'crypt' is deprecated and slated for removal in Python 3.13
  from crypt import crypt as _crypt
/Users/pooja/.gemini/antigravity/scratch/frappe_workspace/frappe-bench/env/lib/python3.11/site-packages/rq/connections.py:72: DeprecationWarning: The `pop_connection` function is deprecated. Pass the `connection` explicitly instead.
  warnings.warn(
/Users/pooja/.gemini/antigravity/scratch/frappe_workspace/frappe-bench/env/lib/python3.11/site-packages/rq/connections.py:58: DeprecationWarning: The `push_connection` function is deprecated. Pass the `connection` explicitly instead.
  warnings.warn(
/Users/pooja/.gemini/antigravity/scratch/frappe_workspace/frappe-bench/env/lib/python3.11/site-packages/passlib/utils/__init__.py:854: DeprecationWarning: 'crypt' is deprecated and slated for removal in Python 3.13
  from crypt import crypt as _crypt
/Users/pooja/.gemini/antigravity/scratch/frappe_workspace/frappe-bench/env/lib/python3.11/site-packages/rq/connections.py:72: DeprecationWarning: The `pop_connection` function is deprecated. Pass the `connection` explicitly instead.
  warnings.warn(
/Users/pooja/.gemini/antigravity/scratch/frappe_workspace/frappe-bench/env/lib/python3.11/site-packages/rq/connections.py:58: DeprecationWarning: The `push_connection` function is deprecated. Pass the `connection` explicitly instead.
  warnings.warn(
/Users/pooja/.gemini/antigravity/scratch/frappe_workspace/frappe-bench/env/lib/python3.11/site-packages/passlib/utils/__init__.py:854: DeprecationWarning: 'crypt' is deprecated and slated for removal in Python 3.13
  from crypt import crypt as _crypt
/Users/pooja/.gemini/antigravity/scratch/frappe_workspace/frappe-bench/env/lib/python3.11/site-packages/rq/connections.py:72: DeprecationWarning: The `pop_connection` function is deprecated. Pass the `connection` explicitly instead.
  warnings.warn(
/Users/pooja/.gemini/antigravity/scratch/frappe_workspace/frappe-bench/env/lib/python3.11/site-packages/rq/connections.py:58: DeprecationWarning: The `push_connection` function is deprecated. Pass the `connection` explicitly instead.
  warnings.warn(
/Users/pooja/.gemini/antigravity/scratch/frappe_workspace/frappe-bench/env/lib/python3.11/site-packages/passlib/utils/__init__.py:854: DeprecationWarning: 'crypt' is deprecated and slated for removal in Python 3.13
  from crypt import crypt as _crypt
/Users/pooja/.gemini/antigravity/scratch/frappe_workspace/frappe-bench/env/lib/python3.11/site-packages/rq/connections.py:72: DeprecationWarning: The `pop_connection` function is deprecated. Pass the `connection` explicitly instead.
  warnings.warn(
/Users/pooja/.gemini/antigravity/scratch/frappe_workspace/frappe-bench/env/lib/python3.11/site-packages/rq/connections.py:58: DeprecationWarning: The `push_connection` function is deprecated. Pass the `connection` explicitly instead.
  warnings.warn(
/Users/pooja/.gemini/antigravity/scratch/frappe_workspace/frappe-bench/env/lib/python3.11/site-packages/passlib/utils/__init__.py:854: DeprecationWarning: 'crypt' is deprecated and slated for removal in Python 3.13
  from crypt import crypt as _crypt
/Users/pooja/.gemini/antigravity/scratch/frappe_workspace/frappe-bench/env/lib/python3.11/site-packages/rq/connections.py:72: DeprecationWarning: The `pop_connection` function is deprecated. Pass the `connection` explicitly instead.
  warnings.warn(
/Users/pooja/.gemini/antigravity/scratch/frappe_workspace/frappe-bench/env/lib/python3.11/site-packages/rq/connections.py:58: DeprecationWarning: The `push_connection` function is deprecated. Pass the `connection` explicitly instead.
  warnings.warn(
/Users/pooja/.gemini/antigravity/scratch/frappe_workspace/frappe-bench/env/lib/python3.11/site-packages/passlib/utils/__init__.py:854: DeprecationWarning: 'crypt' is deprecated and slated for removal in Python 3.13
  from crypt import crypt as _crypt
/Users/pooja/.gemini/antigravity/scratch/frappe_workspace/frappe-bench/env/lib/python3.11/site-packages/rq/connections.py:72: DeprecationWarning: The `pop_connection` function is deprecated. Pass the `connection` explicitly instead.
  warnings.warn(
/Users/pooja/.gemini/antigravity/scratch/frappe_workspace/frappe-bench/env/lib/python3.11/site-packages/rq/connections.py:58: DeprecationWarning: The `push_connection` function is deprecated. Pass the `connection` explicitly instead.
  warnings.warn(
/Users/pooja/.gemini/antigravity/scratch/frappe_workspace/frappe-bench/env/lib/python3.11/site-packages/passlib/utils/__init__.py:854: DeprecationWarning: 'crypt' is deprecated and slated for removal in Python 3.13
  from crypt import crypt as _crypt
/Users/pooja/.gemini/antigravity/scratch/frappe_workspace/frappe-bench/env/lib/python3.11/site-packages/rq/connections.py:72: DeprecationWarning: The `pop_connection` function is deprecated. Pass the `connection` explicitly instead.
  warnings.warn(
/Users/pooja/.gemini/antigravity/scratch/frappe_workspace/frappe-bench/env/lib/python3.11/site-packages/rq/connections.py:58: DeprecationWarning: The `push_connection` function is deprecated. Pass the `connection` explicitly instead.
  warnings.warn(
/Users/pooja/.gemini/antigravity/scratch/frappe_workspace/frappe-bench/env/lib/python3.11/site-packages/passlib/utils/__init__.py:854: DeprecationWarning: 'crypt' is deprecated and slated for removal in Python 3.13
  from crypt import crypt as _crypt
/Users/pooja/.gemini/antigravity/scratch/frappe_workspace/frappe-bench/env/lib/python3.11/site-packages/rq/connections.py:72: DeprecationWarning: The `pop_connection` function is deprecated. Pass the `connection` explicitly instead.
  warnings.warn(
/Users/pooja/.gemini/antigravity/scratch/frappe_workspace/frappe-bench/env/lib/python3.11/site-packages/rq/connections.py:58: DeprecationWarning: The `push_connection` function is deprecated. Pass the `connection` explicitly instead.
  warnings.warn(
/Users/pooja/.gemini/antigravity/scratch/frappe_workspace/frappe-bench/env/lib/python3.11/site-packages/passlib/utils/__init__.py:854: DeprecationWarning: 'crypt' is deprecated and slated for removal in Python 3.13
  from crypt import crypt as _crypt
/Users/pooja/.gemini/antigravity/scratch/frappe_workspace/frappe-bench/env/lib/python3.11/site-packages/rq/connections.py:72: DeprecationWarning: The `pop_connection` function is deprecated. Pass the `connection` explicitly instead.
  warnings.warn(
/Users/pooja/.gemini/antigravity/scratch/frappe_workspace/frappe-bench/env/lib/python3.11/site-packages/rq/connections.py:58: DeprecationWarning: The `push_connection` function is deprecated. Pass the `connection` explicitly instead.
  warnings.warn(
/Users/pooja/.gemini/antigravity/scratch/frappe_workspace/frappe-bench/env/lib/python3.11/site-packages/passlib/utils/__init__.py:854: DeprecationWarning: 'crypt' is deprecated and slated for removal in Python 3.13
  from crypt import crypt as _crypt
/Users/pooja/.gemini/antigravity/scratch/frappe_workspace/frappe-bench/env/lib/python3.11/site-packages/rq/connections.py:72: DeprecationWarning: The `pop_connection` function is deprecated. Pass the `connection` explicitly instead.
  warnings.warn(
/Users/pooja/.gemini/antigravity/scratch/frappe_workspace/frappe-bench/env/lib/python3.11/site-packages/rq/connections.py:58: DeprecationWarning: The `push_connection` function is deprecated. Pass the `connection` explicitly instead.
  warnings.warn(
/Users/pooja/.gemini/antigravity/scratch/frappe_workspace/frappe-bench/env/lib/python3.11/site-packages/passlib/utils/__init__.py:854: DeprecationWarning: 'crypt' is deprecated and slated for removal in Python 3.13
  from crypt import crypt as _crypt
/Users/pooja/.gemini/antigravity/scratch/frappe_workspace/frappe-bench/env/lib/python3.11/site-packages/rq/connections.py:72: DeprecationWarning: The `pop_connection` function is deprecated. Pass the `connection` explicitly instead.
  warnings.warn(
/Users/pooja/.gemini/antigravity/scratch/frappe_workspace/frappe-bench/env/lib/python3.11/site-packages/rq/connections.py:58: DeprecationWarning: The `push_connection` function is deprecated. Pass the `connection` explicitly instead.
  warnings.warn(
/Users/pooja/.gemini/antigravity/scratch/frappe_workspace/frappe-bench/env/lib/python3.11/site-packages/passlib/utils/__init__.py:854: DeprecationWarning: 'crypt' is deprecated and slated for removal in Python 3.13
  from crypt import crypt as _crypt
/Users/pooja/.gemini/antigravity/scratch/frappe_workspace/frappe-bench/env/lib/python3.11/site-packages/rq/connections.py:72: DeprecationWarning: The `pop_connection` function is deprecated. Pass the `connection` explicitly instead.
  warnings.warn(
/Users/pooja/.gemini/antigravity/scratch/frappe_workspace/frappe-bench/env/lib/python3.11/site-packages/rq/connections.py:58: DeprecationWarning: The `push_connection` function is deprecated. Pass the `connection` explicitly instead.
  warnings.warn(
/Users/pooja/.gemini/antigravity/scratch/frappe_workspace/frappe-bench/env/lib/python3.11/site-packages/passlib/utils/__init__.py:854: DeprecationWarning: 'crypt' is deprecated and slated for removal in Python 3.13
  from crypt import crypt as _crypt
/Users/pooja/.gemini/antigravity/scratch/frappe_workspace/frappe-bench/env/lib/python3.11/site-packages/rq/connections.py:72: DeprecationWarning: The `pop_connection` function is deprecated. Pass the `connection` explicitly instead.
  warnings.warn(
/Users/pooja/.gemini/antigravity/scratch/frappe_workspace/frappe-bench/env/lib/python3.11/site-packages/rq/connections.py:58: DeprecationWarning: The `push_connection` function is deprecated. Pass the `connection` explicitly instead.
  warnings.warn(
/Users/pooja/.gemini/antigravity/scratch/frappe_workspace/frappe-bench/env/lib/python3.11/site-packages/passlib/utils/__init__.py:854: DeprecationWarning: 'crypt' is deprecated and slated for removal in Python 3.13
  from crypt import crypt as _crypt
/Users/pooja/.gemini/antigravity/scratch/frappe_workspace/frappe-bench/env/lib/python3.11/site-packages/rq/connections.py:72: DeprecationWarning: The `pop_connection` function is deprecated. Pass the `connection` explicitly instead.
  warnings.warn(
/Users/pooja/.gemini/antigravity/scratch/frappe_workspace/frappe-bench/env/lib/python3.11/site-packages/rq/connections.py:58: DeprecationWarning: The `push_connection` function is deprecated. Pass the `connection` explicitly instead.
  warnings.warn(
/Users/pooja/.gemini/antigravity/scratch/frappe_workspace/frappe-bench/env/lib/python3.11/site-packages/passlib/utils/__init__.py:854: DeprecationWarning: 'crypt' is deprecated and slated for removal in Python 3.13
  from crypt import crypt as _crypt
/Users/pooja/.gemini/antigravity/scratch/frappe_workspace/frappe-bench/env/lib/python3.11/site-packages/rq/connections.py:72: DeprecationWarning: The `pop_connection` function is deprecated. Pass the `connection` explicitly instead.
  warnings.warn(
/Users/pooja/.gemini/antigravity/scratch/frappe_workspace/frappe-bench/env/lib/python3.11/site-packages/rq/connections.py:58: DeprecationWarning: The `push_connection` function is deprecated. Pass the `connection` explicitly instead.
  warnings.warn(
/Users/pooja/.gemini/antigravity/scratch/frappe_workspace/frappe-bench/env/lib/python3.11/site-packages/passlib/utils/__init__.py:854: DeprecationWarning: 'crypt' is deprecated and slated for removal in Python 3.13
  from crypt import crypt as _crypt
/Users/pooja/.gemini/antigravity/scratch/frappe_workspace/frappe-bench/env/lib/python3.11/site-packages/rq/connections.py:72: DeprecationWarning: The `pop_connection` function is deprecated. Pass the `connection` explicitly instead.
  warnings.warn(
/Users/pooja/.gemini/antigravity/scratch/frappe_workspace/frappe-bench/env/lib/python3.11/site-packages/rq/connections.py:58: DeprecationWarning: The `push_connection` function is deprecated. Pass the `connection` explicitly instead.
  warnings.warn(
/Users/pooja/.gemini/antigravity/scratch/frappe_workspace/frappe-bench/env/lib/python3.11/site-packages/passlib/utils/__init__.py:854: DeprecationWarning: 'crypt' is deprecated and slated for removal in Python 3.13
  from crypt import crypt as _crypt
/Users/pooja/.gemini/antigravity/scratch/frappe_workspace/frappe-bench/env/lib/python3.11/site-packages/rq/connections.py:72: DeprecationWarning: The `pop_connection` function is deprecated. Pass the `connection` explicitly instead.
  warnings.warn(
/Users/pooja/.gemini/antigravity/scratch/frappe_workspace/frappe-bench/env/lib/python3.11/site-packages/rq/connections.py:58: DeprecationWarning: The `push_connection` function is deprecated. Pass the `connection` explicitly instead.
  warnings.warn(
/Users/pooja/.gemini/antigravity/scratch/frappe_workspace/frappe-bench/env/lib/python3.11/site-packages/passlib/utils/__init__.py:854: DeprecationWarning: 'crypt' is deprecated and slated for removal in Python 3.13
  from crypt import crypt as _crypt
/Users/pooja/.gemini/antigravity/scratch/frappe_workspace/frappe-bench/env/lib/python3.11/site-packages/rq/connections.py:72: DeprecationWarning: The `pop_connection` function is deprecated. Pass the `connection` explicitly instead.
  warnings.warn(
/Users/pooja/.gemini/antigravity/scratch/frappe_workspace/frappe-bench/env/lib/python3.11/site-packages/rq/connections.py:58: DeprecationWarning: The `push_connection` function is deprecated. Pass the `connection` explicitly instead.
  warnings.warn(
/Users/pooja/.gemini/antigravity/scratch/frappe_workspace/frappe-bench/env/lib/python3.11/site-packages/passlib/utils/__init__.py:854: DeprecationWarning: 'crypt' is deprecated and slated for removal in Python 3.13
  from crypt import crypt as _crypt
/Users/pooja/.gemini/antigravity/scratch/frappe_workspace/frappe-bench/env/lib/python3.11/site-packages/rq/connections.py:72: DeprecationWarning: The `pop_connection` function is deprecated. Pass the `connection` explicitly instead.
  warnings.warn(
/Users/pooja/.gemini/antigravity/scratch/frappe_workspace/frappe-bench/env/lib/python3.11/site-packages/rq/connections.py:58: DeprecationWarning: The `push_connection` function is deprecated. Pass the `connection` explicitly instead.
  warnings.warn(
/Users/pooja/.gemini/antigravity/scratch/frappe_workspace/frappe-bench/env/lib/python3.11/site-packages/passlib/utils/__init__.py:854: DeprecationWarning: 'crypt' is deprecated and slated for removal in Python 3.13
  from crypt import crypt as _crypt
/Users/pooja/.gemini/antigravity/scratch/frappe_workspace/frappe-bench/env/lib/python3.11/site-packages/rq/connections.py:72: DeprecationWarning: The `pop_connection` function is deprecated. Pass the `connection` explicitly instead.
  warnings.warn(
/Users/pooja/.gemini/antigravity/scratch/frappe_workspace/frappe-bench/env/lib/python3.11/site-packages/rq/connections.py:58: DeprecationWarning: The `push_connection` function is deprecated. Pass the `connection` explicitly instead.
  warnings.warn(
/Users/pooja/.gemini/antigravity/scratch/frappe_workspace/frappe-bench/env/lib/python3.11/site-packages/passlib/utils/__init__.py:854: DeprecationWarning: 'crypt' is deprecated and slated for removal in Python 3.13
  from crypt import crypt as _crypt
/Users/pooja/.gemini/antigravity/scratch/frappe_workspace/frappe-bench/env/lib/python3.11/site-packages/rq/connections.py:72: DeprecationWarning: The `pop_connection` function is deprecated. Pass the `connection` explicitly instead.
  warnings.warn(
/Users/pooja/.gemini/antigravity/scratch/frappe_workspace/frappe-bench/env/lib/python3.11/site-packages/rq/connections.py:58: DeprecationWarning: The `push_connection` function is deprecated. Pass the `connection` explicitly instead.
  warnings.warn(
/Users/pooja/.gemini/antigravity/scratch/frappe_workspace/frappe-bench/env/lib/python3.11/site-packages/passlib/utils/__init__.py:854: DeprecationWarning: 'crypt' is deprecated and slated for removal in Python 3.13
  from crypt import crypt as _crypt
/Users/pooja/.gemini/antigravity/scratch/frappe_workspace/frappe-bench/env/lib/python3.11/site-packages/rq/connections.py:72: DeprecationWarning: The `pop_connection` function is deprecated. Pass the `connection` explicitly instead.
  warnings.warn(
/Users/pooja/.gemini/antigravity/scratch/frappe_workspace/frappe-bench/env/lib/python3.11/site-packages/rq/connections.py:58: DeprecationWarning: The `push_connection` function is deprecated. Pass the `connection` explicitly instead.
  warnings.warn(
/Users/pooja/.gemini/antigravity/scratch/frappe_workspace/frappe-bench/env/lib/python3.11/site-packages/passlib/utils/__init__.py:854: DeprecationWarning: 'crypt' is deprecated and slated for removal in Python 3.13
  from crypt import crypt as _crypt
/Users/pooja/.gemini/antigravity/scratch/frappe_workspace/frappe-bench/env/lib/python3.11/site-packages/rq/connections.py:72: DeprecationWarning: The `pop_connection` function is deprecated. Pass the `connection` explicitly instead.
  warnings.warn(
/Users/pooja/.gemini/antigravity/scratch/frappe_workspace/frappe-bench/env/lib/python3.11/site-packages/rq/connections.py:58: DeprecationWarning: The `push_connection` function is deprecated. Pass the `connection` explicitly instead.
  warnings.warn(
/Users/pooja/.gemini/antigravity/scratch/frappe_workspace/frappe-bench/env/lib/python3.11/site-packages/passlib/utils/__init__.py:854: DeprecationWarning: 'crypt' is deprecated and slated for removal in Python 3.13
  from crypt import crypt as _crypt
/Users/pooja/.gemini/antigravity/scratch/frappe_workspace/frappe-bench/env/lib/python3.11/site-packages/rq/connections.py:72: DeprecationWarning: The `pop_connection` function is deprecated. Pass the `connection` explicitly instead.
  warnings.warn(
/Users/pooja/.gemini/antigravity/scratch/frappe_workspace/frappe-bench/env/lib/python3.11/site-packages/rq/connections.py:58: DeprecationWarning: The `push_connection` function is deprecated. Pass the `connection` explicitly instead.
  warnings.warn(
/Users/pooja/.gemini/antigravity/scratch/frappe_workspace/frappe-bench/env/lib/python3.11/site-packages/passlib/utils/__init__.py:854: DeprecationWarning: 'crypt' is deprecated and slated for removal in Python 3.13
  from crypt import crypt as _crypt
/Users/pooja/.gemini/antigravity/scratch/frappe_workspace/frappe-bench/env/lib/python3.11/site-packages/rq/connections.py:72: DeprecationWarning: The `pop_connection` function is deprecated. Pass the `connection` explicitly instead.
  warnings.warn(
/Users/pooja/.gemini/antigravity/scratch/frappe_workspace/frappe-bench/env/lib/python3.11/site-packages/rq/connections.py:58: DeprecationWarning: The `push_connection` function is deprecated. Pass the `connection` explicitly instead.
  warnings.warn(
/Users/pooja/.gemini/antigravity/scratch/frappe_workspace/frappe-bench/env/lib/python3.11/site-packages/passlib/utils/__init__.py:854: DeprecationWarning: 'crypt' is deprecated and slated for removal in Python 3.13
  from crypt import crypt as _crypt
/Users/pooja/.gemini/antigravity/scratch/frappe_workspace/frappe-bench/env/lib/python3.11/site-packages/rq/connections.py:72: DeprecationWarning: The `pop_connection` function is deprecated. Pass the `connection` explicitly instead.
  warnings.warn(
/Users/pooja/.gemini/antigravity/scratch/frappe_workspace/frappe-bench/env/lib/python3.11/site-packages/rq/connections.py:58: DeprecationWarning: The `push_connection` function is deprecated. Pass the `connection` explicitly instead.
  warnings.warn(
/Users/pooja/.gemini/antigravity/scratch/frappe_workspace/frappe-bench/env/lib/python3.11/site-packages/passlib/utils/__init__.py:854: DeprecationWarning: 'crypt' is deprecated and slated for removal in Python 3.13
  from crypt import crypt as _crypt
/Users/pooja/.gemini/antigravity/scratch/frappe_workspace/frappe-bench/env/lib/python3.11/site-packages/rq/connections.py:72: DeprecationWarning: The `pop_connection` function is deprecated. Pass the `connection` explicitly instead.
  warnings.warn(
/Users/pooja/.gemini/antigravity/scratch/frappe_workspace/frappe-bench/env/lib/python3.11/site-packages/rq/connections.py:58: DeprecationWarning: The `push_connection` function is deprecated. Pass the `connection` explicitly instead.
  warnings.warn(
/Users/pooja/.gemini/antigravity/scratch/frappe_workspace/frappe-bench/env/lib/python3.11/site-packages/passlib/utils/__init__.py:854: DeprecationWarning: 'crypt' is deprecated and slated for removal in Python 3.13
  from crypt import crypt as _crypt
/Users/pooja/.gemini/antigravity/scratch/frappe_workspace/frappe-bench/env/lib/python3.11/site-packages/rq/connections.py:72: DeprecationWarning: The `pop_connection` function is deprecated. Pass the `connection` explicitly instead.
  warnings.warn(
/Users/pooja/.gemini/antigravity/scratch/frappe_workspace/frappe-bench/env/lib/python3.11/site-packages/rq/connections.py:58: DeprecationWarning: The `push_connection` function is deprecated. Pass the `connection` explicitly instead.
  warnings.warn(
/Users/pooja/.gemini/antigravity/scratch/frappe_workspace/frappe-bench/env/lib/python3.11/site-packages/passlib/utils/__init__.py:854: DeprecationWarning: 'crypt' is deprecated and slated for removal in Python 3.13
  from crypt import crypt as _crypt
/Users/pooja/.gemini/antigravity/scratch/frappe_workspace/frappe-bench/env/lib/python3.11/site-packages/rq/connections.py:72: DeprecationWarning: The `pop_connection` function is deprecated. Pass the `connection` explicitly instead.
  warnings.warn(
/Users/pooja/.gemini/antigravity/scratch/frappe_workspace/frappe-bench/env/lib/python3.11/site-packages/rq/connections.py:58: DeprecationWarning: The `push_connection` function is deprecated. Pass the `connection` explicitly instead.
  warnings.warn(
/Users/pooja/.gemini/antigravity/scratch/frappe_workspace/frappe-bench/env/lib/python3.11/site-packages/passlib/utils/__init__.py:854: DeprecationWarning: 'crypt' is deprecated and slated for removal in Python 3.13
  from crypt import crypt as _crypt
/Users/pooja/.gemini/antigravity/scratch/frappe_workspace/frappe-bench/env/lib/python3.11/site-packages/rq/connections.py:72: DeprecationWarning: The `pop_connection` function is deprecated. Pass the `connection` explicitly instead.
  warnings.warn(
/Users/pooja/.gemini/antigravity/scratch/frappe_workspace/frappe-bench/env/lib/python3.11/site-packages/rq/connections.py:58: DeprecationWarning: The `push_connection` function is deprecated. Pass the `connection` explicitly instead.
  warnings.warn(
/Users/pooja/.gemini/antigravity/scratch/frappe_workspace/frappe-bench/env/lib/python3.11/site-packages/passlib/utils/__init__.py:854: DeprecationWarning: 'crypt' is deprecated and slated for removal in Python 3.13
  from crypt import crypt as _crypt
/Users/pooja/.gemini/antigravity/scratch/frappe_workspace/frappe-bench/env/lib/python3.11/site-packages/rq/connections.py:72: DeprecationWarning: The `pop_connection` function is deprecated. Pass the `connection` explicitly instead.
  warnings.warn(
/Users/pooja/.gemini/antigravity/scratch/frappe_workspace/frappe-bench/env/lib/python3.11/site-packages/rq/connections.py:58: DeprecationWarning: The `push_connection` function is deprecated. Pass the `connection` explicitly instead.
  warnings.warn(
/Users/pooja/.gemini/antigravity/scratch/frappe_workspace/frappe-bench/env/lib/python3.11/site-packages/passlib/utils/__init__.py:854: DeprecationWarning: 'crypt' is deprecated and slated for removal in Python 3.13
  from crypt import crypt as _crypt
/Users/pooja/.gemini/antigravity/scratch/frappe_workspace/frappe-bench/env/lib/python3.11/site-packages/rq/connections.py:72: DeprecationWarning: The `pop_connection` function is deprecated. Pass the `connection` explicitly instead.
  warnings.warn(
/Users/pooja/.gemini/antigravity/scratch/frappe_workspace/frappe-bench/env/lib/python3.11/site-packages/rq/connections.py:58: DeprecationWarning: The `push_connection` function is deprecated. Pass the `connection` explicitly instead.
  warnings.warn(
/Users/pooja/.gemini/antigravity/scratch/frappe_workspace/frappe-bench/env/lib/python3.11/site-packages/passlib/utils/__init__.py:854: DeprecationWarning: 'crypt' is deprecated and slated for removal in Python 3.13
  from crypt import crypt as _crypt
/Users/pooja/.gemini/antigravity/scratch/frappe_workspace/frappe-bench/env/lib/python3.11/site-packages/rq/connections.py:72: DeprecationWarning: The `pop_connection` function is deprecated. Pass the `connection` explicitly instead.
  warnings.warn(
/Users/pooja/.gemini/antigravity/scratch/frappe_workspace/frappe-bench/env/lib/python3.11/site-packages/rq/connections.py:58: DeprecationWarning: The `push_connection` function is deprecated. Pass the `connection` explicitly instead.
  warnings.warn(
/Users/pooja/.gemini/antigravity/scratch/frappe_workspace/frappe-bench/env/lib/python3.11/site-packages/passlib/utils/__init__.py:854: DeprecationWarning: 'crypt' is deprecated and slated for removal in Python 3.13
  from crypt import crypt as _crypt
/Users/pooja/.gemini/antigravity/scratch/frappe_workspace/frappe-bench/env/lib/python3.11/site-packages/rq/connections.py:72: DeprecationWarning: The `pop_connection` function is deprecated. Pass the `connection` explicitly instead.
  warnings.warn(
/Users/pooja/.gemini/antigravity/scratch/frappe_workspace/frappe-bench/env/lib/python3.11/site-packages/rq/connections.py:58: DeprecationWarning: The `push_connection` function is deprecated. Pass the `connection` explicitly instead.
  warnings.warn(
/Users/pooja/.gemini/antigravity/scratch/frappe_workspace/frappe-bench/env/lib/python3.11/site-packages/passlib/utils/__init__.py:854: DeprecationWarning: 'crypt' is deprecated and slated for removal in Python 3.13
  from crypt import crypt as _crypt
/Users/pooja/.gemini/antigravity/scratch/frappe_workspace/frappe-bench/env/lib/python3.11/site-packages/rq/connections.py:72: DeprecationWarning: The `pop_connection` function is deprecated. Pass the `connection` explicitly instead.
  warnings.warn(
/Users/pooja/.gemini/antigravity/scratch/frappe_workspace/frappe-bench/env/lib/python3.11/site-packages/rq/connections.py:58: DeprecationWarning: The `push_connection` function is deprecated. Pass the `connection` explicitly instead.
  warnings.warn(
/Users/pooja/.gemini/antigravity/scratch/frappe_workspace/frappe-bench/env/lib/python3.11/site-packages/passlib/utils/__init__.py:854: DeprecationWarning: 'crypt' is deprecated and slated for removal in Python 3.13
  from crypt import crypt as _crypt
/Users/pooja/.gemini/antigravity/scratch/frappe_workspace/frappe-bench/env/lib/python3.11/site-packages/rq/connections.py:72: DeprecationWarning: The `pop_connection` function is deprecated. Pass the `connection` explicitly instead.
  warnings.warn(
/Users/pooja/.gemini/antigravity/scratch/frappe_workspace/frappe-bench/env/lib/python3.11/site-packages/rq/connections.py:58: DeprecationWarning: The `push_connection` function is deprecated. Pass the `connection` explicitly instead.
  warnings.warn(
/Users/pooja/.gemini/antigravity/scratch/frappe_workspace/frappe-bench/env/lib/python3.11/site-packages/passlib/utils/__init__.py:854: DeprecationWarning: 'crypt' is deprecated and slated for removal in Python 3.13
  from crypt import crypt as _crypt
/Users/pooja/.gemini/antigravity/scratch/frappe_workspace/frappe-bench/env/lib/python3.11/site-packages/rq/connections.py:72: DeprecationWarning: The `pop_connection` function is deprecated. Pass the `connection` explicitly instead.
  warnings.warn(
/Users/pooja/.gemini/antigravity/scratch/frappe_workspace/frappe-bench/env/lib/python3.11/site-packages/rq/connections.py:58: DeprecationWarning: The `push_connection` function is deprecated. Pass the `connection` explicitly instead.
  warnings.warn(
/Users/pooja/.gemini/antigravity/scratch/frappe_workspace/frappe-bench/env/lib/python3.11/site-packages/passlib/utils/__init__.py:854: DeprecationWarning: 'crypt' is deprecated and slated for removal in Python 3.13
  from crypt import crypt as _crypt
/Users/pooja/.gemini/antigravity/scratch/frappe_workspace/frappe-bench/env/lib/python3.11/site-packages/rq/connections.py:72: DeprecationWarning: The `pop_connection` function is deprecated. Pass the `connection` explicitly instead.
  warnings.warn(
/Users/pooja/.gemini/antigravity/scratch/frappe_workspace/frappe-bench/env/lib/python3.11/site-packages/rq/connections.py:58: DeprecationWarning: The `push_connection` function is deprecated. Pass the `connection` explicitly instead.
  warnings.warn(
/Users/pooja/.gemini/antigravity/scratch/frappe_workspace/frappe-bench/env/lib/python3.11/site-packages/passlib/utils/__init__.py:854: DeprecationWarning: 'crypt' is deprecated and slated for removal in Python 3.13
  from crypt import crypt as _crypt
/Users/pooja/.gemini/antigravity/scratch/frappe_workspace/frappe-bench/env/lib/python3.11/site-packages/rq/connections.py:72: DeprecationWarning: The `pop_connection` function is deprecated. Pass the `connection` explicitly instead.
  warnings.warn(
/Users/pooja/.gemini/antigravity/scratch/frappe_workspace/frappe-bench/env/lib/python3.11/site-packages/rq/connections.py:58: DeprecationWarning: The `push_connection` function is deprecated. Pass the `connection` explicitly instead.
  warnings.warn(
/Users/pooja/.gemini/antigravity/scratch/frappe_workspace/frappe-bench/env/lib/python3.11/site-packages/passlib/utils/__init__.py:854: DeprecationWarning: 'crypt' is deprecated and slated for removal in Python 3.13
  from crypt import crypt as _crypt
/Users/pooja/.gemini/antigravity/scratch/frappe_workspace/frappe-bench/env/lib/python3.11/site-packages/rq/connections.py:72: DeprecationWarning: The `pop_connection` function is deprecated. Pass the `connection` explicitly instead.
  warnings.warn(
/Users/pooja/.gemini/antigravity/scratch/frappe_workspace/frappe-bench/env/lib/python3.11/site-packages/rq/connections.py:58: DeprecationWarning: The `push_connection` function is deprecated. Pass the `connection` explicitly instead.
  warnings.warn(
/Users/pooja/.gemini/antigravity/scratch/frappe_workspace/frappe-bench/env/lib/python3.11/site-packages/passlib/utils/__init__.py:854: DeprecationWarning: 'crypt' is deprecated and slated for removal in Python 3.13
  from crypt import crypt as _crypt
/Users/pooja/.gemini/antigravity/scratch/frappe_workspace/frappe-bench/env/lib/python3.11/site-packages/rq/connections.py:72: DeprecationWarning: The `pop_connection` function is deprecated. Pass the `connection` explicitly instead.
  warnings.warn(
/Users/pooja/.gemini/antigravity/scratch/frappe_workspace/frappe-bench/env/lib/python3.11/site-packages/rq/connections.py:58: DeprecationWarning: The `push_connection` function is deprecated. Pass the `connection` explicitly instead.
  warnings.warn(
/Users/pooja/.gemini/antigravity/scratch/frappe_workspace/frappe-bench/env/lib/python3.11/site-packages/passlib/utils/__init__.py:854: DeprecationWarning: 'crypt' is deprecated and slated for removal in Python 3.13
  from crypt import crypt as _crypt
/Users/pooja/.gemini/antigravity/scratch/frappe_workspace/frappe-bench/env/lib/python3.11/site-packages/rq/connections.py:72: DeprecationWarning: The `pop_connection` function is deprecated. Pass the `connection` explicitly instead.
  warnings.warn(
/Users/pooja/.gemini/antigravity/scratch/frappe_workspace/frappe-bench/env/lib/python3.11/site-packages/rq/connections.py:58: DeprecationWarning: The `push_connection` function is deprecated. Pass the `connection` explicitly instead.
  warnings.warn(
/Users/pooja/.gemini/antigravity/scratch/frappe_workspace/frappe-bench/env/lib/python3.11/site-packages/passlib/utils/__init__.py:854: DeprecationWarning: 'crypt' is deprecated and slated for removal in Python 3.13
  from crypt import crypt as _crypt
/Users/pooja/.gemini/antigravity/scratch/frappe_workspace/frappe-bench/env/lib/python3.11/site-packages/rq/connections.py:72: DeprecationWarning: The `pop_connection` function is deprecated. Pass the `connection` explicitly instead.
  warnings.warn(
/Users/pooja/.gemini/antigravity/scratch/frappe_workspace/frappe-bench/env/lib/python3.11/site-packages/rq/connections.py:58: DeprecationWarning: The `push_connection` function is deprecated. Pass the `connection` explicitly instead.
  warnings.warn(
/Users/pooja/.gemini/antigravity/scratch/frappe_workspace/frappe-bench/env/lib/python3.11/site-packages/passlib/utils/__init__.py:854: DeprecationWarning: 'crypt' is deprecated and slated for removal in Python 3.13
  from crypt import crypt as _crypt
/Users/pooja/.gemini/antigravity/scratch/frappe_workspace/frappe-bench/env/lib/python3.11/site-packages/rq/connections.py:72: DeprecationWarning: The `pop_connection` function is deprecated. Pass the `connection` explicitly instead.
  warnings.warn(
/Users/pooja/.gemini/antigravity/scratch/frappe_workspace/frappe-bench/env/lib/python3.11/site-packages/rq/connections.py:58: DeprecationWarning: The `push_connection` function is deprecated. Pass the `connection` explicitly instead.
  warnings.warn(
/Users/pooja/.gemini/antigravity/scratch/frappe_workspace/frappe-bench/env/lib/python3.11/site-packages/passlib/utils/__init__.py:854: DeprecationWarning: 'crypt' is deprecated and slated for removal in Python 3.13
  from crypt import crypt as _crypt
/Users/pooja/.gemini/antigravity/scratch/frappe_workspace/frappe-bench/env/lib/python3.11/site-packages/rq/connections.py:72: DeprecationWarning: The `pop_connection` function is deprecated. Pass the `connection` explicitly instead.
  warnings.warn(
/Users/pooja/.gemini/antigravity/scratch/frappe_workspace/frappe-bench/env/lib/python3.11/site-packages/rq/connections.py:58: DeprecationWarning: The `push_connection` function is deprecated. Pass the `connection` explicitly instead.
  warnings.warn(
/Users/pooja/.gemini/antigravity/scratch/frappe_workspace/frappe-bench/env/lib/python3.11/site-packages/passlib/utils/__init__.py:854: DeprecationWarning: 'crypt' is deprecated and slated for removal in Python 3.13
  from crypt import crypt as _crypt
/Users/pooja/.gemini/antigravity/scratch/frappe_workspace/frappe-bench/env/lib/python3.11/site-packages/rq/connections.py:72: DeprecationWarning: The `pop_connection` function is deprecated. Pass the `connection` explicitly instead.
  warnings.warn(
/Users/pooja/.gemini/antigravity/scratch/frappe_workspace/frappe-bench/env/lib/python3.11/site-packages/rq/connections.py:58: DeprecationWarning: The `push_connection` function is deprecated. Pass the `connection` explicitly instead.
  warnings.warn(
/Users/pooja/.gemini/antigravity/scratch/frappe_workspace/frappe-bench/env/lib/python3.11/site-packages/passlib/utils/__init__.py:854: DeprecationWarning: 'crypt' is deprecated and slated for removal in Python 3.13
  from crypt import crypt as _crypt
/Users/pooja/.gemini/antigravity/scratch/frappe_workspace/frappe-bench/env/lib/python3.11/site-packages/rq/connections.py:72: DeprecationWarning: The `pop_connection` function is deprecated. Pass the `connection` explicitly instead.
  warnings.warn(
/Users/pooja/.gemini/antigravity/scratch/frappe_workspace/frappe-bench/env/lib/python3.11/site-packages/rq/connections.py:58: DeprecationWarning: The `push_connection` function is deprecated. Pass the `connection` explicitly instead.
  warnings.warn(
/Users/pooja/.gemini/antigravity/scratch/frappe_workspace/frappe-bench/env/lib/python3.11/site-packages/passlib/utils/__init__.py:854: DeprecationWarning: 'crypt' is deprecated and slated for removal in Python 3.13
  from crypt import crypt as _crypt
/Users/pooja/.gemini/antigravity/scratch/frappe_workspace/frappe-bench/env/lib/python3.11/site-packages/rq/connections.py:72: DeprecationWarning: The `pop_connection` function is deprecated. Pass the `connection` explicitly instead.
  warnings.warn(
/Users/pooja/.gemini/antigravity/scratch/frappe_workspace/frappe-bench/env/lib/python3.11/site-packages/rq/connections.py:58: DeprecationWarning: The `push_connection` function is deprecated. Pass the `connection` explicitly instead.
  warnings.warn(
/Users/pooja/.gemini/antigravity/scratch/frappe_workspace/frappe-bench/env/lib/python3.11/site-packages/passlib/utils/__init__.py:854: DeprecationWarning: 'crypt' is deprecated and slated for removal in Python 3.13
  from crypt import crypt as _crypt
/Users/pooja/.gemini/antigravity/scratch/frappe_workspace/frappe-bench/env/lib/python3.11/site-packages/rq/connections.py:72: DeprecationWarning: The `pop_connection` function is deprecated. Pass the `connection` explicitly instead.
  warnings.warn(
/Users/pooja/.gemini/antigravity/scratch/frappe_workspace/frappe-bench/env/lib/python3.11/site-packages/rq/connections.py:58: DeprecationWarning: The `push_connection` function is deprecated. Pass the `connection` explicitly instead.
  warnings.warn(
/Users/pooja/.gemini/antigravity/scratch/frappe_workspace/frappe-bench/env/lib/python3.11/site-packages/passlib/utils/__init__.py:854: DeprecationWarning: 'crypt' is deprecated and slated for removal in Python 3.13
  from crypt import crypt as _crypt
/Users/pooja/.gemini/antigravity/scratch/frappe_workspace/frappe-bench/env/lib/python3.11/site-packages/rq/connections.py:72: DeprecationWarning: The `pop_connection` function is deprecated. Pass the `connection` explicitly instead.
  warnings.warn(
/Users/pooja/.gemini/antigravity/scratch/frappe_workspace/frappe-bench/env/lib/python3.11/site-packages/rq/connections.py:58: DeprecationWarning: The `push_connection` function is deprecated. Pass the `connection` explicitly instead.
  warnings.warn(
/Users/pooja/.gemini/antigravity/scratch/frappe_workspace/frappe-bench/env/lib/python3.11/site-packages/passlib/utils/__init__.py:854: DeprecationWarning: 'crypt' is deprecated and slated for removal in Python 3.13
  from crypt import crypt as _crypt
/Users/pooja/.gemini/antigravity/scratch/frappe_workspace/frappe-bench/env/lib/python3.11/site-packages/rq/connections.py:72: DeprecationWarning: The `pop_connection` function is deprecated. Pass the `connection` explicitly instead.
  warnings.warn(
/Users/pooja/.gemini/antigravity/scratch/frappe_workspace/frappe-bench/env/lib/python3.11/site-packages/rq/connections.py:58: DeprecationWarning: The `push_connection` function is deprecated. Pass the `connection` explicitly instead.
  warnings.warn(
/Users/pooja/.gemini/antigravity/scratch/frappe_workspace/frappe-bench/env/lib/python3.11/site-packages/passlib/utils/__init__.py:854: DeprecationWarning: 'crypt' is deprecated and slated for removal in Python 3.13
  from crypt import crypt as _crypt
/Users/pooja/.gemini/antigravity/scratch/frappe_workspace/frappe-bench/env/lib/python3.11/site-packages/rq/connections.py:72: DeprecationWarning: The `pop_connection` function is deprecated. Pass the `connection` explicitly instead.
  warnings.warn(
/Users/pooja/.gemini/antigravity/scratch/frappe_workspace/frappe-bench/env/lib/python3.11/site-packages/rq/connections.py:58: DeprecationWarning: The `push_connection` function is deprecated. Pass the `connection` explicitly instead.
  warnings.warn(
/Users/pooja/.gemini/antigravity/scratch/frappe_workspace/frappe-bench/env/lib/python3.11/site-packages/passlib/utils/__init__.py:854: DeprecationWarning: 'crypt' is deprecated and slated for removal in Python 3.13
  from crypt import crypt as _crypt
/Users/pooja/.gemini/antigravity/scratch/frappe_workspace/frappe-bench/env/lib/python3.11/site-packages/rq/connections.py:72: DeprecationWarning: The `pop_connection` function is deprecated. Pass the `connection` explicitly instead.
  warnings.warn(
/Users/pooja/.gemini/antigravity/scratch/frappe_workspace/frappe-bench/env/lib/python3.11/site-packages/rq/connections.py:58: DeprecationWarning: The `push_connection` function is deprecated. Pass the `connection` explicitly instead.
  warnings.warn(
/Users/pooja/.gemini/antigravity/scratch/frappe_workspace/frappe-bench/env/lib/python3.11/site-packages/passlib/utils/__init__.py:854: DeprecationWarning: 'crypt' is deprecated and slated for removal in Python 3.13
  from crypt import crypt as _crypt
/Users/pooja/.gemini/antigravity/scratch/frappe_workspace/frappe-bench/env/lib/python3.11/site-packages/rq/connections.py:72: DeprecationWarning: The `pop_connection` function is deprecated. Pass the `connection` explicitly instead.
  warnings.warn(
/Users/pooja/.gemini/antigravity/scratch/frappe_workspace/frappe-bench/env/lib/python3.11/site-packages/rq/connections.py:58: DeprecationWarning: The `push_connection` function is deprecated. Pass the `connection` explicitly instead.
  warnings.warn(
/Users/pooja/.gemini/antigravity/scratch/frappe_workspace/frappe-bench/env/lib/python3.11/site-packages/passlib/utils/__init__.py:854: DeprecationWarning: 'crypt' is deprecated and slated for removal in Python 3.13
  from crypt import crypt as _crypt
/Users/pooja/.gemini/antigravity/scratch/frappe_workspace/frappe-bench/env/lib/python3.11/site-packages/rq/connections.py:72: DeprecationWarning: The `pop_connection` function is deprecated. Pass the `connection` explicitly instead.
  warnings.warn(
/Users/pooja/.gemini/antigravity/scratch/frappe_workspace/frappe-bench/env/lib/python3.11/site-packages/rq/connections.py:58: DeprecationWarning: The `push_connection` function is deprecated. Pass the `connection` explicitly instead.
  warnings.warn(
/Users/pooja/.gemini/antigravity/scratch/frappe_workspace/frappe-bench/env/lib/python3.11/site-packages/passlib/utils/__init__.py:854: DeprecationWarning: 'crypt' is deprecated and slated for removal in Python 3.13
  from crypt import crypt as _crypt
/Users/pooja/.gemini/antigravity/scratch/frappe_workspace/frappe-bench/env/lib/python3.11/site-packages/rq/connections.py:72: DeprecationWarning: The `pop_connection` function is deprecated. Pass the `connection` explicitly instead.
  warnings.warn(
/Users/pooja/.gemini/antigravity/scratch/frappe_workspace/frappe-bench/env/lib/python3.11/site-packages/rq/connections.py:58: DeprecationWarning: The `push_connection` function is deprecated. Pass the `connection` explicitly instead.
  warnings.warn(
/Users/pooja/.gemini/antigravity/scratch/frappe_workspace/frappe-bench/env/lib/python3.11/site-packages/passlib/utils/__init__.py:854: DeprecationWarning: 'crypt' is deprecated and slated for removal in Python 3.13
  from crypt import crypt as _crypt
/Users/pooja/.gemini/antigravity/scratch/frappe_workspace/frappe-bench/env/lib/python3.11/site-packages/rq/connections.py:72: DeprecationWarning: The `pop_connection` function is deprecated. Pass the `connection` explicitly instead.
  warnings.warn(
/Users/pooja/.gemini/antigravity/scratch/frappe_workspace/frappe-bench/env/lib/python3.11/site-packages/rq/connections.py:58: DeprecationWarning: The `push_connection` function is deprecated. Pass the `connection` explicitly instead.
  warnings.warn(
/Users/pooja/.gemini/antigravity/scratch/frappe_workspace/frappe-bench/env/lib/python3.11/site-packages/passlib/utils/__init__.py:854: DeprecationWarning: 'crypt' is deprecated and slated for removal in Python 3.13
  from crypt import crypt as _crypt
/Users/pooja/.gemini/antigravity/scratch/frappe_workspace/frappe-bench/env/lib/python3.11/site-packages/rq/connections.py:72: DeprecationWarning: The `pop_connection` function is deprecated. Pass the `connection` explicitly instead.
  warnings.warn(
/Users/pooja/.gemini/antigravity/scratch/frappe_workspace/frappe-bench/env/lib/python3.11/site-packages/rq/connections.py:58: DeprecationWarning: The `push_connection` function is deprecated. Pass the `connection` explicitly instead.
  warnings.warn(
/Users/pooja/.gemini/antigravity/scratch/frappe_workspace/frappe-bench/env/lib/python3.11/site-packages/passlib/utils/__init__.py:854: DeprecationWarning: 'crypt' is deprecated and slated for removal in Python 3.13
  from crypt import crypt as _crypt
/Users/pooja/.gemini/antigravity/scratch/frappe_workspace/frappe-bench/env/lib/python3.11/site-packages/rq/connections.py:72: DeprecationWarning: The `pop_connection` function is deprecated. Pass the `connection` explicitly instead.
  warnings.warn(
/Users/pooja/.gemini/antigravity/scratch/frappe_workspace/frappe-bench/env/lib/python3.11/site-packages/rq/connections.py:58: DeprecationWarning: The `push_connection` function is deprecated. Pass the `connection` explicitly instead.
  warnings.warn(
/Users/pooja/.gemini/antigravity/scratch/frappe_workspace/frappe-bench/env/lib/python3.11/site-packages/passlib/utils/__init__.py:854: DeprecationWarning: 'crypt' is deprecated and slated for removal in Python 3.13
  from crypt import crypt as _crypt
/Users/pooja/.gemini/antigravity/scratch/frappe_workspace/frappe-bench/env/lib/python3.11/site-packages/rq/connections.py:72: DeprecationWarning: The `pop_connection` function is deprecated. Pass the `connection` explicitly instead.
  warnings.warn(
/Users/pooja/.gemini/antigravity/scratch/frappe_workspace/frappe-bench/env/lib/python3.11/site-packages/rq/connections.py:58: DeprecationWarning: The `push_connection` function is deprecated. Pass the `connection` explicitly instead.
  warnings.warn(
/Users/pooja/.gemini/antigravity/scratch/frappe_workspace/frappe-bench/env/lib/python3.11/site-packages/passlib/utils/__init__.py:854: DeprecationWarning: 'crypt' is deprecated and slated for removal in Python 3.13
  from crypt import crypt as _crypt
/Users/pooja/.gemini/antigravity/scratch/frappe_workspace/frappe-bench/env/lib/python3.11/site-packages/rq/connections.py:72: DeprecationWarning: The `pop_connection` function is deprecated. Pass the `connection` explicitly instead.
  warnings.warn(
/Users/pooja/.gemini/antigravity/scratch/frappe_workspace/frappe-bench/env/lib/python3.11/site-packages/rq/connections.py:58: DeprecationWarning: The `push_connection` function is deprecated. Pass the `connection` explicitly instead.
  warnings.warn(
/Users/pooja/.gemini/antigravity/scratch/frappe_workspace/frappe-bench/env/lib/python3.11/site-packages/passlib/utils/__init__.py:854: DeprecationWarning: 'crypt' is deprecated and slated for removal in Python 3.13
  from crypt import crypt as _crypt
/Users/pooja/.gemini/antigravity/scratch/frappe_workspace/frappe-bench/env/lib/python3.11/site-packages/rq/connections.py:72: DeprecationWarning: The `pop_connection` function is deprecated. Pass the `connection` explicitly instead.
  warnings.warn(
/Users/pooja/.gemini/antigravity/scratch/frappe_workspace/frappe-bench/env/lib/python3.11/site-packages/rq/connections.py:58: DeprecationWarning: The `push_connection` function is deprecated. Pass the `connection` explicitly instead.
  warnings.warn(
/Users/pooja/.gemini/antigravity/scratch/frappe_workspace/frappe-bench/env/lib/python3.11/site-packages/passlib/utils/__init__.py:854: DeprecationWarning: 'crypt' is deprecated and slated for removal in Python 3.13
  from crypt import crypt as _crypt
/Users/pooja/.gemini/antigravity/scratch/frappe_workspace/frappe-bench/env/lib/python3.11/site-packages/rq/connections.py:72: DeprecationWarning: The `pop_connection` function is deprecated. Pass the `connection` explicitly instead.
  warnings.warn(
/Users/pooja/.gemini/antigravity/scratch/frappe_workspace/frappe-bench/env/lib/python3.11/site-packages/rq/connections.py:58: DeprecationWarning: The `push_connection` function is deprecated. Pass the `connection` explicitly instead.
  warnings.warn(
/Users/pooja/.gemini/antigravity/scratch/frappe_workspace/frappe-bench/env/lib/python3.11/site-packages/passlib/utils/__init__.py:854: DeprecationWarning: 'crypt' is deprecated and slated for removal in Python 3.13
  from crypt import crypt as _crypt
/Users/pooja/.gemini/antigravity/scratch/frappe_workspace/frappe-bench/env/lib/python3.11/site-packages/rq/connections.py:72: DeprecationWarning: The `pop_connection` function is deprecated. Pass the `connection` explicitly instead.
  warnings.warn(
/Users/pooja/.gemini/antigravity/scratch/frappe_workspace/frappe-bench/env/lib/python3.11/site-packages/rq/connections.py:58: DeprecationWarning: The `push_connection` function is deprecated. Pass the `connection` explicitly instead.
  warnings.warn(
/Users/pooja/.gemini/antigravity/scratch/frappe_workspace/frappe-bench/env/lib/python3.11/site-packages/passlib/utils/__init__.py:854: DeprecationWarning: 'crypt' is deprecated and slated for removal in Python 3.13
  from crypt import crypt as _crypt
/Users/pooja/.gemini/antigravity/scratch/frappe_workspace/frappe-bench/env/lib/python3.11/site-packages/rq/connections.py:72: DeprecationWarning: The `pop_connection` function is deprecated. Pass the `connection` explicitly instead.
  warnings.warn(
/Users/pooja/.gemini/antigravity/scratch/frappe_workspace/frappe-bench/env/lib/python3.11/site-packages/rq/connections.py:58: DeprecationWarning: The `push_connection` function is deprecated. Pass the `connection` explicitly instead.
  warnings.warn(
/Users/pooja/.gemini/antigravity/scratch/frappe_workspace/frappe-bench/env/lib/python3.11/site-packages/passlib/utils/__init__.py:854: DeprecationWarning: 'crypt' is deprecated and slated for removal in Python 3.13
  from crypt import crypt as _crypt
/Users/pooja/.gemini/antigravity/scratch/frappe_workspace/frappe-bench/env/lib/python3.11/site-packages/rq/connections.py:72: DeprecationWarning: The `pop_connection` function is deprecated. Pass the `connection` explicitly instead.
  warnings.warn(
/Users/pooja/.gemini/antigravity/scratch/frappe_workspace/frappe-bench/env/lib/python3.11/site-packages/rq/connections.py:58: DeprecationWarning: The `push_connection` function is deprecated. Pass the `connection` explicitly instead.
  warnings.warn(
/Users/pooja/.gemini/antigravity/scratch/frappe_workspace/frappe-bench/env/lib/python3.11/site-packages/passlib/utils/__init__.py:854: DeprecationWarning: 'crypt' is deprecated and slated for removal in Python 3.13
  from crypt import crypt as _crypt
/Users/pooja/.gemini/antigravity/scratch/frappe_workspace/frappe-bench/env/lib/python3.11/site-packages/rq/connections.py:72: DeprecationWarning: The `pop_connection` function is deprecated. Pass the `connection` explicitly instead.
  warnings.warn(
/Users/pooja/.gemini/antigravity/scratch/frappe_workspace/frappe-bench/env/lib/python3.11/site-packages/rq/connections.py:58: DeprecationWarning: The `push_connection` function is deprecated. Pass the `connection` explicitly instead.
  warnings.warn(
/Users/pooja/.gemini/antigravity/scratch/frappe_workspace/frappe-bench/env/lib/python3.11/site-packages/passlib/utils/__init__.py:854: DeprecationWarning: 'crypt' is deprecated and slated for removal in Python 3.13
  from crypt import crypt as _crypt
/Users/pooja/.gemini/antigravity/scratch/frappe_workspace/frappe-bench/env/lib/python3.11/site-packages/rq/connections.py:72: DeprecationWarning: The `pop_connection` function is deprecated. Pass the `connection` explicitly instead.
  warnings.warn(
/Users/pooja/.gemini/antigravity/scratch/frappe_workspace/frappe-bench/env/lib/python3.11/site-packages/rq/connections.py:58: DeprecationWarning: The `push_connection` function is deprecated. Pass the `connection` explicitly instead.
  warnings.warn(
/Users/pooja/.gemini/antigravity/scratch/frappe_workspace/frappe-bench/env/lib/python3.11/site-packages/passlib/utils/__init__.py:854: DeprecationWarning: 'crypt' is deprecated and slated for removal in Python 3.13
  from crypt import crypt as _crypt
/Users/pooja/.gemini/antigravity/scratch/frappe_workspace/frappe-bench/env/lib/python3.11/site-packages/rq/connections.py:72: DeprecationWarning: The `pop_connection` function is deprecated. Pass the `connection` explicitly instead.
  warnings.warn(
/Users/pooja/.gemini/antigravity/scratch/frappe_workspace/frappe-bench/env/lib/python3.11/site-packages/rq/connections.py:58: DeprecationWarning: The `push_connection` function is deprecated. Pass the `connection` explicitly instead.
  warnings.warn(
/Users/pooja/.gemini/antigravity/scratch/frappe_workspace/frappe-bench/env/lib/python3.11/site-packages/passlib/utils/__init__.py:854: DeprecationWarning: 'crypt' is deprecated and slated for removal in Python 3.13
  from crypt import crypt as _crypt
/Users/pooja/.gemini/antigravity/scratch/frappe_workspace/frappe-bench/env/lib/python3.11/site-packages/rq/connections.py:72: DeprecationWarning: The `pop_connection` function is deprecated. Pass the `connection` explicitly instead.
  warnings.warn(
/Users/pooja/.gemini/antigravity/scratch/frappe_workspace/frappe-bench/env/lib/python3.11/site-packages/rq/connections.py:58: DeprecationWarning: The `push_connection` function is deprecated. Pass the `connection` explicitly instead.
  warnings.warn(
/Users/pooja/.gemini/antigravity/scratch/frappe_workspace/frappe-bench/env/lib/python3.11/site-packages/passlib/utils/__init__.py:854: DeprecationWarning: 'crypt' is deprecated and slated for removal in Python 3.13
  from crypt import crypt as _crypt
/Users/pooja/.gemini/antigravity/scratch/frappe_workspace/frappe-bench/env/lib/python3.11/site-packages/rq/connections.py:72: DeprecationWarning: The `pop_connection` function is deprecated. Pass the `connection` explicitly instead.
  warnings.warn(
/Users/pooja/.gemini/antigravity/scratch/frappe_workspace/frappe-bench/env/lib/python3.11/site-packages/rq/connections.py:58: DeprecationWarning: The `push_connection` function is deprecated. Pass the `connection` explicitly instead.
  warnings.warn(
/Users/pooja/.gemini/antigravity/scratch/frappe_workspace/frappe-bench/env/lib/python3.11/site-packages/passlib/utils/__init__.py:854: DeprecationWarning: 'crypt' is deprecated and slated for removal in Python 3.13
  from crypt import crypt as _crypt
/Users/pooja/.gemini/antigravity/scratch/frappe_workspace/frappe-bench/env/lib/python3.11/site-packages/rq/connections.py:72: DeprecationWarning: The `pop_connection` function is deprecated. Pass the `connection` explicitly instead.
  warnings.warn(
/Users/pooja/.gemini/antigravity/scratch/frappe_workspace/frappe-bench/env/lib/python3.11/site-packages/rq/connections.py:58: DeprecationWarning: The `push_connection` function is deprecated. Pass the `connection` explicitly instead.
  warnings.warn(
/Users/pooja/.gemini/antigravity/scratch/frappe_workspace/frappe-bench/env/lib/python3.11/site-packages/passlib/utils/__init__.py:854: DeprecationWarning: 'crypt' is deprecated and slated for removal in Python 3.13
  from crypt import crypt as _crypt
/Users/pooja/.gemini/antigravity/scratch/frappe_workspace/frappe-bench/env/lib/python3.11/site-packages/rq/connections.py:72: DeprecationWarning: The `pop_connection` function is deprecated. Pass the `connection` explicitly instead.
  warnings.warn(
/Users/pooja/.gemini/antigravity/scratch/frappe_workspace/frappe-bench/env/lib/python3.11/site-packages/rq/connections.py:58: DeprecationWarning: The `push_connection` function is deprecated. Pass the `connection` explicitly instead.
  warnings.warn(
/Users/pooja/.gemini/antigravity/scratch/frappe_workspace/frappe-bench/env/lib/python3.11/site-packages/passlib/utils/__init__.py:854: DeprecationWarning: 'crypt' is deprecated and slated for removal in Python 3.13
  from crypt import crypt as _crypt
/Users/pooja/.gemini/antigravity/scratch/frappe_workspace/frappe-bench/env/lib/python3.11/site-packages/rq/connections.py:72: DeprecationWarning: The `pop_connection` function is deprecated. Pass the `connection` explicitly instead.
  warnings.warn(
/Users/pooja/.gemini/antigravity/scratch/frappe_workspace/frappe-bench/env/lib/python3.11/site-packages/rq/connections.py:58: DeprecationWarning: The `push_connection` function is deprecated. Pass the `connection` explicitly instead.
  warnings.warn(
/Users/pooja/.gemini/antigravity/scratch/frappe_workspace/frappe-bench/env/lib/python3.11/site-packages/passlib/utils/__init__.py:854: DeprecationWarning: 'crypt' is deprecated and slated for removal in Python 3.13
  from crypt import crypt as _crypt
/Users/pooja/.gemini/antigravity/scratch/frappe_workspace/frappe-bench/env/lib/python3.11/site-packages/rq/connections.py:72: DeprecationWarning: The `pop_connection` function is deprecated. Pass the `connection` explicitly instead.
  warnings.warn(
/Users/pooja/.gemini/antigravity/scratch/frappe_workspace/frappe-bench/env/lib/python3.11/site-packages/rq/connections.py:58: DeprecationWarning: The `push_connection` function is deprecated. Pass the `connection` explicitly instead.
  warnings.warn(
/Users/pooja/.gemini/antigravity/scratch/frappe_workspace/frappe-bench/env/lib/python3.11/site-packages/passlib/utils/__init__.py:854: DeprecationWarning: 'crypt' is deprecated and slated for removal in Python 3.13
  from crypt import crypt as _crypt
/Users/pooja/.gemini/antigravity/scratch/frappe_workspace/frappe-bench/env/lib/python3.11/site-packages/rq/connections.py:72: DeprecationWarning: The `pop_connection` function is deprecated. Pass the `connection` explicitly instead.
  warnings.warn(
/Users/pooja/.gemini/antigravity/scratch/frappe_workspace/frappe-bench/env/lib/python3.11/site-packages/rq/connections.py:58: DeprecationWarning: The `push_connection` function is deprecated. Pass the `connection` explicitly instead.
  warnings.warn(
/Users/pooja/.gemini/antigravity/scratch/frappe_workspace/frappe-bench/env/lib/python3.11/site-packages/passlib/utils/__init__.py:854: DeprecationWarning: 'crypt' is deprecated and slated for removal in Python 3.13
  from crypt import crypt as _crypt
/Users/pooja/.gemini/antigravity/scratch/frappe_workspace/frappe-bench/env/lib/python3.11/site-packages/rq/connections.py:72: DeprecationWarning: The `pop_connection` function is deprecated. Pass the `connection` explicitly instead.
  warnings.warn(
/Users/pooja/.gemini/antigravity/scratch/frappe_workspace/frappe-bench/env/lib/python3.11/site-packages/rq/connections.py:58: DeprecationWarning: The `push_connection` function is deprecated. Pass the `connection` explicitly instead.
  warnings.warn(
/Users/pooja/.gemini/antigravity/scratch/frappe_workspace/frappe-bench/env/lib/python3.11/site-packages/passlib/utils/__init__.py:854: DeprecationWarning: 'crypt' is deprecated and slated for removal in Python 3.13
  from crypt import crypt as _crypt
/Users/pooja/.gemini/antigravity/scratch/frappe_workspace/frappe-bench/env/lib/python3.11/site-packages/rq/connections.py:72: DeprecationWarning: The `pop_connection` function is deprecated. Pass the `connection` explicitly instead.
  warnings.warn(
/Users/pooja/.gemini/antigravity/scratch/frappe_workspace/frappe-bench/env/lib/python3.11/site-packages/rq/connections.py:58: DeprecationWarning: The `push_connection` function is deprecated. Pass the `connection` explicitly instead.
  warnings.warn(
/Users/pooja/.gemini/antigravity/scratch/frappe_workspace/frappe-bench/env/lib/python3.11/site-packages/passlib/utils/__init__.py:854: DeprecationWarning: 'crypt' is deprecated and slated for removal in Python 3.13
  from crypt import crypt as _crypt
/Users/pooja/.gemini/antigravity/scratch/frappe_workspace/frappe-bench/env/lib/python3.11/site-packages/rq/connections.py:72: DeprecationWarning: The `pop_connection` function is deprecated. Pass the `connection` explicitly instead.
  warnings.warn(
/Users/pooja/.gemini/antigravity/scratch/frappe_workspace/frappe-bench/env/lib/python3.11/site-packages/rq/connections.py:58: DeprecationWarning: The `push_connection` function is deprecated. Pass the `connection` explicitly instead.
  warnings.warn(
/Users/pooja/.gemini/antigravity/scratch/frappe_workspace/frappe-bench/env/lib/python3.11/site-packages/passlib/utils/__init__.py:854: DeprecationWarning: 'crypt' is deprecated and slated for removal in Python 3.13
  from crypt import crypt as _crypt
/Users/pooja/.gemini/antigravity/scratch/frappe_workspace/frappe-bench/env/lib/python3.11/site-packages/rq/connections.py:72: DeprecationWarning: The `pop_connection` function is deprecated. Pass the `connection` explicitly instead.
  warnings.warn(
/Users/pooja/.gemini/antigravity/scratch/frappe_workspace/frappe-bench/env/lib/python3.11/site-packages/rq/connections.py:58: DeprecationWarning: The `push_connection` function is deprecated. Pass the `connection` explicitly instead.
  warnings.warn(
/Users/pooja/.gemini/antigravity/scratch/frappe_workspace/frappe-bench/env/lib/python3.11/site-packages/passlib/utils/__init__.py:854: DeprecationWarning: 'crypt' is deprecated and slated for removal in Python 3.13
  from crypt import crypt as _crypt
/Users/pooja/.gemini/antigravity/scratch/frappe_workspace/frappe-bench/env/lib/python3.11/site-packages/rq/connections.py:72: DeprecationWarning: The `pop_connection` function is deprecated. Pass the `connection` explicitly instead.
  warnings.warn(
/Users/pooja/.gemini/antigravity/scratch/frappe_workspace/frappe-bench/env/lib/python3.11/site-packages/rq/connections.py:58: DeprecationWarning: The `push_connection` function is deprecated. Pass the `connection` explicitly instead.
  warnings.warn(
/Users/pooja/.gemini/antigravity/scratch/frappe_workspace/frappe-bench/env/lib/python3.11/site-packages/passlib/utils/__init__.py:854: DeprecationWarning: 'crypt' is deprecated and slated for removal in Python 3.13
  from crypt import crypt as _crypt
/Users/pooja/.gemini/antigravity/scratch/frappe_workspace/frappe-bench/env/lib/python3.11/site-packages/rq/connections.py:72: DeprecationWarning: The `pop_connection` function is deprecated. Pass the `connection` explicitly instead.
  warnings.warn(
/Users/pooja/.gemini/antigravity/scratch/frappe_workspace/frappe-bench/env/lib/python3.11/site-packages/rq/connections.py:58: DeprecationWarning: The `push_connection` function is deprecated. Pass the `connection` explicitly instead.
  warnings.warn(
/Users/pooja/.gemini/antigravity/scratch/frappe_workspace/frappe-bench/env/lib/python3.11/site-packages/passlib/utils/__init__.py:854: DeprecationWarning: 'crypt' is deprecated and slated for removal in Python 3.13
  from crypt import crypt as _crypt
/Users/pooja/.gemini/antigravity/scratch/frappe_workspace/frappe-bench/env/lib/python3.11/site-packages/rq/connections.py:72: DeprecationWarning: The `pop_connection` function is deprecated. Pass the `connection` explicitly instead.
  warnings.warn(
/Users/pooja/.gemini/antigravity/scratch/frappe_workspace/frappe-bench/env/lib/python3.11/site-packages/rq/connections.py:58: DeprecationWarning: The `push_connection` function is deprecated. Pass the `connection` explicitly instead.
  warnings.warn(
/Users/pooja/.gemini/antigravity/scratch/frappe_workspace/frappe-bench/env/lib/python3.11/site-packages/passlib/utils/__init__.py:854: DeprecationWarning: 'crypt' is deprecated and slated for removal in Python 3.13
  from crypt import crypt as _crypt
/Users/pooja/.gemini/antigravity/scratch/frappe_workspace/frappe-bench/env/lib/python3.11/site-packages/rq/connections.py:72: DeprecationWarning: The `pop_connection` function is deprecated. Pass the `connection` explicitly instead.
  warnings.warn(
/Users/pooja/.gemini/antigravity/scratch/frappe_workspace/frappe-bench/env/lib/python3.11/site-packages/rq/connections.py:58: DeprecationWarning: The `push_connection` function is deprecated. Pass the `connection` explicitly instead.
  warnings.warn(
/Users/pooja/.gemini/antigravity/scratch/frappe_workspace/frappe-bench/env/lib/python3.11/site-packages/passlib/utils/__init__.py:854: DeprecationWarning: 'crypt' is deprecated and slated for removal in Python 3.13
  from crypt import crypt as _crypt
/Users/pooja/.gemini/antigravity/scratch/frappe_workspace/frappe-bench/env/lib/python3.11/site-packages/rq/connections.py:72: DeprecationWarning: The `pop_connection` function is deprecated. Pass the `connection` explicitly instead.
  warnings.warn(
/Users/pooja/.gemini/antigravity/scratch/frappe_workspace/frappe-bench/env/lib/python3.11/site-packages/rq/connections.py:58: DeprecationWarning: The `push_connection` function is deprecated. Pass the `connection` explicitly instead.
  warnings.warn(
/Users/pooja/.gemini/antigravity/scratch/frappe_workspace/frappe-bench/env/lib/python3.11/site-packages/passlib/utils/__init__.py:854: DeprecationWarning: 'crypt' is deprecated and slated for removal in Python 3.13
  from crypt import crypt as _crypt
/Users/pooja/.gemini/antigravity/scratch/frappe_workspace/frappe-bench/env/lib/python3.11/site-packages/rq/connections.py:72: DeprecationWarning: The `pop_connection` function is deprecated. Pass the `connection` explicitly instead.
  warnings.warn(
/Users/pooja/.gemini/antigravity/scratch/frappe_workspace/frappe-bench/env/lib/python3.11/site-packages/rq/connections.py:58: DeprecationWarning: The `push_connection` function is deprecated. Pass the `connection` explicitly instead.
  warnings.warn(
/Users/pooja/.gemini/antigravity/scratch/frappe_workspace/frappe-bench/env/lib/python3.11/site-packages/passlib/utils/__init__.py:854: DeprecationWarning: 'crypt' is deprecated and slated for removal in Python 3.13
  from crypt import crypt as _crypt
/Users/pooja/.gemini/antigravity/scratch/frappe_workspace/frappe-bench/env/lib/python3.11/site-packages/rq/connections.py:72: DeprecationWarning: The `pop_connection` function is deprecated. Pass the `connection` explicitly instead.
  warnings.warn(
/Users/pooja/.gemini/antigravity/scratch/frappe_workspace/frappe-bench/env/lib/python3.11/site-packages/rq/connections.py:58: DeprecationWarning: The `push_connection` function is deprecated. Pass the `connection` explicitly instead.
  warnings.warn(
/Users/pooja/.gemini/antigravity/scratch/frappe_workspace/frappe-bench/env/lib/python3.11/site-packages/passlib/utils/__init__.py:854: DeprecationWarning: 'crypt' is deprecated and slated for removal in Python 3.13
  from crypt import crypt as _crypt
/Users/pooja/.gemini/antigravity/scratch/frappe_workspace/frappe-bench/env/lib/python3.11/site-packages/rq/connections.py:72: DeprecationWarning: The `pop_connection` function is deprecated. Pass the `connection` explicitly instead.
  warnings.warn(
/Users/pooja/.gemini/antigravity/scratch/frappe_workspace/frappe-bench/env/lib/python3.11/site-packages/rq/connections.py:58: DeprecationWarning: The `push_connection` function is deprecated. Pass the `connection` explicitly instead.
  warnings.warn(
/Users/pooja/.gemini/antigravity/scratch/frappe_workspace/frappe-bench/env/lib/python3.11/site-packages/passlib/utils/__init__.py:854: DeprecationWarning: 'crypt' is deprecated and slated for removal in Python 3.13
  from crypt import crypt as _crypt
/Users/pooja/.gemini/antigravity/scratch/frappe_workspace/frappe-bench/env/lib/python3.11/site-packages/rq/connections.py:72: DeprecationWarning: The `pop_connection` function is deprecated. Pass the `connection` explicitly instead.
  warnings.warn(
/Users/pooja/.gemini/antigravity/scratch/frappe_workspace/frappe-bench/env/lib/python3.11/site-packages/rq/connections.py:58: DeprecationWarning: The `push_connection` function is deprecated. Pass the `connection` explicitly instead.
  warnings.warn(
/Users/pooja/.gemini/antigravity/scratch/frappe_workspace/frappe-bench/env/lib/python3.11/site-packages/passlib/utils/__init__.py:854: DeprecationWarning: 'crypt' is deprecated and slated for removal in Python 3.13
  from crypt import crypt as _crypt
/Users/pooja/.gemini/antigravity/scratch/frappe_workspace/frappe-bench/env/lib/python3.11/site-packages/rq/connections.py:72: DeprecationWarning: The `pop_connection` function is deprecated. Pass the `connection` explicitly instead.
  warnings.warn(
/Users/pooja/.gemini/antigravity/scratch/frappe_workspace/frappe-bench/env/lib/python3.11/site-packages/rq/connections.py:58: DeprecationWarning: The `push_connection` function is deprecated. Pass the `connection` explicitly instead.
  warnings.warn(
/Users/pooja/.gemini/antigravity/scratch/frappe_workspace/frappe-bench/env/lib/python3.11/site-packages/passlib/utils/__init__.py:854: DeprecationWarning: 'crypt' is deprecated and slated for removal in Python 3.13
  from crypt import crypt as _crypt
/Users/pooja/.gemini/antigravity/scratch/frappe_workspace/frappe-bench/env/lib/python3.11/site-packages/rq/connections.py:72: DeprecationWarning: The `pop_connection` function is deprecated. Pass the `connection` explicitly instead.
  warnings.warn(
/Users/pooja/.gemini/antigravity/scratch/frappe_workspace/frappe-bench/env/lib/python3.11/site-packages/rq/connections.py:58: DeprecationWarning: The `push_connection` function is deprecated. Pass the `connection` explicitly instead.
  warnings.warn(
/Users/pooja/.gemini/antigravity/scratch/frappe_workspace/frappe-bench/env/lib/python3.11/site-packages/passlib/utils/__init__.py:854: DeprecationWarning: 'crypt' is deprecated and slated for removal in Python 3.13
  from crypt import crypt as _crypt
/Users/pooja/.gemini/antigravity/scratch/frappe_workspace/frappe-bench/env/lib/python3.11/site-packages/rq/connections.py:72: DeprecationWarning: The `pop_connection` function is deprecated. Pass the `connection` explicitly instead.
  warnings.warn(
/Users/pooja/.gemini/antigravity/scratch/frappe_workspace/frappe-bench/env/lib/python3.11/site-packages/rq/connections.py:58: DeprecationWarning: The `push_connection` function is deprecated. Pass the `connection` explicitly instead.
  warnings.warn(
/Users/pooja/.gemini/antigravity/scratch/frappe_workspace/frappe-bench/env/lib/python3.11/site-packages/passlib/utils/__init__.py:854: DeprecationWarning: 'crypt' is deprecated and slated for removal in Python 3.13
  from crypt import crypt as _crypt
/Users/pooja/.gemini/antigravity/scratch/frappe_workspace/frappe-bench/env/lib/python3.11/site-packages/rq/connections.py:72: DeprecationWarning: The `pop_connection` function is deprecated. Pass the `connection` explicitly instead.
  warnings.warn(
/Users/pooja/.gemini/antigravity/scratch/frappe_workspace/frappe-bench/env/lib/python3.11/site-packages/rq/connections.py:58: DeprecationWarning: The `push_connection` function is deprecated. Pass the `connection` explicitly instead.
  warnings.warn(
/Users/pooja/.gemini/antigravity/scratch/frappe_workspace/frappe-bench/env/lib/python3.11/site-packages/passlib/utils/__init__.py:854: DeprecationWarning: 'crypt' is deprecated and slated for removal in Python 3.13
  from crypt import crypt as _crypt
/Users/pooja/.gemini/antigravity/scratch/frappe_workspace/frappe-bench/env/lib/python3.11/site-packages/rq/connections.py:72: DeprecationWarning: The `pop_connection` function is deprecated. Pass the `connection` explicitly instead.
  warnings.warn(
/Users/pooja/.gemini/antigravity/scratch/frappe_workspace/frappe-bench/env/lib/python3.11/site-packages/rq/connections.py:58: DeprecationWarning: The `push_connection` function is deprecated. Pass the `connection` explicitly instead.
  warnings.warn(
/Users/pooja/.gemini/antigravity/scratch/frappe_workspace/frappe-bench/env/lib/python3.11/site-packages/passlib/utils/__init__.py:854: DeprecationWarning: 'crypt' is deprecated and slated for removal in Python 3.13
  from crypt import crypt as _crypt
/Users/pooja/.gemini/antigravity/scratch/frappe_workspace/frappe-bench/env/lib/python3.11/site-packages/rq/connections.py:72: DeprecationWarning: The `pop_connection` function is deprecated. Pass the `connection` explicitly instead.
  warnings.warn(
/Users/pooja/.gemini/antigravity/scratch/frappe_workspace/frappe-bench/env/lib/python3.11/site-packages/rq/connections.py:58: DeprecationWarning: The `push_connection` function is deprecated. Pass the `connection` explicitly instead.
  warnings.warn(
/Users/pooja/.gemini/antigravity/scratch/frappe_workspace/frappe-bench/env/lib/python3.11/site-packages/passlib/utils/__init__.py:854: DeprecationWarning: 'crypt' is deprecated and slated for removal in Python 3.13
  from crypt import crypt as _crypt
/Users/pooja/.gemini/antigravity/scratch/frappe_workspace/frappe-bench/env/lib/python3.11/site-packages/rq/connections.py:72: DeprecationWarning: The `pop_connection` function is deprecated. Pass the `connection` explicitly instead.
  warnings.warn(
/Users/pooja/.gemini/antigravity/scratch/frappe_workspace/frappe-bench/env/lib/python3.11/site-packages/rq/connections.py:58: DeprecationWarning: The `push_connection` function is deprecated. Pass the `connection` explicitly instead.
  warnings.warn(
/Users/pooja/.gemini/antigravity/scratch/frappe_workspace/frappe-bench/env/lib/python3.11/site-packages/passlib/utils/__init__.py:854: DeprecationWarning: 'crypt' is deprecated and slated for removal in Python 3.13
  from crypt import crypt as _crypt
/Users/pooja/.gemini/antigravity/scratch/frappe_workspace/frappe-bench/env/lib/python3.11/site-packages/rq/connections.py:72: DeprecationWarning: The `pop_connection` function is deprecated. Pass the `connection` explicitly instead.
  warnings.warn(
/Users/pooja/.gemini/antigravity/scratch/frappe_workspace/frappe-bench/env/lib/python3.11/site-packages/rq/connections.py:58: DeprecationWarning: The `push_connection` function is deprecated. Pass the `connection` explicitly instead.
  warnings.warn(
/Users/pooja/.gemini/antigravity/scratch/frappe_workspace/frappe-bench/env/lib/python3.11/site-packages/passlib/utils/__init__.py:854: DeprecationWarning: 'crypt' is deprecated and slated for removal in Python 3.13
  from crypt import crypt as _crypt
/Users/pooja/.gemini/antigravity/scratch/frappe_workspace/frappe-bench/env/lib/python3.11/site-packages/rq/connections.py:72: DeprecationWarning: The `pop_connection` function is deprecated. Pass the `connection` explicitly instead.
  warnings.warn(
/Users/pooja/.gemini/antigravity/scratch/frappe_workspace/frappe-bench/env/lib/python3.11/site-packages/rq/connections.py:58: DeprecationWarning: The `push_connection` function is deprecated. Pass the `connection` explicitly instead.
  warnings.warn(
/Users/pooja/.gemini/antigravity/scratch/frappe_workspace/frappe-bench/env/lib/python3.11/site-packages/passlib/utils/__init__.py:854: DeprecationWarning: 'crypt' is deprecated and slated for removal in Python 3.13
  from crypt import crypt as _crypt
/Users/pooja/.gemini/antigravity/scratch/frappe_workspace/frappe-bench/env/lib/python3.11/site-packages/rq/connections.py:72: DeprecationWarning: The `pop_connection` function is deprecated. Pass the `connection` explicitly instead.
  warnings.warn(
/Users/pooja/.gemini/antigravity/scratch/frappe_workspace/frappe-bench/env/lib/python3.11/site-packages/rq/connections.py:58: DeprecationWarning: The `push_connection` function is deprecated. Pass the `connection` explicitly instead.
  warnings.warn(
/Users/pooja/.gemini/antigravity/scratch/frappe_workspace/frappe-bench/env/lib/python3.11/site-packages/passlib/utils/__init__.py:854: DeprecationWarning: 'crypt' is deprecated and slated for removal in Python 3.13
  from crypt import crypt as _crypt
/Users/pooja/.gemini/antigravity/scratch/frappe_workspace/frappe-bench/env/lib/python3.11/site-packages/rq/connections.py:72: DeprecationWarning: The `pop_connection` function is deprecated. Pass the `connection` explicitly instead.
  warnings.warn(
/Users/pooja/.gemini/antigravity/scratch/frappe_workspace/frappe-bench/env/lib/python3.11/site-packages/rq/connections.py:58: DeprecationWarning: The `push_connection` function is deprecated. Pass the `connection` explicitly instead.
  warnings.warn(
/Users/pooja/.gemini/antigravity/scratch/frappe_workspace/frappe-bench/env/lib/python3.11/site-packages/passlib/utils/__init__.py:854: DeprecationWarning: 'crypt' is deprecated and slated for removal in Python 3.13
  from crypt import crypt as _crypt
/Users/pooja/.gemini/antigravity/scratch/frappe_workspace/frappe-bench/env/lib/python3.11/site-packages/rq/connections.py:72: DeprecationWarning: The `pop_connection` function is deprecated. Pass the `connection` explicitly instead.
  warnings.warn(
/Users/pooja/.gemini/antigravity/scratch/frappe_workspace/frappe-bench/env/lib/python3.11/site-packages/rq/connections.py:58: DeprecationWarning: The `push_connection` function is deprecated. Pass the `connection` explicitly instead.
  warnings.warn(
/Users/pooja/.gemini/antigravity/scratch/frappe_workspace/frappe-bench/env/lib/python3.11/site-packages/passlib/utils/__init__.py:854: DeprecationWarning: 'crypt' is deprecated and slated for removal in Python 3.13
  from crypt import crypt as _crypt
/Users/pooja/.gemini/antigravity/scratch/frappe_workspace/frappe-bench/env/lib/python3.11/site-packages/rq/connections.py:72: DeprecationWarning: The `pop_connection` function is deprecated. Pass the `connection` explicitly instead.
  warnings.warn(
/Users/pooja/.gemini/antigravity/scratch/frappe_workspace/frappe-bench/env/lib/python3.11/site-packages/rq/connections.py:58: DeprecationWarning: The `push_connection` function is deprecated. Pass the `connection` explicitly instead.
  warnings.warn(
/Users/pooja/.gemini/antigravity/scratch/frappe_workspace/frappe-bench/env/lib/python3.11/site-packages/passlib/utils/__init__.py:854: DeprecationWarning: 'crypt' is deprecated and slated for removal in Python 3.13
  from crypt import crypt as _crypt
/Users/pooja/.gemini/antigravity/scratch/frappe_workspace/frappe-bench/env/lib/python3.11/site-packages/rq/connections.py:72: DeprecationWarning: The `pop_connection` function is deprecated. Pass the `connection` explicitly instead.
  warnings.warn(
/Users/pooja/.gemini/antigravity/scratch/frappe_workspace/frappe-bench/env/lib/python3.11/site-packages/rq/connections.py:58: DeprecationWarning: The `push_connection` function is deprecated. Pass the `connection` explicitly instead.
  warnings.warn(
/Users/pooja/.gemini/antigravity/scratch/frappe_workspace/frappe-bench/env/lib/python3.11/site-packages/passlib/utils/__init__.py:854: DeprecationWarning: 'crypt' is deprecated and slated for removal in Python 3.13
  from crypt import crypt as _crypt
/Users/pooja/.gemini/antigravity/scratch/frappe_workspace/frappe-bench/env/lib/python3.11/site-packages/rq/connections.py:72: DeprecationWarning: The `pop_connection` function is deprecated. Pass the `connection` explicitly instead.
  warnings.warn(
/Users/pooja/.gemini/antigravity/scratch/frappe_workspace/frappe-bench/env/lib/python3.11/site-packages/rq/connections.py:58: DeprecationWarning: The `push_connection` function is deprecated. Pass the `connection` explicitly instead.
  warnings.warn(
/Users/pooja/.gemini/antigravity/scratch/frappe_workspace/frappe-bench/env/lib/python3.11/site-packages/passlib/utils/__init__.py:854: DeprecationWarning: 'crypt' is deprecated and slated for removal in Python 3.13
  from crypt import crypt as _crypt
/Users/pooja/.gemini/antigravity/scratch/frappe_workspace/frappe-bench/env/lib/python3.11/site-packages/rq/connections.py:72: DeprecationWarning: The `pop_connection` function is deprecated. Pass the `connection` explicitly instead.
  warnings.warn(
/Users/pooja/.gemini/antigravity/scratch/frappe_workspace/frappe-bench/env/lib/python3.11/site-packages/rq/connections.py:58: DeprecationWarning: The `push_connection` function is deprecated. Pass the `connection` explicitly instead.
  warnings.warn(
/Users/pooja/.gemini/antigravity/scratch/frappe_workspace/frappe-bench/env/lib/python3.11/site-packages/passlib/utils/__init__.py:854: DeprecationWarning: 'crypt' is deprecated and slated for removal in Python 3.13
  from crypt import crypt as _crypt
/Users/pooja/.gemini/antigravity/scratch/frappe_workspace/frappe-bench/env/lib/python3.11/site-packages/rq/connections.py:72: DeprecationWarning: The `pop_connection` function is deprecated. Pass the `connection` explicitly instead.
  warnings.warn(
/Users/pooja/.gemini/antigravity/scratch/frappe_workspace/frappe-bench/env/lib/python3.11/site-packages/rq/connections.py:58: DeprecationWarning: The `push_connection` function is deprecated. Pass the `connection` explicitly instead.
  warnings.warn(
/Users/pooja/.gemini/antigravity/scratch/frappe_workspace/frappe-bench/env/lib/python3.11/site-packages/passlib/utils/__init__.py:854: DeprecationWarning: 'crypt' is deprecated and slated for removal in Python 3.13
  from crypt import crypt as _crypt
/Users/pooja/.gemini/antigravity/scratch/frappe_workspace/frappe-bench/env/lib/python3.11/site-packages/rq/connections.py:72: DeprecationWarning: The `pop_connection` function is deprecated. Pass the `connection` explicitly instead.
  warnings.warn(
/Users/pooja/.gemini/antigravity/scratch/frappe_workspace/frappe-bench/env/lib/python3.11/site-packages/rq/connections.py:58: DeprecationWarning: The `push_connection` function is deprecated. Pass the `connection` explicitly instead.
  warnings.warn(
/Users/pooja/.gemini/antigravity/scratch/frappe_workspace/frappe-bench/env/lib/python3.11/site-packages/passlib/utils/__init__.py:854: DeprecationWarning: 'crypt' is deprecated and slated for removal in Python 3.13
  from crypt import crypt as _crypt
/Users/pooja/.gemini/antigravity/scratch/frappe_workspace/frappe-bench/env/lib/python3.11/site-packages/rq/connections.py:72: DeprecationWarning: The `pop_connection` function is deprecated. Pass the `connection` explicitly instead.
  warnings.warn(
/Users/pooja/.gemini/antigravity/scratch/frappe_workspace/frappe-bench/env/lib/python3.11/site-packages/rq/connections.py:58: DeprecationWarning: The `push_connection` function is deprecated. Pass the `connection` explicitly instead.
  warnings.warn(
/Users/pooja/.gemini/antigravity/scratch/frappe_workspace/frappe-bench/env/lib/python3.11/site-packages/passlib/utils/__init__.py:854: DeprecationWarning: 'crypt' is deprecated and slated for removal in Python 3.13
  from crypt import crypt as _crypt
/Users/pooja/.gemini/antigravity/scratch/frappe_workspace/frappe-bench/env/lib/python3.11/site-packages/rq/connections.py:72: DeprecationWarning: The `pop_connection` function is deprecated. Pass the `connection` explicitly instead.
  warnings.warn(
/Users/pooja/.gemini/antigravity/scratch/frappe_workspace/frappe-bench/env/lib/python3.11/site-packages/rq/connections.py:58: DeprecationWarning: The `push_connection` function is deprecated. Pass the `connection` explicitly instead.
  warnings.warn(
/Users/pooja/.gemini/antigravity/scratch/frappe_workspace/frappe-bench/env/lib/python3.11/site-packages/passlib/utils/__init__.py:854: DeprecationWarning: 'crypt' is deprecated and slated for removal in Python 3.13
  from crypt import crypt as _crypt
/Users/pooja/.gemini/antigravity/scratch/frappe_workspace/frappe-bench/env/lib/python3.11/site-packages/rq/connections.py:72: DeprecationWarning: The `pop_connection` function is deprecated. Pass the `connection` explicitly instead.
  warnings.warn(
/Users/pooja/.gemini/antigravity/scratch/frappe_workspace/frappe-bench/env/lib/python3.11/site-packages/rq/connections.py:58: DeprecationWarning: The `push_connection` function is deprecated. Pass the `connection` explicitly instead.
  warnings.warn(
/Users/pooja/.gemini/antigravity/scratch/frappe_workspace/frappe-bench/env/lib/python3.11/site-packages/passlib/utils/__init__.py:854: DeprecationWarning: 'crypt' is deprecated and slated for removal in Python 3.13
  from crypt import crypt as _crypt
/Users/pooja/.gemini/antigravity/scratch/frappe_workspace/frappe-bench/env/lib/python3.11/site-packages/rq/connections.py:72: DeprecationWarning: The `pop_connection` function is deprecated. Pass the `connection` explicitly instead.
  warnings.warn(
/Users/pooja/.gemini/antigravity/scratch/frappe_workspace/frappe-bench/env/lib/python3.11/site-packages/rq/connections.py:58: DeprecationWarning: The `push_connection` function is deprecated. Pass the `connection` explicitly instead.
  warnings.warn(
/Users/pooja/.gemini/antigravity/scratch/frappe_workspace/frappe-bench/env/lib/python3.11/site-packages/passlib/utils/__init__.py:854: DeprecationWarning: 'crypt' is deprecated and slated for removal in Python 3.13
  from crypt import crypt as _crypt
/Users/pooja/.gemini/antigravity/scratch/frappe_workspace/frappe-bench/env/lib/python3.11/site-packages/rq/connections.py:72: DeprecationWarning: The `pop_connection` function is deprecated. Pass the `connection` explicitly instead.
  warnings.warn(
/Users/pooja/.gemini/antigravity/scratch/frappe_workspace/frappe-bench/env/lib/python3.11/site-packages/rq/connections.py:58: DeprecationWarning: The `push_connection` function is deprecated. Pass the `connection` explicitly instead.
  warnings.warn(
/Users/pooja/.gemini/antigravity/scratch/frappe_workspace/frappe-bench/env/lib/python3.11/site-packages/passlib/utils/__init__.py:854: DeprecationWarning: 'crypt' is deprecated and slated for removal in Python 3.13
  from crypt import crypt as _crypt
/Users/pooja/.gemini/antigravity/scratch/frappe_workspace/frappe-bench/env/lib/python3.11/site-packages/rq/connections.py:72: DeprecationWarning: The `pop_connection` function is deprecated. Pass the `connection` explicitly instead.
  warnings.warn(
/Users/pooja/.gemini/antigravity/scratch/frappe_workspace/frappe-bench/env/lib/python3.11/site-packages/rq/connections.py:58: DeprecationWarning: The `push_connection` function is deprecated. Pass the `connection` explicitly instead.
  warnings.warn(
/Users/pooja/.gemini/antigravity/scratch/frappe_workspace/frappe-bench/env/lib/python3.11/site-packages/passlib/utils/__init__.py:854: DeprecationWarning: 'crypt' is deprecated and slated for removal in Python 3.13
  from crypt import crypt as _crypt
/Users/pooja/.gemini/antigravity/scratch/frappe_workspace/frappe-bench/env/lib/python3.11/site-packages/rq/connections.py:72: DeprecationWarning: The `pop_connection` function is deprecated. Pass the `connection` explicitly instead.
  warnings.warn(
/Users/pooja/.gemini/antigravity/scratch/frappe_workspace/frappe-bench/env/lib/python3.11/site-packages/rq/connections.py:58: DeprecationWarning: The `push_connection` function is deprecated. Pass the `connection` explicitly instead.
  warnings.warn(
/Users/pooja/.gemini/antigravity/scratch/frappe_workspace/frappe-bench/env/lib/python3.11/site-packages/passlib/utils/__init__.py:854: DeprecationWarning: 'crypt' is deprecated and slated for removal in Python 3.13
  from crypt import crypt as _crypt
/Users/pooja/.gemini/antigravity/scratch/frappe_workspace/frappe-bench/env/lib/python3.11/site-packages/rq/connections.py:72: DeprecationWarning: The `pop_connection` function is deprecated. Pass the `connection` explicitly instead.
  warnings.warn(
/Users/pooja/.gemini/antigravity/scratch/frappe_workspace/frappe-bench/env/lib/python3.11/site-packages/rq/connections.py:58: DeprecationWarning: The `push_connection` function is deprecated. Pass the `connection` explicitly instead.
  warnings.warn(
/Users/pooja/.gemini/antigravity/scratch/frappe_workspace/frappe-bench/env/lib/python3.11/site-packages/passlib/utils/__init__.py:854: DeprecationWarning: 'crypt' is deprecated and slated for removal in Python 3.13
  from crypt import crypt as _crypt
/Users/pooja/.gemini/antigravity/scratch/frappe_workspace/frappe-bench/env/lib/python3.11/site-packages/rq/connections.py:72: DeprecationWarning: The `pop_connection` function is deprecated. Pass the `connection` explicitly instead.
  warnings.warn(
/Users/pooja/.gemini/antigravity/scratch/frappe_workspace/frappe-bench/env/lib/python3.11/site-packages/rq/connections.py:58: DeprecationWarning: The `push_connection` function is deprecated. Pass the `connection` explicitly instead.
  warnings.warn(
/Users/pooja/.gemini/antigravity/scratch/frappe_workspace/frappe-bench/env/lib/python3.11/site-packages/passlib/utils/__init__.py:854: DeprecationWarning: 'crypt' is deprecated and slated for removal in Python 3.13
  from crypt import crypt as _crypt
/Users/pooja/.gemini/antigravity/scratch/frappe_workspace/frappe-bench/env/lib/python3.11/site-packages/rq/connections.py:72: DeprecationWarning: The `pop_connection` function is deprecated. Pass the `connection` explicitly instead.
  warnings.warn(
/Users/pooja/.gemini/antigravity/scratch/frappe_workspace/frappe-bench/env/lib/python3.11/site-packages/rq/connections.py:58: DeprecationWarning: The `push_connection` function is deprecated. Pass the `connection` explicitly instead.
  warnings.warn(
/Users/pooja/.gemini/antigravity/scratch/frappe_workspace/frappe-bench/env/lib/python3.11/site-packages/passlib/utils/__init__.py:854: DeprecationWarning: 'crypt' is deprecated and slated for removal in Python 3.13
  from crypt import crypt as _crypt
/Users/pooja/.gemini/antigravity/scratch/frappe_workspace/frappe-bench/env/lib/python3.11/site-packages/rq/connections.py:72: DeprecationWarning: The `pop_connection` function is deprecated. Pass the `connection` explicitly instead.
  warnings.warn(
/Users/pooja/.gemini/antigravity/scratch/frappe_workspace/frappe-bench/env/lib/python3.11/site-packages/rq/connections.py:58: DeprecationWarning: The `push_connection` function is deprecated. Pass the `connection` explicitly instead.
  warnings.warn(
/Users/pooja/.gemini/antigravity/scratch/frappe_workspace/frappe-bench/env/lib/python3.11/site-packages/passlib/utils/__init__.py:854: DeprecationWarning: 'crypt' is deprecated and slated for removal in Python 3.13
  from crypt import crypt as _crypt
/Users/pooja/.gemini/antigravity/scratch/frappe_workspace/frappe-bench/env/lib/python3.11/site-packages/rq/connections.py:72: DeprecationWarning: The `pop_connection` function is deprecated. Pass the `connection` explicitly instead.
  warnings.warn(
/Users/pooja/.gemini/antigravity/scratch/frappe_workspace/frappe-bench/env/lib/python3.11/site-packages/rq/connections.py:58: DeprecationWarning: The `push_connection` function is deprecated. Pass the `connection` explicitly instead.
  warnings.warn(
/Users/pooja/.gemini/antigravity/scratch/frappe_workspace/frappe-bench/env/lib/python3.11/site-packages/passlib/utils/__init__.py:854: DeprecationWarning: 'crypt' is deprecated and slated for removal in Python 3.13
  from crypt import crypt as _crypt
/Users/pooja/.gemini/antigravity/scratch/frappe_workspace/frappe-bench/env/lib/python3.11/site-packages/rq/connections.py:72: DeprecationWarning: The `pop_connection` function is deprecated. Pass the `connection` explicitly instead.
  warnings.warn(
/Users/pooja/.gemini/antigravity/scratch/frappe_workspace/frappe-bench/env/lib/python3.11/site-packages/rq/connections.py:58: DeprecationWarning: The `push_connection` function is deprecated. Pass the `connection` explicitly instead.
  warnings.warn(
/Users/pooja/.gemini/antigravity/scratch/frappe_workspace/frappe-bench/env/lib/python3.11/site-packages/passlib/utils/__init__.py:854: DeprecationWarning: 'crypt' is deprecated and slated for removal in Python 3.13
  from crypt import crypt as _crypt
/Users/pooja/.gemini/antigravity/scratch/frappe_workspace/frappe-bench/env/lib/python3.11/site-packages/rq/connections.py:72: DeprecationWarning: The `pop_connection` function is deprecated. Pass the `connection` explicitly instead.
  warnings.warn(
/Users/pooja/.gemini/antigravity/scratch/frappe_workspace/frappe-bench/env/lib/python3.11/site-packages/rq/connections.py:58: DeprecationWarning: The `push_connection` function is deprecated. Pass the `connection` explicitly instead.
  warnings.warn(
/Users/pooja/.gemini/antigravity/scratch/frappe_workspace/frappe-bench/env/lib/python3.11/site-packages/passlib/utils/__init__.py:854: DeprecationWarning: 'crypt' is deprecated and slated for removal in Python 3.13
  from crypt import crypt as _crypt
/Users/pooja/.gemini/antigravity/scratch/frappe_workspace/frappe-bench/env/lib/python3.11/site-packages/rq/connections.py:72: DeprecationWarning: The `pop_connection` function is deprecated. Pass the `connection` explicitly instead.
  warnings.warn(
/Users/pooja/.gemini/antigravity/scratch/frappe_workspace/frappe-bench/env/lib/python3.11/site-packages/rq/connections.py:58: DeprecationWarning: The `push_connection` function is deprecated. Pass the `connection` explicitly instead.
  warnings.warn(
/Users/pooja/.gemini/antigravity/scratch/frappe_workspace/frappe-bench/env/lib/python3.11/site-packages/passlib/utils/__init__.py:854: DeprecationWarning: 'crypt' is deprecated and slated for removal in Python 3.13
  from crypt import crypt as _crypt
/Users/pooja/.gemini/antigravity/scratch/frappe_workspace/frappe-bench/env/lib/python3.11/site-packages/rq/connections.py:72: DeprecationWarning: The `pop_connection` function is deprecated. Pass the `connection` explicitly instead.
  warnings.warn(
/Users/pooja/.gemini/antigravity/scratch/frappe_workspace/frappe-bench/env/lib/python3.11/site-packages/rq/connections.py:58: DeprecationWarning: The `push_connection` function is deprecated. Pass the `connection` explicitly instead.
  warnings.warn(
/Users/pooja/.gemini/antigravity/scratch/frappe_workspace/frappe-bench/env/lib/python3.11/site-packages/passlib/utils/__init__.py:854: DeprecationWarning: 'crypt' is deprecated and slated for removal in Python 3.13
  from crypt import crypt as _crypt
/Users/pooja/.gemini/antigravity/scratch/frappe_workspace/frappe-bench/env/lib/python3.11/site-packages/rq/connections.py:72: DeprecationWarning: The `pop_connection` function is deprecated. Pass the `connection` explicitly instead.
  warnings.warn(
/Users/pooja/.gemini/antigravity/scratch/frappe_workspace/frappe-bench/env/lib/python3.11/site-packages/rq/connections.py:58: DeprecationWarning: The `push_connection` function is deprecated. Pass the `connection` explicitly instead.
  warnings.warn(
/Users/pooja/.gemini/antigravity/scratch/frappe_workspace/frappe-bench/env/lib/python3.11/site-packages/passlib/utils/__init__.py:854: DeprecationWarning: 'crypt' is deprecated and slated for removal in Python 3.13
  from crypt import crypt as _crypt
/Users/pooja/.gemini/antigravity/scratch/frappe_workspace/frappe-bench/env/lib/python3.11/site-packages/rq/connections.py:72: DeprecationWarning: The `pop_connection` function is deprecated. Pass the `connection` explicitly instead.
  warnings.warn(
/Users/pooja/.gemini/antigravity/scratch/frappe_workspace/frappe-bench/env/lib/python3.11/site-packages/rq/connections.py:58: DeprecationWarning: The `push_connection` function is deprecated. Pass the `connection` explicitly instead.
  warnings.warn(
/Users/pooja/.gemini/antigravity/scratch/frappe_workspace/frappe-bench/env/lib/python3.11/site-packages/passlib/utils/__init__.py:854: DeprecationWarning: 'crypt' is deprecated and slated for removal in Python 3.13
  from crypt import crypt as _crypt
/Users/pooja/.gemini/antigravity/scratch/frappe_workspace/frappe-bench/env/lib/python3.11/site-packages/rq/connections.py:72: DeprecationWarning: The `pop_connection` function is deprecated. Pass the `connection` explicitly instead.
  warnings.warn(
/Users/pooja/.gemini/antigravity/scratch/frappe_workspace/frappe-bench/env/lib/python3.11/site-packages/rq/connections.py:58: DeprecationWarning: The `push_connection` function is deprecated. Pass the `connection` explicitly instead.
  warnings.warn(
/Users/pooja/.gemini/antigravity/scratch/frappe_workspace/frappe-bench/env/lib/python3.11/site-packages/passlib/utils/__init__.py:854: DeprecationWarning: 'crypt' is deprecated and slated for removal in Python 3.13
  from crypt import crypt as _crypt
/Users/pooja/.gemini/antigravity/scratch/frappe_workspace/frappe-bench/env/lib/python3.11/site-packages/rq/connections.py:72: DeprecationWarning: The `pop_connection` function is deprecated. Pass the `connection` explicitly instead.
  warnings.warn(
/Users/pooja/.gemini/antigravity/scratch/frappe_workspace/frappe-bench/env/lib/python3.11/site-packages/rq/connections.py:58: DeprecationWarning: The `push_connection` function is deprecated. Pass the `connection` explicitly instead.
  warnings.warn(
/Users/pooja/.gemini/antigravity/scratch/frappe_workspace/frappe-bench/env/lib/python3.11/site-packages/passlib/utils/__init__.py:854: DeprecationWarning: 'crypt' is deprecated and slated for removal in Python 3.13
  from crypt import crypt as _crypt
/Users/pooja/.gemini/antigravity/scratch/frappe_workspace/frappe-bench/env/lib/python3.11/site-packages/rq/connections.py:72: DeprecationWarning: The `pop_connection` function is deprecated. Pass the `connection` explicitly instead.
  warnings.warn(
/Users/pooja/.gemini/antigravity/scratch/frappe_workspace/frappe-bench/env/lib/python3.11/site-packages/rq/connections.py:58: DeprecationWarning: The `push_connection` function is deprecated. Pass the `connection` explicitly instead.
  warnings.warn(
/Users/pooja/.gemini/antigravity/scratch/frappe_workspace/frappe-bench/env/lib/python3.11/site-packages/passlib/utils/__init__.py:854: DeprecationWarning: 'crypt' is deprecated and slated for removal in Python 3.13
  from crypt import crypt as _crypt
/Users/pooja/.gemini/antigravity/scratch/frappe_workspace/frappe-bench/env/lib/python3.11/site-packages/rq/connections.py:72: DeprecationWarning: The `pop_connection` function is deprecated. Pass the `connection` explicitly instead.
  warnings.warn(
/Users/pooja/.gemini/antigravity/scratch/frappe_workspace/frappe-bench/env/lib/python3.11/site-packages/rq/connections.py:58: DeprecationWarning: The `push_connection` function is deprecated. Pass the `connection` explicitly instead.
  warnings.warn(
/Users/pooja/.gemini/antigravity/scratch/frappe_workspace/frappe-bench/env/lib/python3.11/site-packages/passlib/utils/__init__.py:854: DeprecationWarning: 'crypt' is deprecated and slated for removal in Python 3.13
  from crypt import crypt as _crypt
/Users/pooja/.gemini/antigravity/scratch/frappe_workspace/frappe-bench/env/lib/python3.11/site-packages/rq/connections.py:72: DeprecationWarning: The `pop_connection` function is deprecated. Pass the `connection` explicitly instead.
  warnings.warn(
/Users/pooja/.gemini/antigravity/scratch/frappe_workspace/frappe-bench/env/lib/python3.11/site-packages/rq/connections.py:58: DeprecationWarning: The `push_connection` function is deprecated. Pass the `connection` explicitly instead.
  warnings.warn(
/Users/pooja/.gemini/antigravity/scratch/frappe_workspace/frappe-bench/env/lib/python3.11/site-packages/passlib/utils/__init__.py:854: DeprecationWarning: 'crypt' is deprecated and slated for removal in Python 3.13
  from crypt import crypt as _crypt
/Users/pooja/.gemini/antigravity/scratch/frappe_workspace/frappe-bench/env/lib/python3.11/site-packages/rq/connections.py:72: DeprecationWarning: The `pop_connection` function is deprecated. Pass the `connection` explicitly instead.
  warnings.warn(
/Users/pooja/.gemini/antigravity/scratch/frappe_workspace/frappe-bench/env/lib/python3.11/site-packages/rq/connections.py:58: DeprecationWarning: The `push_connection` function is deprecated. Pass the `connection` explicitly instead.
  warnings.warn(
/Users/pooja/.gemini/antigravity/scratch/frappe_workspace/frappe-bench/env/lib/python3.11/site-packages/passlib/utils/__init__.py:854: DeprecationWarning: 'crypt' is deprecated and slated for removal in Python 3.13
  from crypt import crypt as _crypt
/Users/pooja/.gemini/antigravity/scratch/frappe_workspace/frappe-bench/env/lib/python3.11/site-packages/rq/connections.py:72: DeprecationWarning: The `pop_connection` function is deprecated. Pass the `connection` explicitly instead.
  warnings.warn(
/Users/pooja/.gemini/antigravity/scratch/frappe_workspace/frappe-bench/env/lib/python3.11/site-packages/rq/connections.py:58: DeprecationWarning: The `push_connection` function is deprecated. Pass the `connection` explicitly instead.
  warnings.warn(
/Users/pooja/.gemini/antigravity/scratch/frappe_workspace/frappe-bench/env/lib/python3.11/site-packages/passlib/utils/__init__.py:854: DeprecationWarning: 'crypt' is deprecated and slated for removal in Python 3.13
  from crypt import crypt as _crypt
/Users/pooja/.gemini/antigravity/scratch/frappe_workspace/frappe-bench/env/lib/python3.11/site-packages/rq/connections.py:72: DeprecationWarning: The `pop_connection` function is deprecated. Pass the `connection` explicitly instead.
  warnings.warn(
/Users/pooja/.gemini/antigravity/scratch/frappe_workspace/frappe-bench/env/lib/python3.11/site-packages/rq/connections.py:58: DeprecationWarning: The `push_connection` function is deprecated. Pass the `connection` explicitly instead.
  warnings.warn(
/Users/pooja/.gemini/antigravity/scratch/frappe_workspace/frappe-bench/env/lib/python3.11/site-packages/passlib/utils/__init__.py:854: DeprecationWarning: 'crypt' is deprecated and slated for removal in Python 3.13
  from crypt import crypt as _crypt
/Users/pooja/.gemini/antigravity/scratch/frappe_workspace/frappe-bench/env/lib/python3.11/site-packages/rq/connections.py:72: DeprecationWarning: The `pop_connection` function is deprecated. Pass the `connection` explicitly instead.
  warnings.warn(
/Users/pooja/.gemini/antigravity/scratch/frappe_workspace/frappe-bench/env/lib/python3.11/site-packages/rq/connections.py:58: DeprecationWarning: The `push_connection` function is deprecated. Pass the `connection` explicitly instead.
  warnings.warn(
/Users/pooja/.gemini/antigravity/scratch/frappe_workspace/frappe-bench/env/lib/python3.11/site-packages/passlib/utils/__init__.py:854: DeprecationWarning: 'crypt' is deprecated and slated for removal in Python 3.13
  from crypt import crypt as _crypt
/Users/pooja/.gemini/antigravity/scratch/frappe_workspace/frappe-bench/env/lib/python3.11/site-packages/rq/connections.py:72: DeprecationWarning: The `pop_connection` function is deprecated. Pass the `connection` explicitly instead.
  warnings.warn(
/Users/pooja/.gemini/antigravity/scratch/frappe_workspace/frappe-bench/env/lib/python3.11/site-packages/rq/connections.py:58: DeprecationWarning: The `push_connection` function is deprecated. Pass the `connection` explicitly instead.
  warnings.warn(
/Users/pooja/.gemini/antigravity/scratch/frappe_workspace/frappe-bench/env/lib/python3.11/site-packages/passlib/utils/__init__.py:854: DeprecationWarning: 'crypt' is deprecated and slated for removal in Python 3.13
  from crypt import crypt as _crypt
/Users/pooja/.gemini/antigravity/scratch/frappe_workspace/frappe-bench/env/lib/python3.11/site-packages/rq/connections.py:72: DeprecationWarning: The `pop_connection` function is deprecated. Pass the `connection` explicitly instead.
  warnings.warn(
/Users/pooja/.gemini/antigravity/scratch/frappe_workspace/frappe-bench/env/lib/python3.11/site-packages/rq/connections.py:58: DeprecationWarning: The `push_connection` function is deprecated. Pass the `connection` explicitly instead.
  warnings.warn(
/Users/pooja/.gemini/antigravity/scratch/frappe_workspace/frappe-bench/env/lib/python3.11/site-packages/passlib/utils/__init__.py:854: DeprecationWarning: 'crypt' is deprecated and slated for removal in Python 3.13
  from crypt import crypt as _crypt
/Users/pooja/.gemini/antigravity/scratch/frappe_workspace/frappe-bench/env/lib/python3.11/site-packages/rq/connections.py:72: DeprecationWarning: The `pop_connection` function is deprecated. Pass the `connection` explicitly instead.
  warnings.warn(
/Users/pooja/.gemini/antigravity/scratch/frappe_workspace/frappe-bench/env/lib/python3.11/site-packages/rq/connections.py:58: DeprecationWarning: The `push_connection` function is deprecated. Pass the `connection` explicitly instead.
  warnings.warn(
/Users/pooja/.gemini/antigravity/scratch/frappe_workspace/frappe-bench/env/lib/python3.11/site-packages/passlib/utils/__init__.py:854: DeprecationWarning: 'crypt' is deprecated and slated for removal in Python 3.13
  from crypt import crypt as _crypt
/Users/pooja/.gemini/antigravity/scratch/frappe_workspace/frappe-bench/env/lib/python3.11/site-packages/rq/connections.py:72: DeprecationWarning: The `pop_connection` function is deprecated. Pass the `connection` explicitly instead.
  warnings.warn(
/Users/pooja/.gemini/antigravity/scratch/frappe_workspace/frappe-bench/env/lib/python3.11/site-packages/rq/connections.py:58: DeprecationWarning: The `push_connection` function is deprecated. Pass the `connection` explicitly instead.
  warnings.warn(
/Users/pooja/.gemini/antigravity/scratch/frappe_workspace/frappe-bench/env/lib/python3.11/site-packages/passlib/utils/__init__.py:854: DeprecationWarning: 'crypt' is deprecated and slated for removal in Python 3.13
  from crypt import crypt as _crypt
/Users/pooja/.gemini/antigravity/scratch/frappe_workspace/frappe-bench/env/lib/python3.11/site-packages/rq/connections.py:72: DeprecationWarning: The `pop_connection` function is deprecated. Pass the `connection` explicitly instead.
  warnings.warn(
/Users/pooja/.gemini/antigravity/scratch/frappe_workspace/frappe-bench/env/lib/python3.11/site-packages/rq/connections.py:58: DeprecationWarning: The `push_connection` function is deprecated. Pass the `connection` explicitly instead.
  warnings.warn(
/Users/pooja/.gemini/antigravity/scratch/frappe_workspace/frappe-bench/env/lib/python3.11/site-packages/passlib/utils/__init__.py:854: DeprecationWarning: 'crypt' is deprecated and slated for removal in Python 3.13
  from crypt import crypt as _crypt
/Users/pooja/.gemini/antigravity/scratch/frappe_workspace/frappe-bench/env/lib/python3.11/site-packages/rq/connections.py:72: DeprecationWarning: The `pop_connection` function is deprecated. Pass the `connection` explicitly instead.
  warnings.warn(
/Users/pooja/.gemini/antigravity/scratch/frappe_workspace/frappe-bench/env/lib/python3.11/site-packages/rq/connections.py:58: DeprecationWarning: The `push_connection` function is deprecated. Pass the `connection` explicitly instead.
  warnings.warn(
/Users/pooja/.gemini/antigravity/scratch/frappe_workspace/frappe-bench/env/lib/python3.11/site-packages/passlib/utils/__init__.py:854: DeprecationWarning: 'crypt' is deprecated and slated for removal in Python 3.13
  from crypt import crypt as _crypt
/Users/pooja/.gemini/antigravity/scratch/frappe_workspace/frappe-bench/env/lib/python3.11/site-packages/rq/connections.py:72: DeprecationWarning: The `pop_connection` function is deprecated. Pass the `connection` explicitly instead.
  warnings.warn(
/Users/pooja/.gemini/antigravity/scratch/frappe_workspace/frappe-bench/env/lib/python3.11/site-packages/rq/connections.py:58: DeprecationWarning: The `push_connection` function is deprecated. Pass the `connection` explicitly instead.
  warnings.warn(
/Users/pooja/.gemini/antigravity/scratch/frappe_workspace/frappe-bench/env/lib/python3.11/site-packages/passlib/utils/__init__.py:854: DeprecationWarning: 'crypt' is deprecated and slated for removal in Python 3.13
  from crypt import crypt as _crypt
/Users/pooja/.gemini/antigravity/scratch/frappe_workspace/frappe-bench/env/lib/python3.11/site-packages/rq/connections.py:72: DeprecationWarning: The `pop_connection` function is deprecated. Pass the `connection` explicitly instead.
  warnings.warn(
/Users/pooja/.gemini/antigravity/scratch/frappe_workspace/frappe-bench/env/lib/python3.11/site-packages/rq/connections.py:58: DeprecationWarning: The `push_connection` function is deprecated. Pass the `connection` explicitly instead.
  warnings.warn(
/Users/pooja/.gemini/antigravity/scratch/frappe_workspace/frappe-bench/env/lib/python3.11/site-packages/passlib/utils/__init__.py:854: DeprecationWarning: 'crypt' is deprecated and slated for removal in Python 3.13
  from crypt import crypt as _crypt
/Users/pooja/.gemini/antigravity/scratch/frappe_workspace/frappe-bench/env/lib/python3.11/site-packages/rq/connections.py:72: DeprecationWarning: The `pop_connection` function is deprecated. Pass the `connection` explicitly instead.
  warnings.warn(
/Users/pooja/.gemini/antigravity/scratch/frappe_workspace/frappe-bench/env/lib/python3.11/site-packages/rq/connections.py:58: DeprecationWarning: The `push_connection` function is deprecated. Pass the `connection` explicitly instead.
  warnings.warn(
/Users/pooja/.gemini/antigravity/scratch/frappe_workspace/frappe-bench/env/lib/python3.11/site-packages/passlib/utils/__init__.py:854: DeprecationWarning: 'crypt' is deprecated and slated for removal in Python 3.13
  from crypt import crypt as _crypt
/Users/pooja/.gemini/antigravity/scratch/frappe_workspace/frappe-bench/env/lib/python3.11/site-packages/rq/connections.py:72: DeprecationWarning: The `pop_connection` function is deprecated. Pass the `connection` explicitly instead.
  warnings.warn(
/Users/pooja/.gemini/antigravity/scratch/frappe_workspace/frappe-bench/env/lib/python3.11/site-packages/rq/connections.py:58: DeprecationWarning: The `push_connection` function is deprecated. Pass the `connection` explicitly instead.
  warnings.warn(
/Users/pooja/.gemini/antigravity/scratch/frappe_workspace/frappe-bench/env/lib/python3.11/site-packages/passlib/utils/__init__.py:854: DeprecationWarning: 'crypt' is deprecated and slated for removal in Python 3.13
  from crypt import crypt as _crypt
/Users/pooja/.gemini/antigravity/scratch/frappe_workspace/frappe-bench/env/lib/python3.11/site-packages/rq/connections.py:72: DeprecationWarning: The `pop_connection` function is deprecated. Pass the `connection` explicitly instead.
  warnings.warn(
/Users/pooja/.gemini/antigravity/scratch/frappe_workspace/frappe-bench/env/lib/python3.11/site-packages/rq/connections.py:58: DeprecationWarning: The `push_connection` function is deprecated. Pass the `connection` explicitly instead.
  warnings.warn(
/Users/pooja/.gemini/antigravity/scratch/frappe_workspace/frappe-bench/env/lib/python3.11/site-packages/passlib/utils/__init__.py:854: DeprecationWarning: 'crypt' is deprecated and slated for removal in Python 3.13
  from crypt import crypt as _crypt
/Users/pooja/.gemini/antigravity/scratch/frappe_workspace/frappe-bench/env/lib/python3.11/site-packages/rq/connections.py:72: DeprecationWarning: The `pop_connection` function is deprecated. Pass the `connection` explicitly instead.
  warnings.warn(
/Users/pooja/.gemini/antigravity/scratch/frappe_workspace/frappe-bench/env/lib/python3.11/site-packages/rq/connections.py:58: DeprecationWarning: The `push_connection` function is deprecated. Pass the `connection` explicitly instead.
  warnings.warn(
/Users/pooja/.gemini/antigravity/scratch/frappe_workspace/frappe-bench/env/lib/python3.11/site-packages/passlib/utils/__init__.py:854: DeprecationWarning: 'crypt' is deprecated and slated for removal in Python 3.13
  from crypt import crypt as _crypt
/Users/pooja/.gemini/antigravity/scratch/frappe_workspace/frappe-bench/env/lib/python3.11/site-packages/rq/connections.py:72: DeprecationWarning: The `pop_connection` function is deprecated. Pass the `connection` explicitly instead.
  warnings.warn(
/Users/pooja/.gemini/antigravity/scratch/frappe_workspace/frappe-bench/env/lib/python3.11/site-packages/rq/connections.py:58: DeprecationWarning: The `push_connection` function is deprecated. Pass the `connection` explicitly instead.
  warnings.warn(
/Users/pooja/.gemini/antigravity/scratch/frappe_workspace/frappe-bench/env/lib/python3.11/site-packages/passlib/utils/__init__.py:854: DeprecationWarning: 'crypt' is deprecated and slated for removal in Python 3.13
  from crypt import crypt as _crypt
/Users/pooja/.gemini/antigravity/scratch/frappe_workspace/frappe-bench/env/lib/python3.11/site-packages/rq/connections.py:72: DeprecationWarning: The `pop_connection` function is deprecated. Pass the `connection` explicitly instead.
  warnings.warn(
/Users/pooja/.gemini/antigravity/scratch/frappe_workspace/frappe-bench/env/lib/python3.11/site-packages/rq/connections.py:58: DeprecationWarning: The `push_connection` function is deprecated. Pass the `connection` explicitly instead.
  warnings.warn(
/Users/pooja/.gemini/antigravity/scratch/frappe_workspace/frappe-bench/env/lib/python3.11/site-packages/passlib/utils/__init__.py:854: DeprecationWarning: 'crypt' is deprecated and slated for removal in Python 3.13
  from crypt import crypt as _crypt
/Users/pooja/.gemini/antigravity/scratch/frappe_workspace/frappe-bench/env/lib/python3.11/site-packages/rq/connections.py:72: DeprecationWarning: The `pop_connection` function is deprecated. Pass the `connection` explicitly instead.
  warnings.warn(
/Users/pooja/.gemini/antigravity/scratch/frappe_workspace/frappe-bench/env/lib/python3.11/site-packages/rq/connections.py:58: DeprecationWarning: The `push_connection` function is deprecated. Pass the `connection` explicitly instead.
  warnings.warn(
/Users/pooja/.gemini/antigravity/scratch/frappe_workspace/frappe-bench/env/lib/python3.11/site-packages/passlib/utils/__init__.py:854: DeprecationWarning: 'crypt' is deprecated and slated for removal in Python 3.13
  from crypt import crypt as _crypt
/Users/pooja/.gemini/antigravity/scratch/frappe_workspace/frappe-bench/env/lib/python3.11/site-packages/rq/connections.py:72: DeprecationWarning: The `pop_connection` function is deprecated. Pass the `connection` explicitly instead.
  warnings.warn(
/Users/pooja/.gemini/antigravity/scratch/frappe_workspace/frappe-bench/env/lib/python3.11/site-packages/rq/connections.py:58: DeprecationWarning: The `push_connection` function is deprecated. Pass the `connection` explicitly instead.
  warnings.warn(
/Users/pooja/.gemini/antigravity/scratch/frappe_workspace/frappe-bench/env/lib/python3.11/site-packages/passlib/utils/__init__.py:854: DeprecationWarning: 'crypt' is deprecated and slated for removal in Python 3.13
  from crypt import crypt as _crypt
/Users/pooja/.gemini/antigravity/scratch/frappe_workspace/frappe-bench/env/lib/python3.11/site-packages/rq/connections.py:72: DeprecationWarning: The `pop_connection` function is deprecated. Pass the `connection` explicitly instead.
  warnings.warn(
/Users/pooja/.gemini/antigravity/scratch/frappe_workspace/frappe-bench/env/lib/python3.11/site-packages/rq/connections.py:58: DeprecationWarning: The `push_connection` function is deprecated. Pass the `connection` explicitly instead.
  warnings.warn(
/Users/pooja/.gemini/antigravity/scratch/frappe_workspace/frappe-bench/env/lib/python3.11/site-packages/passlib/utils/__init__.py:854: DeprecationWarning: 'crypt' is deprecated and slated for removal in Python 3.13
  from crypt import crypt as _crypt
/Users/pooja/.gemini/antigravity/scratch/frappe_workspace/frappe-bench/env/lib/python3.11/site-packages/rq/connections.py:72: DeprecationWarning: The `pop_connection` function is deprecated. Pass the `connection` explicitly instead.
  warnings.warn(
/Users/pooja/.gemini/antigravity/scratch/frappe_workspace/frappe-bench/env/lib/python3.11/site-packages/rq/connections.py:58: DeprecationWarning: The `push_connection` function is deprecated. Pass the `connection` explicitly instead.
  warnings.warn(
/Users/pooja/.gemini/antigravity/scratch/frappe_workspace/frappe-bench/env/lib/python3.11/site-packages/passlib/utils/__init__.py:854: DeprecationWarning: 'crypt' is deprecated and slated for removal in Python 3.13
  from crypt import crypt as _crypt
/Users/pooja/.gemini/antigravity/scratch/frappe_workspace/frappe-bench/env/lib/python3.11/site-packages/rq/connections.py:72: DeprecationWarning: The `pop_connection` function is deprecated. Pass the `connection` explicitly instead.
  warnings.warn(
/Users/pooja/.gemini/antigravity/scratch/frappe_workspace/frappe-bench/env/lib/python3.11/site-packages/rq/connections.py:58: DeprecationWarning: The `push_connection` function is deprecated. Pass the `connection` explicitly instead.
  warnings.warn(
/Users/pooja/.gemini/antigravity/scratch/frappe_workspace/frappe-bench/env/lib/python3.11/site-packages/passlib/utils/__init__.py:854: DeprecationWarning: 'crypt' is deprecated and slated for removal in Python 3.13
  from crypt import crypt as _crypt
/Users/pooja/.gemini/antigravity/scratch/frappe_workspace/frappe-bench/env/lib/python3.11/site-packages/rq/connections.py:72: DeprecationWarning: The `pop_connection` function is deprecated. Pass the `connection` explicitly instead.
  warnings.warn(
/Users/pooja/.gemini/antigravity/scratch/frappe_workspace/frappe-bench/env/lib/python3.11/site-packages/rq/connections.py:58: DeprecationWarning: The `push_connection` function is deprecated. Pass the `connection` explicitly instead.
  warnings.warn(
/Users/pooja/.gemini/antigravity/scratch/frappe_workspace/frappe-bench/env/lib/python3.11/site-packages/passlib/utils/__init__.py:854: DeprecationWarning: 'crypt' is deprecated and slated for removal in Python 3.13
  from crypt import crypt as _crypt
/Users/pooja/.gemini/antigravity/scratch/frappe_workspace/frappe-bench/env/lib/python3.11/site-packages/rq/connections.py:72: DeprecationWarning: The `pop_connection` function is deprecated. Pass the `connection` explicitly instead.
  warnings.warn(
/Users/pooja/.gemini/antigravity/scratch/frappe_workspace/frappe-bench/env/lib/python3.11/site-packages/rq/connections.py:58: DeprecationWarning: The `push_connection` function is deprecated. Pass the `connection` explicitly instead.
  warnings.warn(
/Users/pooja/.gemini/antigravity/scratch/frappe_workspace/frappe-bench/env/lib/python3.11/site-packages/passlib/utils/__init__.py:854: DeprecationWarning: 'crypt' is deprecated and slated for removal in Python 3.13
  from crypt import crypt as _crypt
/Users/pooja/.gemini/antigravity/scratch/frappe_workspace/frappe-bench/env/lib/python3.11/site-packages/rq/connections.py:72: DeprecationWarning: The `pop_connection` function is deprecated. Pass the `connection` explicitly instead.
  warnings.warn(
/Users/pooja/.gemini/antigravity/scratch/frappe_workspace/frappe-bench/env/lib/python3.11/site-packages/rq/connections.py:58: DeprecationWarning: The `push_connection` function is deprecated. Pass the `connection` explicitly instead.
  warnings.warn(
/Users/pooja/.gemini/antigravity/scratch/frappe_workspace/frappe-bench/env/lib/python3.11/site-packages/passlib/utils/__init__.py:854: DeprecationWarning: 'crypt' is deprecated and slated for removal in Python 3.13
  from crypt import crypt as _crypt
/Users/pooja/.gemini/antigravity/scratch/frappe_workspace/frappe-bench/env/lib/python3.11/site-packages/rq/connections.py:72: DeprecationWarning: The `pop_connection` function is deprecated. Pass the `connection` explicitly instead.
  warnings.warn(
/Users/pooja/.gemini/antigravity/scratch/frappe_workspace/frappe-bench/env/lib/python3.11/site-packages/rq/connections.py:58: DeprecationWarning: The `push_connection` function is deprecated. Pass the `connection` explicitly instead.
  warnings.warn(
/Users/pooja/.gemini/antigravity/scratch/frappe_workspace/frappe-bench/env/lib/python3.11/site-packages/passlib/utils/__init__.py:854: DeprecationWarning: 'crypt' is deprecated and slated for removal in Python 3.13
  from crypt import crypt as _crypt
/Users/pooja/.gemini/antigravity/scratch/frappe_workspace/frappe-bench/env/lib/python3.11/site-packages/rq/connections.py:72: DeprecationWarning: The `pop_connection` function is deprecated. Pass the `connection` explicitly instead.
  warnings.warn(
/Users/pooja/.gemini/antigravity/scratch/frappe_workspace/frappe-bench/env/lib/python3.11/site-packages/rq/connections.py:58: DeprecationWarning: The `push_connection` function is deprecated. Pass the `connection` explicitly instead.
  warnings.warn(
/Users/pooja/.gemini/antigravity/scratch/frappe_workspace/frappe-bench/env/lib/python3.11/site-packages/passlib/utils/__init__.py:854: DeprecationWarning: 'crypt' is deprecated and slated for removal in Python 3.13
  from crypt import crypt as _crypt
/Users/pooja/.gemini/antigravity/scratch/frappe_workspace/frappe-bench/env/lib/python3.11/site-packages/rq/connections.py:72: DeprecationWarning: The `pop_connection` function is deprecated. Pass the `connection` explicitly instead.
  warnings.warn(
/Users/pooja/.gemini/antigravity/scratch/frappe_workspace/frappe-bench/env/lib/python3.11/site-packages/rq/connections.py:58: DeprecationWarning: The `push_connection` function is deprecated. Pass the `connection` explicitly instead.
  warnings.warn(
/Users/pooja/.gemini/antigravity/scratch/frappe_workspace/frappe-bench/env/lib/python3.11/site-packages/passlib/utils/__init__.py:854: DeprecationWarning: 'crypt' is deprecated and slated for removal in Python 3.13
  from crypt import crypt as _crypt
/Users/pooja/.gemini/antigravity/scratch/frappe_workspace/frappe-bench/env/lib/python3.11/site-packages/rq/connections.py:72: DeprecationWarning: The `pop_connection` function is deprecated. Pass the `connection` explicitly instead.
  warnings.warn(
/Users/pooja/.gemini/antigravity/scratch/frappe_workspace/frappe-bench/env/lib/python3.11/site-packages/rq/connections.py:58: DeprecationWarning: The `push_connection` function is deprecated. Pass the `connection` explicitly instead.
  warnings.warn(
/Users/pooja/.gemini/antigravity/scratch/frappe_workspace/frappe-bench/env/lib/python3.11/site-packages/passlib/utils/__init__.py:854: DeprecationWarning: 'crypt' is deprecated and slated for removal in Python 3.13
  from crypt import crypt as _crypt
/Users/pooja/.gemini/antigravity/scratch/frappe_workspace/frappe-bench/env/lib/python3.11/site-packages/rq/connections.py:72: DeprecationWarning: The `pop_connection` function is deprecated. Pass the `connection` explicitly instead.
  warnings.warn(
/Users/pooja/.gemini/antigravity/scratch/frappe_workspace/frappe-bench/env/lib/python3.11/site-packages/rq/connections.py:58: DeprecationWarning: The `push_connection` function is deprecated. Pass the `connection` explicitly instead.
  warnings.warn(
/Users/pooja/.gemini/antigravity/scratch/frappe_workspace/frappe-bench/env/lib/python3.11/site-packages/passlib/utils/__init__.py:854: DeprecationWarning: 'crypt' is deprecated and slated for removal in Python 3.13
  from crypt import crypt as _crypt
/Users/pooja/.gemini/antigravity/scratch/frappe_workspace/frappe-bench/env/lib/python3.11/site-packages/rq/connections.py:72: DeprecationWarning: The `pop_connection` function is deprecated. Pass the `connection` explicitly instead.
  warnings.warn(
/Users/pooja/.gemini/antigravity/scratch/frappe_workspace/frappe-bench/env/lib/python3.11/site-packages/rq/connections.py:58: DeprecationWarning: The `push_connection` function is deprecated. Pass the `connection` explicitly instead.
  warnings.warn(
/Users/pooja/.gemini/antigravity/scratch/frappe_workspace/frappe-bench/env/lib/python3.11/site-packages/passlib/utils/__init__.py:854: DeprecationWarning: 'crypt' is deprecated and slated for removal in Python 3.13
  from crypt import crypt as _crypt
/Users/pooja/.gemini/antigravity/scratch/frappe_workspace/frappe-bench/env/lib/python3.11/site-packages/rq/connections.py:72: DeprecationWarning: The `pop_connection` function is deprecated. Pass the `connection` explicitly instead.
  warnings.warn(
/Users/pooja/.gemini/antigravity/scratch/frappe_workspace/frappe-bench/env/lib/python3.11/site-packages/rq/connections.py:58: DeprecationWarning: The `push_connection` function is deprecated. Pass the `connection` explicitly instead.
  warnings.warn(
/Users/pooja/.gemini/antigravity/scratch/frappe_workspace/frappe-bench/env/lib/python3.11/site-packages/passlib/utils/__init__.py:854: DeprecationWarning: 'crypt' is deprecated and slated for removal in Python 3.13
  from crypt import crypt as _crypt
/Users/pooja/.gemini/antigravity/scratch/frappe_workspace/frappe-bench/env/lib/python3.11/site-packages/rq/connections.py:72: DeprecationWarning: The `pop_connection` function is deprecated. Pass the `connection` explicitly instead.
  warnings.warn(
/Users/pooja/.gemini/antigravity/scratch/frappe_workspace/frappe-bench/env/lib/python3.11/site-packages/rq/connections.py:58: DeprecationWarning: The `push_connection` function is deprecated. Pass the `connection` explicitly instead.
  warnings.warn(
/Users/pooja/.gemini/antigravity/scratch/frappe_workspace/frappe-bench/env/lib/python3.11/site-packages/passlib/utils/__init__.py:854: DeprecationWarning: 'crypt' is deprecated and slated for removal in Python 3.13
  from crypt import crypt as _crypt
/Users/pooja/.gemini/antigravity/scratch/frappe_workspace/frappe-bench/env/lib/python3.11/site-packages/rq/connections.py:72: DeprecationWarning: The `pop_connection` function is deprecated. Pass the `connection` explicitly instead.
  warnings.warn(
/Users/pooja/.gemini/antigravity/scratch/frappe_workspace/frappe-bench/env/lib/python3.11/site-packages/rq/connections.py:58: DeprecationWarning: The `push_connection` function is deprecated. Pass the `connection` explicitly instead.
  warnings.warn(
/Users/pooja/.gemini/antigravity/scratch/frappe_workspace/frappe-bench/env/lib/python3.11/site-packages/passlib/utils/__init__.py:854: DeprecationWarning: 'crypt' is deprecated and slated for removal in Python 3.13
  from crypt import crypt as _crypt
/Users/pooja/.gemini/antigravity/scratch/frappe_workspace/frappe-bench/env/lib/python3.11/site-packages/rq/connections.py:72: DeprecationWarning: The `pop_connection` function is deprecated. Pass the `connection` explicitly instead.
  warnings.warn(
/Users/pooja/.gemini/antigravity/scratch/frappe_workspace/frappe-bench/env/lib/python3.11/site-packages/rq/connections.py:58: DeprecationWarning: The `push_connection` function is deprecated. Pass the `connection` explicitly instead.
  warnings.warn(
/Users/pooja/.gemini/antigravity/scratch/frappe_workspace/frappe-bench/env/lib/python3.11/site-packages/passlib/utils/__init__.py:854: DeprecationWarning: 'crypt' is deprecated and slated for removal in Python 3.13
  from crypt import crypt as _crypt
/Users/pooja/.gemini/antigravity/scratch/frappe_workspace/frappe-bench/env/lib/python3.11/site-packages/rq/connections.py:72: DeprecationWarning: The `pop_connection` function is deprecated. Pass the `connection` explicitly instead.
  warnings.warn(
/Users/pooja/.gemini/antigravity/scratch/frappe_workspace/frappe-bench/env/lib/python3.11/site-packages/rq/connections.py:58: DeprecationWarning: The `push_connection` function is deprecated. Pass the `connection` explicitly instead.
  warnings.warn(
/Users/pooja/.gemini/antigravity/scratch/frappe_workspace/frappe-bench/env/lib/python3.11/site-packages/passlib/utils/__init__.py:854: DeprecationWarning: 'crypt' is deprecated and slated for removal in Python 3.13
  from crypt import crypt as _crypt
/Users/pooja/.gemini/antigravity/scratch/frappe_workspace/frappe-bench/env/lib/python3.11/site-packages/rq/connections.py:72: DeprecationWarning: The `pop_connection` function is deprecated. Pass the `connection` explicitly instead.
  warnings.warn(
/Users/pooja/.gemini/antigravity/scratch/frappe_workspace/frappe-bench/env/lib/python3.11/site-packages/rq/connections.py:58: DeprecationWarning: The `push_connection` function is deprecated. Pass the `connection` explicitly instead.
  warnings.warn(
/Users/pooja/.gemini/antigravity/scratch/frappe_workspace/frappe-bench/env/lib/python3.11/site-packages/passlib/utils/__init__.py:854: DeprecationWarning: 'crypt' is deprecated and slated for removal in Python 3.13
  from crypt import crypt as _crypt
/Users/pooja/.gemini/antigravity/scratch/frappe_workspace/frappe-bench/env/lib/python3.11/site-packages/rq/connections.py:72: DeprecationWarning: The `pop_connection` function is deprecated. Pass the `connection` explicitly instead.
  warnings.warn(
/Users/pooja/.gemini/antigravity/scratch/frappe_workspace/frappe-bench/env/lib/python3.11/site-packages/rq/connections.py:58: DeprecationWarning: The `push_connection` function is deprecated. Pass the `connection` explicitly instead.
  warnings.warn(
/Users/pooja/.gemini/antigravity/scratch/frappe_workspace/frappe-bench/env/lib/python3.11/site-packages/passlib/utils/__init__.py:854: DeprecationWarning: 'crypt' is deprecated and slated for removal in Python 3.13
  from crypt import crypt as _crypt
/Users/pooja/.gemini/antigravity/scratch/frappe_workspace/frappe-bench/env/lib/python3.11/site-packages/rq/connections.py:72: DeprecationWarning: The `pop_connection` function is deprecated. Pass the `connection` explicitly instead.
  warnings.warn(
/Users/pooja/.gemini/antigravity/scratch/frappe_workspace/frappe-bench/env/lib/python3.11/site-packages/rq/connections.py:58: DeprecationWarning: The `push_connection` function is deprecated. Pass the `connection` explicitly instead.
  warnings.warn(
/Users/pooja/.gemini/antigravity/scratch/frappe_workspace/frappe-bench/env/lib/python3.11/site-packages/passlib/utils/__init__.py:854: DeprecationWarning: 'crypt' is deprecated and slated for removal in Python 3.13
  from crypt import crypt as _crypt
/Users/pooja/.gemini/antigravity/scratch/frappe_workspace/frappe-bench/env/lib/python3.11/site-packages/rq/connections.py:72: DeprecationWarning: The `pop_connection` function is deprecated. Pass the `connection` explicitly instead.
  warnings.warn(
/Users/pooja/.gemini/antigravity/scratch/frappe_workspace/frappe-bench/env/lib/python3.11/site-packages/rq/connections.py:58: DeprecationWarning: The `push_connection` function is deprecated. Pass the `connection` explicitly instead.
  warnings.warn(
/Users/pooja/.gemini/antigravity/scratch/frappe_workspace/frappe-bench/env/lib/python3.11/site-packages/passlib/utils/__init__.py:854: DeprecationWarning: 'crypt' is deprecated and slated for removal in Python 3.13
  from crypt import crypt as _crypt
/Users/pooja/.gemini/antigravity/scratch/frappe_workspace/frappe-bench/env/lib/python3.11/site-packages/rq/connections.py:72: DeprecationWarning: The `pop_connection` function is deprecated. Pass the `connection` explicitly instead.
  warnings.warn(
/Users/pooja/.gemini/antigravity/scratch/frappe_workspace/frappe-bench/env/lib/python3.11/site-packages/rq/connections.py:58: DeprecationWarning: The `push_connection` function is deprecated. Pass the `connection` explicitly instead.
  warnings.warn(
/Users/pooja/.gemini/antigravity/scratch/frappe_workspace/frappe-bench/env/lib/python3.11/site-packages/passlib/utils/__init__.py:854: DeprecationWarning: 'crypt' is deprecated and slated for removal in Python 3.13
  from crypt import crypt as _crypt
/Users/pooja/.gemini/antigravity/scratch/frappe_workspace/frappe-bench/env/lib/python3.11/site-packages/rq/connections.py:72: DeprecationWarning: The `pop_connection` function is deprecated. Pass the `connection` explicitly instead.
  warnings.warn(
/Users/pooja/.gemini/antigravity/scratch/frappe_workspace/frappe-bench/env/lib/python3.11/site-packages/rq/connections.py:58: DeprecationWarning: The `push_connection` function is deprecated. Pass the `connection` explicitly instead.
  warnings.warn(
/Users/pooja/.gemini/antigravity/scratch/frappe_workspace/frappe-bench/env/lib/python3.11/site-packages/passlib/utils/__init__.py:854: DeprecationWarning: 'crypt' is deprecated and slated for removal in Python 3.13
  from crypt import crypt as _crypt
/Users/pooja/.gemini/antigravity/scratch/frappe_workspace/frappe-bench/env/lib/python3.11/site-packages/rq/connections.py:72: DeprecationWarning: The `pop_connection` function is deprecated. Pass the `connection` explicitly instead.
  warnings.warn(
/Users/pooja/.gemini/antigravity/scratch/frappe_workspace/frappe-bench/env/lib/python3.11/site-packages/rq/connections.py:58: DeprecationWarning: The `push_connection` function is deprecated. Pass the `connection` explicitly instead.
  warnings.warn(
/Users/pooja/.gemini/antigravity/scratch/frappe_workspace/frappe-bench/env/lib/python3.11/site-packages/passlib/utils/__init__.py:854: DeprecationWarning: 'crypt' is deprecated and slated for removal in Python 3.13
  from crypt import crypt as _crypt
/Users/pooja/.gemini/antigravity/scratch/frappe_workspace/frappe-bench/env/lib/python3.11/site-packages/rq/connections.py:72: DeprecationWarning: The `pop_connection` function is deprecated. Pass the `connection` explicitly instead.
  warnings.warn(
/Users/pooja/.gemini/antigravity/scratch/frappe_workspace/frappe-bench/env/lib/python3.11/site-packages/rq/connections.py:58: DeprecationWarning: The `push_connection` function is deprecated. Pass the `connection` explicitly instead.
  warnings.warn(
/Users/pooja/.gemini/antigravity/scratch/frappe_workspace/frappe-bench/env/lib/python3.11/site-packages/passlib/utils/__init__.py:854: DeprecationWarning: 'crypt' is deprecated and slated for removal in Python 3.13
  from crypt import crypt as _crypt
/Users/pooja/.gemini/antigravity/scratch/frappe_workspace/frappe-bench/env/lib/python3.11/site-packages/rq/connections.py:72: DeprecationWarning: The `pop_connection` function is deprecated. Pass the `connection` explicitly instead.
  warnings.warn(
/Users/pooja/.gemini/antigravity/scratch/frappe_workspace/frappe-bench/env/lib/python3.11/site-packages/rq/connections.py:58: DeprecationWarning: The `push_connection` function is deprecated. Pass the `connection` explicitly instead.
  warnings.warn(
/Users/pooja/.gemini/antigravity/scratch/frappe_workspace/frappe-bench/env/lib/python3.11/site-packages/passlib/utils/__init__.py:854: DeprecationWarning: 'crypt' is deprecated and slated for removal in Python 3.13
  from crypt import crypt as _crypt
/Users/pooja/.gemini/antigravity/scratch/frappe_workspace/frappe-bench/env/lib/python3.11/site-packages/rq/connections.py:72: DeprecationWarning: The `pop_connection` function is deprecated. Pass the `connection` explicitly instead.
  warnings.warn(
/Users/pooja/.gemini/antigravity/scratch/frappe_workspace/frappe-bench/env/lib/python3.11/site-packages/rq/connections.py:58: DeprecationWarning: The `push_connection` function is deprecated. Pass the `connection` explicitly instead.
  warnings.warn(
/Users/pooja/.gemini/antigravity/scratch/frappe_workspace/frappe-bench/env/lib/python3.11/site-packages/passlib/utils/__init__.py:854: DeprecationWarning: 'crypt' is deprecated and slated for removal in Python 3.13
  from crypt import crypt as _crypt
/Users/pooja/.gemini/antigravity/scratch/frappe_workspace/frappe-bench/env/lib/python3.11/site-packages/rq/connections.py:72: DeprecationWarning: The `pop_connection` function is deprecated. Pass the `connection` explicitly instead.
  warnings.warn(
/Users/pooja/.gemini/antigravity/scratch/frappe_workspace/frappe-bench/env/lib/python3.11/site-packages/rq/connections.py:58: DeprecationWarning: The `push_connection` function is deprecated. Pass the `connection` explicitly instead.
  warnings.warn(
/Users/pooja/.gemini/antigravity/scratch/frappe_workspace/frappe-bench/env/lib/python3.11/site-packages/passlib/utils/__init__.py:854: DeprecationWarning: 'crypt' is deprecated and slated for removal in Python 3.13
  from crypt import crypt as _crypt
/Users/pooja/.gemini/antigravity/scratch/frappe_workspace/frappe-bench/env/lib/python3.11/site-packages/rq/connections.py:72: DeprecationWarning: The `pop_connection` function is deprecated. Pass the `connection` explicitly instead.
  warnings.warn(
/Users/pooja/.gemini/antigravity/scratch/frappe_workspace/frappe-bench/env/lib/python3.11/site-packages/rq/connections.py:58: DeprecationWarning: The `push_connection` function is deprecated. Pass the `connection` explicitly instead.
  warnings.warn(
/Users/pooja/.gemini/antigravity/scratch/frappe_workspace/frappe-bench/env/lib/python3.11/site-packages/passlib/utils/__init__.py:854: DeprecationWarning: 'crypt' is deprecated and slated for removal in Python 3.13
  from crypt import crypt as _crypt
/Users/pooja/.gemini/antigravity/scratch/frappe_workspace/frappe-bench/env/lib/python3.11/site-packages/rq/connections.py:72: DeprecationWarning: The `pop_connection` function is deprecated. Pass the `connection` explicitly instead.
  warnings.warn(
/Users/pooja/.gemini/antigravity/scratch/frappe_workspace/frappe-bench/env/lib/python3.11/site-packages/rq/connections.py:58: DeprecationWarning: The `push_connection` function is deprecated. Pass the `connection` explicitly instead.
  warnings.warn(
/Users/pooja/.gemini/antigravity/scratch/frappe_workspace/frappe-bench/env/lib/python3.11/site-packages/passlib/utils/__init__.py:854: DeprecationWarning: 'crypt' is deprecated and slated for removal in Python 3.13
  from crypt import crypt as _crypt
/Users/pooja/.gemini/antigravity/scratch/frappe_workspace/frappe-bench/env/lib/python3.11/site-packages/rq/connections.py:72: DeprecationWarning: The `pop_connection` function is deprecated. Pass the `connection` explicitly instead.
  warnings.warn(
/Users/pooja/.gemini/antigravity/scratch/frappe_workspace/frappe-bench/env/lib/python3.11/site-packages/rq/connections.py:58: DeprecationWarning: The `push_connection` function is deprecated. Pass the `connection` explicitly instead.
  warnings.warn(
/Users/pooja/.gemini/antigravity/scratch/frappe_workspace/frappe-bench/env/lib/python3.11/site-packages/passlib/utils/__init__.py:854: DeprecationWarning: 'crypt' is deprecated and slated for removal in Python 3.13
  from crypt import crypt as _crypt
/Users/pooja/.gemini/antigravity/scratch/frappe_workspace/frappe-bench/env/lib/python3.11/site-packages/rq/connections.py:72: DeprecationWarning: The `pop_connection` function is deprecated. Pass the `connection` explicitly instead.
  warnings.warn(
/Users/pooja/.gemini/antigravity/scratch/frappe_workspace/frappe-bench/env/lib/python3.11/site-packages/rq/connections.py:58: DeprecationWarning: The `push_connection` function is deprecated. Pass the `connection` explicitly instead.
  warnings.warn(
/Users/pooja/.gemini/antigravity/scratch/frappe_workspace/frappe-bench/env/lib/python3.11/site-packages/passlib/utils/__init__.py:854: DeprecationWarning: 'crypt' is deprecated and slated for removal in Python 3.13
  from crypt import crypt as _crypt
/Users/pooja/.gemini/antigravity/scratch/frappe_workspace/frappe-bench/env/lib/python3.11/site-packages/rq/connections.py:72: DeprecationWarning: The `pop_connection` function is deprecated. Pass the `connection` explicitly instead.
  warnings.warn(
/Users/pooja/.gemini/antigravity/scratch/frappe_workspace/frappe-bench/env/lib/python3.11/site-packages/rq/connections.py:58: DeprecationWarning: The `push_connection` function is deprecated. Pass the `connection` explicitly instead.
  warnings.warn(
/Users/pooja/.gemini/antigravity/scratch/frappe_workspace/frappe-bench/env/lib/python3.11/site-packages/passlib/utils/__init__.py:854: DeprecationWarning: 'crypt' is deprecated and slated for removal in Python 3.13
  from crypt import crypt as _crypt
/Users/pooja/.gemini/antigravity/scratch/frappe_workspace/frappe-bench/env/lib/python3.11/site-packages/rq/connections.py:72: DeprecationWarning: The `pop_connection` function is deprecated. Pass the `connection` explicitly instead.
  warnings.warn(
/Users/pooja/.gemini/antigravity/scratch/frappe_workspace/frappe-bench/env/lib/python3.11/site-packages/rq/connections.py:58: DeprecationWarning: The `push_connection` function is deprecated. Pass the `connection` explicitly instead.
  warnings.warn(
/Users/pooja/.gemini/antigravity/scratch/frappe_workspace/frappe-bench/env/lib/python3.11/site-packages/passlib/utils/__init__.py:854: DeprecationWarning: 'crypt' is deprecated and slated for removal in Python 3.13
  from crypt import crypt as _crypt
/Users/pooja/.gemini/antigravity/scratch/frappe_workspace/frappe-bench/env/lib/python3.11/site-packages/rq/connections.py:72: DeprecationWarning: The `pop_connection` function is deprecated. Pass the `connection` explicitly instead.
  warnings.warn(
/Users/pooja/.gemini/antigravity/scratch/frappe_workspace/frappe-bench/env/lib/python3.11/site-packages/rq/connections.py:58: DeprecationWarning: The `push_connection` function is deprecated. Pass the `connection` explicitly instead.
  warnings.warn(
/Users/pooja/.gemini/antigravity/scratch/frappe_workspace/frappe-bench/env/lib/python3.11/site-packages/passlib/utils/__init__.py:854: DeprecationWarning: 'crypt' is deprecated and slated for removal in Python 3.13
  from crypt import crypt as _crypt
/Users/pooja/.gemini/antigravity/scratch/frappe_workspace/frappe-bench/env/lib/python3.11/site-packages/rq/connections.py:72: DeprecationWarning: The `pop_connection` function is deprecated. Pass the `connection` explicitly instead.
  warnings.warn(
/Users/pooja/.gemini/antigravity/scratch/frappe_workspace/frappe-bench/env/lib/python3.11/site-packages/rq/connections.py:58: DeprecationWarning: The `push_connection` function is deprecated. Pass the `connection` explicitly instead.
  warnings.warn(
/Users/pooja/.gemini/antigravity/scratch/frappe_workspace/frappe-bench/env/lib/python3.11/site-packages/passlib/utils/__init__.py:854: DeprecationWarning: 'crypt' is deprecated and slated for removal in Python 3.13
  from crypt import crypt as _crypt
/Users/pooja/.gemini/antigravity/scratch/frappe_workspace/frappe-bench/env/lib/python3.11/site-packages/rq/connections.py:72: DeprecationWarning: The `pop_connection` function is deprecated. Pass the `connection` explicitly instead.
  warnings.warn(
/Users/pooja/.gemini/antigravity/scratch/frappe_workspace/frappe-bench/env/lib/python3.11/site-packages/rq/connections.py:58: DeprecationWarning: The `push_connection` function is deprecated. Pass the `connection` explicitly instead.
  warnings.warn(
/Users/pooja/.gemini/antigravity/scratch/frappe_workspace/frappe-bench/env/lib/python3.11/site-packages/passlib/utils/__init__.py:854: DeprecationWarning: 'crypt' is deprecated and slated for removal in Python 3.13
  from crypt import crypt as _crypt
/Users/pooja/.gemini/antigravity/scratch/frappe_workspace/frappe-bench/env/lib/python3.11/site-packages/rq/connections.py:72: DeprecationWarning: The `pop_connection` function is deprecated. Pass the `connection` explicitly instead.
  warnings.warn(
/Users/pooja/.gemini/antigravity/scratch/frappe_workspace/frappe-bench/env/lib/python3.11/site-packages/rq/connections.py:58: DeprecationWarning: The `push_connection` function is deprecated. Pass the `connection` explicitly instead.
  warnings.warn(
/Users/pooja/.gemini/antigravity/scratch/frappe_workspace/frappe-bench/env/lib/python3.11/site-packages/passlib/utils/__init__.py:854: DeprecationWarning: 'crypt' is deprecated and slated for removal in Python 3.13
  from crypt import crypt as _crypt
/Users/pooja/.gemini/antigravity/scratch/frappe_workspace/frappe-bench/env/lib/python3.11/site-packages/rq/connections.py:72: DeprecationWarning: The `pop_connection` function is deprecated. Pass the `connection` explicitly instead.
  warnings.warn(
/Users/pooja/.gemini/antigravity/scratch/frappe_workspace/frappe-bench/env/lib/python3.11/site-packages/rq/connections.py:58: DeprecationWarning: The `push_connection` function is deprecated. Pass the `connection` explicitly instead.
  warnings.warn(
/Users/pooja/.gemini/antigravity/scratch/frappe_workspace/frappe-bench/env/lib/python3.11/site-packages/passlib/utils/__init__.py:854: DeprecationWarning: 'crypt' is deprecated and slated for removal in Python 3.13
  from crypt import crypt as _crypt
/Users/pooja/.gemini/antigravity/scratch/frappe_workspace/frappe-bench/env/lib/python3.11/site-packages/rq/connections.py:72: DeprecationWarning: The `pop_connection` function is deprecated. Pass the `connection` explicitly instead.
  warnings.warn(
/Users/pooja/.gemini/antigravity/scratch/frappe_workspace/frappe-bench/env/lib/python3.11/site-packages/rq/connections.py:58: DeprecationWarning: The `push_connection` function is deprecated. Pass the `connection` explicitly instead.
  warnings.warn(
/Users/pooja/.gemini/antigravity/scratch/frappe_workspace/frappe-bench/env/lib/python3.11/site-packages/passlib/utils/__init__.py:854: DeprecationWarning: 'crypt' is deprecated and slated for removal in Python 3.13
  from crypt import crypt as _crypt
/Users/pooja/.gemini/antigravity/scratch/frappe_workspace/frappe-bench/env/lib/python3.11/site-packages/rq/connections.py:72: DeprecationWarning: The `pop_connection` function is deprecated. Pass the `connection` explicitly instead.
  warnings.warn(
/Users/pooja/.gemini/antigravity/scratch/frappe_workspace/frappe-bench/env/lib/python3.11/site-packages/rq/connections.py:58: DeprecationWarning: The `push_connection` function is deprecated. Pass the `connection` explicitly instead.
  warnings.warn(
/Users/pooja/.gemini/antigravity/scratch/frappe_workspace/frappe-bench/env/lib/python3.11/site-packages/passlib/utils/__init__.py:854: DeprecationWarning: 'crypt' is deprecated and slated for removal in Python 3.13
  from crypt import crypt as _crypt
/Users/pooja/.gemini/antigravity/scratch/frappe_workspace/frappe-bench/env/lib/python3.11/site-packages/rq/connections.py:72: DeprecationWarning: The `pop_connection` function is deprecated. Pass the `connection` explicitly instead.
  warnings.warn(
/Users/pooja/.gemini/antigravity/scratch/frappe_workspace/frappe-bench/env/lib/python3.11/site-packages/rq/connections.py:58: DeprecationWarning: The `push_connection` function is deprecated. Pass the `connection` explicitly instead.
  warnings.warn(
/Users/pooja/.gemini/antigravity/scratch/frappe_workspace/frappe-bench/env/lib/python3.11/site-packages/passlib/utils/__init__.py:854: DeprecationWarning: 'crypt' is deprecated and slated for removal in Python 3.13
  from crypt import crypt as _crypt
/Users/pooja/.gemini/antigravity/scratch/frappe_workspace/frappe-bench/env/lib/python3.11/site-packages/rq/connections.py:72: DeprecationWarning: The `pop_connection` function is deprecated. Pass the `connection` explicitly instead.
  warnings.warn(
/Users/pooja/.gemini/antigravity/scratch/frappe_workspace/frappe-bench/env/lib/python3.11/site-packages/rq/connections.py:58: DeprecationWarning: The `push_connection` function is deprecated. Pass the `connection` explicitly instead.
  warnings.warn(
/Users/pooja/.gemini/antigravity/scratch/frappe_workspace/frappe-bench/env/lib/python3.11/site-packages/passlib/utils/__init__.py:854: DeprecationWarning: 'crypt' is deprecated and slated for removal in Python 3.13
  from crypt import crypt as _crypt
/Users/pooja/.gemini/antigravity/scratch/frappe_workspace/frappe-bench/env/lib/python3.11/site-packages/rq/connections.py:72: DeprecationWarning: The `pop_connection` function is deprecated. Pass the `connection` explicitly instead.
  warnings.warn(
/Users/pooja/.gemini/antigravity/scratch/frappe_workspace/frappe-bench/env/lib/python3.11/site-packages/rq/connections.py:58: DeprecationWarning: The `push_connection` function is deprecated. Pass the `connection` explicitly instead.
  warnings.warn(
/Users/pooja/.gemini/antigravity/scratch/frappe_workspace/frappe-bench/env/lib/python3.11/site-packages/passlib/utils/__init__.py:854: DeprecationWarning: 'crypt' is deprecated and slated for removal in Python 3.13
  from crypt import crypt as _crypt
/Users/pooja/.gemini/antigravity/scratch/frappe_workspace/frappe-bench/env/lib/python3.11/site-packages/rq/connections.py:72: DeprecationWarning: The `pop_connection` function is deprecated. Pass the `connection` explicitly instead.
  warnings.warn(
/Users/pooja/.gemini/antigravity/scratch/frappe_workspace/frappe-bench/env/lib/python3.11/site-packages/rq/connections.py:58: DeprecationWarning: The `push_connection` function is deprecated. Pass the `connection` explicitly instead.
  warnings.warn(
/Users/pooja/.gemini/antigravity/scratch/frappe_workspace/frappe-bench/env/lib/python3.11/site-packages/passlib/utils/__init__.py:854: DeprecationWarning: 'crypt' is deprecated and slated for removal in Python 3.13
  from crypt import crypt as _crypt
/Users/pooja/.gemini/antigravity/scratch/frappe_workspace/frappe-bench/env/lib/python3.11/site-packages/rq/connections.py:72: DeprecationWarning: The `pop_connection` function is deprecated. Pass the `connection` explicitly instead.
  warnings.warn(
/Users/pooja/.gemini/antigravity/scratch/frappe_workspace/frappe-bench/env/lib/python3.11/site-packages/rq/connections.py:58: DeprecationWarning: The `push_connection` function is deprecated. Pass the `connection` explicitly instead.
  warnings.warn(
/Users/pooja/.gemini/antigravity/scratch/frappe_workspace/frappe-bench/env/lib/python3.11/site-packages/passlib/utils/__init__.py:854: DeprecationWarning: 'crypt' is deprecated and slated for removal in Python 3.13
  from crypt import crypt as _crypt
/Users/pooja/.gemini/antigravity/scratch/frappe_workspace/frappe-bench/env/lib/python3.11/site-packages/rq/connections.py:72: DeprecationWarning: The `pop_connection` function is deprecated. Pass the `connection` explicitly instead.
  warnings.warn(
/Users/pooja/.gemini/antigravity/scratch/frappe_workspace/frappe-bench/env/lib/python3.11/site-packages/rq/connections.py:58: DeprecationWarning: The `push_connection` function is deprecated. Pass the `connection` explicitly instead.
  warnings.warn(
/Users/pooja/.gemini/antigravity/scratch/frappe_workspace/frappe-bench/env/lib/python3.11/site-packages/passlib/utils/__init__.py:854: DeprecationWarning: 'crypt' is deprecated and slated for removal in Python 3.13
  from crypt import crypt as _crypt
/Users/pooja/.gemini/antigravity/scratch/frappe_workspace/frappe-bench/env/lib/python3.11/site-packages/rq/connections.py:72: DeprecationWarning: The `pop_connection` function is deprecated. Pass the `connection` explicitly instead.
  warnings.warn(
/Users/pooja/.gemini/antigravity/scratch/frappe_workspace/frappe-bench/env/lib/python3.11/site-packages/rq/connections.py:58: DeprecationWarning: The `push_connection` function is deprecated. Pass the `connection` explicitly instead.
  warnings.warn(
/Users/pooja/.gemini/antigravity/scratch/frappe_workspace/frappe-bench/env/lib/python3.11/site-packages/passlib/utils/__init__.py:854: DeprecationWarning: 'crypt' is deprecated and slated for removal in Python 3.13
  from crypt import crypt as _crypt
/Users/pooja/.gemini/antigravity/scratch/frappe_workspace/frappe-bench/env/lib/python3.11/site-packages/rq/connections.py:72: DeprecationWarning: The `pop_connection` function is deprecated. Pass the `connection` explicitly instead.
  warnings.warn(
/Users/pooja/.gemini/antigravity/scratch/frappe_workspace/frappe-bench/env/lib/python3.11/site-packages/rq/connections.py:58: DeprecationWarning: The `push_connection` function is deprecated. Pass the `connection` explicitly instead.
  warnings.warn(
/Users/pooja/.gemini/antigravity/scratch/frappe_workspace/frappe-bench/env/lib/python3.11/site-packages/passlib/utils/__init__.py:854: DeprecationWarning: 'crypt' is deprecated and slated for removal in Python 3.13
  from crypt import crypt as _crypt
/Users/pooja/.gemini/antigravity/scratch/frappe_workspace/frappe-bench/env/lib/python3.11/site-packages/rq/connections.py:72: DeprecationWarning: The `pop_connection` function is deprecated. Pass the `connection` explicitly instead.
  warnings.warn(
/Users/pooja/.gemini/antigravity/scratch/frappe_workspace/frappe-bench/env/lib/python3.11/site-packages/rq/connections.py:58: DeprecationWarning: The `push_connection` function is deprecated. Pass the `connection` explicitly instead.
  warnings.warn(
/Users/pooja/.gemini/antigravity/scratch/frappe_workspace/frappe-bench/env/lib/python3.11/site-packages/passlib/utils/__init__.py:854: DeprecationWarning: 'crypt' is deprecated and slated for removal in Python 3.13
  from crypt import crypt as _crypt
/Users/pooja/.gemini/antigravity/scratch/frappe_workspace/frappe-bench/env/lib/python3.11/site-packages/rq/connections.py:72: DeprecationWarning: The `pop_connection` function is deprecated. Pass the `connection` explicitly instead.
  warnings.warn(
/Users/pooja/.gemini/antigravity/scratch/frappe_workspace/frappe-bench/env/lib/python3.11/site-packages/rq/connections.py:58: DeprecationWarning: The `push_connection` function is deprecated. Pass the `connection` explicitly instead.
  warnings.warn(
/Users/pooja/.gemini/antigravity/scratch/frappe_workspace/frappe-bench/env/lib/python3.11/site-packages/passlib/utils/__init__.py:854: DeprecationWarning: 'crypt' is deprecated and slated for removal in Python 3.13
  from crypt import crypt as _crypt
/Users/pooja/.gemini/antigravity/scratch/frappe_workspace/frappe-bench/env/lib/python3.11/site-packages/rq/connections.py:72: DeprecationWarning: The `pop_connection` function is deprecated. Pass the `connection` explicitly instead.
  warnings.warn(
/Users/pooja/.gemini/antigravity/scratch/frappe_workspace/frappe-bench/env/lib/python3.11/site-packages/rq/connections.py:58: DeprecationWarning: The `push_connection` function is deprecated. Pass the `connection` explicitly instead.
  warnings.warn(
/Users/pooja/.gemini/antigravity/scratch/frappe_workspace/frappe-bench/env/lib/python3.11/site-packages/passlib/utils/__init__.py:854: DeprecationWarning: 'crypt' is deprecated and slated for removal in Python 3.13
  from crypt import crypt as _crypt
/Users/pooja/.gemini/antigravity/scratch/frappe_workspace/frappe-bench/env/lib/python3.11/site-packages/rq/connections.py:72: DeprecationWarning: The `pop_connection` function is deprecated. Pass the `connection` explicitly instead.
  warnings.warn(
/Users/pooja/.gemini/antigravity/scratch/frappe_workspace/frappe-bench/env/lib/python3.11/site-packages/rq/connections.py:58: DeprecationWarning: The `push_connection` function is deprecated. Pass the `connection` explicitly instead.
  warnings.warn(
/Users/pooja/.gemini/antigravity/scratch/frappe_workspace/frappe-bench/env/lib/python3.11/site-packages/passlib/utils/__init__.py:854: DeprecationWarning: 'crypt' is deprecated and slated for removal in Python 3.13
  from crypt import crypt as _crypt
/Users/pooja/.gemini/antigravity/scratch/frappe_workspace/frappe-bench/env/lib/python3.11/site-packages/rq/connections.py:72: DeprecationWarning: The `pop_connection` function is deprecated. Pass the `connection` explicitly instead.
  warnings.warn(
/Users/pooja/.gemini/antigravity/scratch/frappe_workspace/frappe-bench/env/lib/python3.11/site-packages/rq/connections.py:58: DeprecationWarning: The `push_connection` function is deprecated. Pass the `connection` explicitly instead.
  warnings.warn(
/Users/pooja/.gemini/antigravity/scratch/frappe_workspace/frappe-bench/env/lib/python3.11/site-packages/passlib/utils/__init__.py:854: DeprecationWarning: 'crypt' is deprecated and slated for removal in Python 3.13
  from crypt import crypt as _crypt
/Users/pooja/.gemini/antigravity/scratch/frappe_workspace/frappe-bench/env/lib/python3.11/site-packages/rq/connections.py:72: DeprecationWarning: The `pop_connection` function is deprecated. Pass the `connection` explicitly instead.
  warnings.warn(
/Users/pooja/.gemini/antigravity/scratch/frappe_workspace/frappe-bench/env/lib/python3.11/site-packages/rq/connections.py:58: DeprecationWarning: The `push_connection` function is deprecated. Pass the `connection` explicitly instead.
  warnings.warn(
/Users/pooja/.gemini/antigravity/scratch/frappe_workspace/frappe-bench/env/lib/python3.11/site-packages/passlib/utils/__init__.py:854: DeprecationWarning: 'crypt' is deprecated and slated for removal in Python 3.13
  from crypt import crypt as _crypt
/Users/pooja/.gemini/antigravity/scratch/frappe_workspace/frappe-bench/env/lib/python3.11/site-packages/rq/connections.py:72: DeprecationWarning: The `pop_connection` function is deprecated. Pass the `connection` explicitly instead.
  warnings.warn(
/Users/pooja/.gemini/antigravity/scratch/frappe_workspace/frappe-bench/env/lib/python3.11/site-packages/rq/connections.py:58: DeprecationWarning: The `push_connection` function is deprecated. Pass the `connection` explicitly instead.
  warnings.warn(
/Users/pooja/.gemini/antigravity/scratch/frappe_workspace/frappe-bench/env/lib/python3.11/site-packages/passlib/utils/__init__.py:854: DeprecationWarning: 'crypt' is deprecated and slated for removal in Python 3.13
  from crypt import crypt as _crypt
/Users/pooja/.gemini/antigravity/scratch/frappe_workspace/frappe-bench/env/lib/python3.11/site-packages/rq/connections.py:72: DeprecationWarning: The `pop_connection` function is deprecated. Pass the `connection` explicitly instead.
  warnings.warn(
/Users/pooja/.gemini/antigravity/scratch/frappe_workspace/frappe-bench/env/lib/python3.11/site-packages/rq/connections.py:58: DeprecationWarning: The `push_connection` function is deprecated. Pass the `connection` explicitly instead.
  warnings.warn(
/Users/pooja/.gemini/antigravity/scratch/frappe_workspace/frappe-bench/env/lib/python3.11/site-packages/passlib/utils/__init__.py:854: DeprecationWarning: 'crypt' is deprecated and slated for removal in Python 3.13
  from crypt import crypt as _crypt
/Users/pooja/.gemini/antigravity/scratch/frappe_workspace/frappe-bench/env/lib/python3.11/site-packages/rq/connections.py:72: DeprecationWarning: The `pop_connection` function is deprecated. Pass the `connection` explicitly instead.
  warnings.warn(
/Users/pooja/.gemini/antigravity/scratch/frappe_workspace/frappe-bench/env/lib/python3.11/site-packages/rq/connections.py:58: DeprecationWarning: The `push_connection` function is deprecated. Pass the `connection` explicitly instead.
  warnings.warn(
/Users/pooja/.gemini/antigravity/scratch/frappe_workspace/frappe-bench/env/lib/python3.11/site-packages/passlib/utils/__init__.py:854: DeprecationWarning: 'crypt' is deprecated and slated for removal in Python 3.13
  from crypt import crypt as _crypt
/Users/pooja/.gemini/antigravity/scratch/frappe_workspace/frappe-bench/env/lib/python3.11/site-packages/rq/connections.py:72: DeprecationWarning: The `pop_connection` function is deprecated. Pass the `connection` explicitly instead.
  warnings.warn(
/Users/pooja/.gemini/antigravity/scratch/frappe_workspace/frappe-bench/env/lib/python3.11/site-packages/rq/connections.py:58: DeprecationWarning: The `push_connection` function is deprecated. Pass the `connection` explicitly instead.
  warnings.warn(
/Users/pooja/.gemini/antigravity/scratch/frappe_workspace/frappe-bench/env/lib/python3.11/site-packages/passlib/utils/__init__.py:854: DeprecationWarning: 'crypt' is deprecated and slated for removal in Python 3.13
  from crypt import crypt as _crypt
/Users/pooja/.gemini/antigravity/scratch/frappe_workspace/frappe-bench/env/lib/python3.11/site-packages/rq/connections.py:72: DeprecationWarning: The `pop_connection` function is deprecated. Pass the `connection` explicitly instead.
  warnings.warn(
/Users/pooja/.gemini/antigravity/scratch/frappe_workspace/frappe-bench/env/lib/python3.11/site-packages/rq/connections.py:58: DeprecationWarning: The `push_connection` function is deprecated. Pass the `connection` explicitly instead.
  warnings.warn(
/Users/pooja/.gemini/antigravity/scratch/frappe_workspace/frappe-bench/env/lib/python3.11/site-packages/passlib/utils/__init__.py:854: DeprecationWarning: 'crypt' is deprecated and slated for removal in Python 3.13
  from crypt import crypt as _crypt
/Users/pooja/.gemini/antigravity/scratch/frappe_workspace/frappe-bench/env/lib/python3.11/site-packages/rq/connections.py:72: DeprecationWarning: The `pop_connection` function is deprecated. Pass the `connection` explicitly instead.
  warnings.warn(
/Users/pooja/.gemini/antigravity/scratch/frappe_workspace/frappe-bench/env/lib/python3.11/site-packages/rq/connections.py:58: DeprecationWarning: The `push_connection` function is deprecated. Pass the `connection` explicitly instead.
  warnings.warn(
/Users/pooja/.gemini/antigravity/scratch/frappe_workspace/frappe-bench/env/lib/python3.11/site-packages/passlib/utils/__init__.py:854: DeprecationWarning: 'crypt' is deprecated and slated for removal in Python 3.13
  from crypt import crypt as _crypt
/Users/pooja/.gemini/antigravity/scratch/frappe_workspace/frappe-bench/env/lib/python3.11/site-packages/rq/connections.py:72: DeprecationWarning: The `pop_connection` function is deprecated. Pass the `connection` explicitly instead.
  warnings.warn(
/Users/pooja/.gemini/antigravity/scratch/frappe_workspace/frappe-bench/env/lib/python3.11/site-packages/rq/connections.py:58: DeprecationWarning: The `push_connection` function is deprecated. Pass the `connection` explicitly instead.
  warnings.warn(
/Users/pooja/.gemini/antigravity/scratch/frappe_workspace/frappe-bench/env/lib/python3.11/site-packages/passlib/utils/__init__.py:854: DeprecationWarning: 'crypt' is deprecated and slated for removal in Python 3.13
  from crypt import crypt as _crypt
/Users/pooja/.gemini/antigravity/scratch/frappe_workspace/frappe-bench/env/lib/python3.11/site-packages/rq/connections.py:72: DeprecationWarning: The `pop_connection` function is deprecated. Pass the `connection` explicitly instead.
  warnings.warn(
/Users/pooja/.gemini/antigravity/scratch/frappe_workspace/frappe-bench/env/lib/python3.11/site-packages/rq/connections.py:58: DeprecationWarning: The `push_connection` function is deprecated. Pass the `connection` explicitly instead.
  warnings.warn(
/Users/pooja/.gemini/antigravity/scratch/frappe_workspace/frappe-bench/env/lib/python3.11/site-packages/passlib/utils/__init__.py:854: DeprecationWarning: 'crypt' is deprecated and slated for removal in Python 3.13
  from crypt import crypt as _crypt
/Users/pooja/.gemini/antigravity/scratch/frappe_workspace/frappe-bench/env/lib/python3.11/site-packages/rq/connections.py:72: DeprecationWarning: The `pop_connection` function is deprecated. Pass the `connection` explicitly instead.
  warnings.warn(
/Users/pooja/.gemini/antigravity/scratch/frappe_workspace/frappe-bench/env/lib/python3.11/site-packages/rq/connections.py:58: DeprecationWarning: The `push_connection` function is deprecated. Pass the `connection` explicitly instead.
  warnings.warn(
/Users/pooja/.gemini/antigravity/scratch/frappe_workspace/frappe-bench/env/lib/python3.11/site-packages/passlib/utils/__init__.py:854: DeprecationWarning: 'crypt' is deprecated and slated for removal in Python 3.13
  from crypt import crypt as _crypt
/Users/pooja/.gemini/antigravity/scratch/frappe_workspace/frappe-bench/env/lib/python3.11/site-packages/rq/connections.py:72: DeprecationWarning: The `pop_connection` function is deprecated. Pass the `connection` explicitly instead.
  warnings.warn(
/Users/pooja/.gemini/antigravity/scratch/frappe_workspace/frappe-bench/env/lib/python3.11/site-packages/rq/connections.py:58: DeprecationWarning: The `push_connection` function is deprecated. Pass the `connection` explicitly instead.
  warnings.warn(
/Users/pooja/.gemini/antigravity/scratch/frappe_workspace/frappe-bench/env/lib/python3.11/site-packages/passlib/utils/__init__.py:854: DeprecationWarning: 'crypt' is deprecated and slated for removal in Python 3.13
  from crypt import crypt as _crypt
/Users/pooja/.gemini/antigravity/scratch/frappe_workspace/frappe-bench/env/lib/python3.11/site-packages/rq/connections.py:72: DeprecationWarning: The `pop_connection` function is deprecated. Pass the `connection` explicitly instead.
  warnings.warn(
/Users/pooja/.gemini/antigravity/scratch/frappe_workspace/frappe-bench/env/lib/python3.11/site-packages/rq/connections.py:58: DeprecationWarning: The `push_connection` function is deprecated. Pass the `connection` explicitly instead.
  warnings.warn(
/Users/pooja/.gemini/antigravity/scratch/frappe_workspace/frappe-bench/env/lib/python3.11/site-packages/passlib/utils/__init__.py:854: DeprecationWarning: 'crypt' is deprecated and slated for removal in Python 3.13
  from crypt import crypt as _crypt
/Users/pooja/.gemini/antigravity/scratch/frappe_workspace/frappe-bench/env/lib/python3.11/site-packages/rq/connections.py:72: DeprecationWarning: The `pop_connection` function is deprecated. Pass the `connection` explicitly instead.
  warnings.warn(
/Users/pooja/.gemini/antigravity/scratch/frappe_workspace/frappe-bench/env/lib/python3.11/site-packages/rq/connections.py:58: DeprecationWarning: The `push_connection` function is deprecated. Pass the `connection` explicitly instead.
  warnings.warn(
/Users/pooja/.gemini/antigravity/scratch/frappe_workspace/frappe-bench/env/lib/python3.11/site-packages/passlib/utils/__init__.py:854: DeprecationWarning: 'crypt' is deprecated and slated for removal in Python 3.13
  from crypt import crypt as _crypt
/Users/pooja/.gemini/antigravity/scratch/frappe_workspace/frappe-bench/env/lib/python3.11/site-packages/rq/connections.py:72: DeprecationWarning: The `pop_connection` function is deprecated. Pass the `connection` explicitly instead.
  warnings.warn(
/Users/pooja/.gemini/antigravity/scratch/frappe_workspace/frappe-bench/env/lib/python3.11/site-packages/rq/connections.py:58: DeprecationWarning: The `push_connection` function is deprecated. Pass the `connection` explicitly instead.
  warnings.warn(
/Users/pooja/.gemini/antigravity/scratch/frappe_workspace/frappe-bench/env/lib/python3.11/site-packages/passlib/utils/__init__.py:854: DeprecationWarning: 'crypt' is deprecated and slated for removal in Python 3.13
  from crypt import crypt as _crypt
/Users/pooja/.gemini/antigravity/scratch/frappe_workspace/frappe-bench/env/lib/python3.11/site-packages/rq/connections.py:72: DeprecationWarning: The `pop_connection` function is deprecated. Pass the `connection` explicitly instead.
  warnings.warn(
/Users/pooja/.gemini/antigravity/scratch/frappe_workspace/frappe-bench/env/lib/python3.11/site-packages/rq/connections.py:58: DeprecationWarning: The `push_connection` function is deprecated. Pass the `connection` explicitly instead.
  warnings.warn(
/Users/pooja/.gemini/antigravity/scratch/frappe_workspace/frappe-bench/env/lib/python3.11/site-packages/passlib/utils/__init__.py:854: DeprecationWarning: 'crypt' is deprecated and slated for removal in Python 3.13
  from crypt import crypt as _crypt
/Users/pooja/.gemini/antigravity/scratch/frappe_workspace/frappe-bench/env/lib/python3.11/site-packages/rq/connections.py:72: DeprecationWarning: The `pop_connection` function is deprecated. Pass the `connection` explicitly instead.
  warnings.warn(
/Users/pooja/.gemini/antigravity/scratch/frappe_workspace/frappe-bench/env/lib/python3.11/site-packages/rq/connections.py:58: DeprecationWarning: The `push_connection` function is deprecated. Pass the `connection` explicitly instead.
  warnings.warn(
/Users/pooja/.gemini/antigravity/scratch/frappe_workspace/frappe-bench/env/lib/python3.11/site-packages/passlib/utils/__init__.py:854: DeprecationWarning: 'crypt' is deprecated and slated for removal in Python 3.13
  from crypt import crypt as _crypt
/Users/pooja/.gemini/antigravity/scratch/frappe_workspace/frappe-bench/env/lib/python3.11/site-packages/rq/connections.py:72: DeprecationWarning: The `pop_connection` function is deprecated. Pass the `connection` explicitly instead.
  warnings.warn(
/Users/pooja/.gemini/antigravity/scratch/frappe_workspace/frappe-bench/env/lib/python3.11/site-packages/rq/connections.py:58: DeprecationWarning: The `push_connection` function is deprecated. Pass the `connection` explicitly instead.
  warnings.warn(
/Users/pooja/.gemini/antigravity/scratch/frappe_workspace/frappe-bench/env/lib/python3.11/site-packages/passlib/utils/__init__.py:854: DeprecationWarning: 'crypt' is deprecated and slated for removal in Python 3.13
  from crypt import crypt as _crypt
/Users/pooja/.gemini/antigravity/scratch/frappe_workspace/frappe-bench/env/lib/python3.11/site-packages/rq/connections.py:72: DeprecationWarning: The `pop_connection` function is deprecated. Pass the `connection` explicitly instead.
  warnings.warn(
/Users/pooja/.gemini/antigravity/scratch/frappe_workspace/frappe-bench/env/lib/python3.11/site-packages/rq/connections.py:58: DeprecationWarning: The `push_connection` function is deprecated. Pass the `connection` explicitly instead.
  warnings.warn(
/Users/pooja/.gemini/antigravity/scratch/frappe_workspace/frappe-bench/env/lib/python3.11/site-packages/passlib/utils/__init__.py:854: DeprecationWarning: 'crypt' is deprecated and slated for removal in Python 3.13
  from crypt import crypt as _crypt
/Users/pooja/.gemini/antigravity/scratch/frappe_workspace/frappe-bench/env/lib/python3.11/site-packages/rq/connections.py:72: DeprecationWarning: The `pop_connection` function is deprecated. Pass the `connection` explicitly instead.
  warnings.warn(
/Users/pooja/.gemini/antigravity/scratch/frappe_workspace/frappe-bench/env/lib/python3.11/site-packages/rq/connections.py:58: DeprecationWarning: The `push_connection` function is deprecated. Pass the `connection` explicitly instead.
  warnings.warn(
/Users/pooja/.gemini/antigravity/scratch/frappe_workspace/frappe-bench/env/lib/python3.11/site-packages/passlib/utils/__init__.py:854: DeprecationWarning: 'crypt' is deprecated and slated for removal in Python 3.13
  from crypt import crypt as _crypt
/Users/pooja/.gemini/antigravity/scratch/frappe_workspace/frappe-bench/env/lib/python3.11/site-packages/rq/connections.py:72: DeprecationWarning: The `pop_connection` function is deprecated. Pass the `connection` explicitly instead.
  warnings.warn(
/Users/pooja/.gemini/antigravity/scratch/frappe_workspace/frappe-bench/env/lib/python3.11/site-packages/rq/connections.py:58: DeprecationWarning: The `push_connection` function is deprecated. Pass the `connection` explicitly instead.
  warnings.warn(
/Users/pooja/.gemini/antigravity/scratch/frappe_workspace/frappe-bench/env/lib/python3.11/site-packages/passlib/utils/__init__.py:854: DeprecationWarning: 'crypt' is deprecated and slated for removal in Python 3.13
  from crypt import crypt as _crypt
/Users/pooja/.gemini/antigravity/scratch/frappe_workspace/frappe-bench/env/lib/python3.11/site-packages/rq/connections.py:72: DeprecationWarning: The `pop_connection` function is deprecated. Pass the `connection` explicitly instead.
  warnings.warn(
/Users/pooja/.gemini/antigravity/scratch/frappe_workspace/frappe-bench/env/lib/python3.11/site-packages/rq/connections.py:58: DeprecationWarning: The `push_connection` function is deprecated. Pass the `connection` explicitly instead.
  warnings.warn(
/Users/pooja/.gemini/antigravity/scratch/frappe_workspace/frappe-bench/env/lib/python3.11/site-packages/passlib/utils/__init__.py:854: DeprecationWarning: 'crypt' is deprecated and slated for removal in Python 3.13
  from crypt import crypt as _crypt
/Users/pooja/.gemini/antigravity/scratch/frappe_workspace/frappe-bench/env/lib/python3.11/site-packages/rq/connections.py:72: DeprecationWarning: The `pop_connection` function is deprecated. Pass the `connection` explicitly instead.
  warnings.warn(
/Users/pooja/.gemini/antigravity/scratch/frappe_workspace/frappe-bench/env/lib/python3.11/site-packages/rq/connections.py:58: DeprecationWarning: The `push_connection` function is deprecated. Pass the `connection` explicitly instead.
  warnings.warn(
/Users/pooja/.gemini/antigravity/scratch/frappe_workspace/frappe-bench/env/lib/python3.11/site-packages/passlib/utils/__init__.py:854: DeprecationWarning: 'crypt' is deprecated and slated for removal in Python 3.13
  from crypt import crypt as _crypt
/Users/pooja/.gemini/antigravity/scratch/frappe_workspace/frappe-bench/env/lib/python3.11/site-packages/rq/connections.py:72: DeprecationWarning: The `pop_connection` function is deprecated. Pass the `connection` explicitly instead.
  warnings.warn(
/Users/pooja/.gemini/antigravity/scratch/frappe_workspace/frappe-bench/env/lib/python3.11/site-packages/rq/connections.py:58: DeprecationWarning: The `push_connection` function is deprecated. Pass the `connection` explicitly instead.
  warnings.warn(
/Users/pooja/.gemini/antigravity/scratch/frappe_workspace/frappe-bench/env/lib/python3.11/site-packages/passlib/utils/__init__.py:854: DeprecationWarning: 'crypt' is deprecated and slated for removal in Python 3.13
  from crypt import crypt as _crypt
/Users/pooja/.gemini/antigravity/scratch/frappe_workspace/frappe-bench/env/lib/python3.11/site-packages/rq/connections.py:72: DeprecationWarning: The `pop_connection` function is deprecated. Pass the `connection` explicitly instead.
  warnings.warn(
/Users/pooja/.gemini/antigravity/scratch/frappe_workspace/frappe-bench/env/lib/python3.11/site-packages/rq/connections.py:58: DeprecationWarning: The `push_connection` function is deprecated. Pass the `connection` explicitly instead.
  warnings.warn(
/Users/pooja/.gemini/antigravity/scratch/frappe_workspace/frappe-bench/env/lib/python3.11/site-packages/passlib/utils/__init__.py:854: DeprecationWarning: 'crypt' is deprecated and slated for removal in Python 3.13
  from crypt import crypt as _crypt
/Users/pooja/.gemini/antigravity/scratch/frappe_workspace/frappe-bench/env/lib/python3.11/site-packages/rq/connections.py:72: DeprecationWarning: The `pop_connection` function is deprecated. Pass the `connection` explicitly instead.
  warnings.warn(
/Users/pooja/.gemini/antigravity/scratch/frappe_workspace/frappe-bench/env/lib/python3.11/site-packages/rq/connections.py:58: DeprecationWarning: The `push_connection` function is deprecated. Pass the `connection` explicitly instead.
  warnings.warn(
/Users/pooja/.gemini/antigravity/scratch/frappe_workspace/frappe-bench/env/lib/python3.11/site-packages/passlib/utils/__init__.py:854: DeprecationWarning: 'crypt' is deprecated and slated for removal in Python 3.13
  from crypt import crypt as _crypt
/Users/pooja/.gemini/antigravity/scratch/frappe_workspace/frappe-bench/env/lib/python3.11/site-packages/rq/connections.py:72: DeprecationWarning: The `pop_connection` function is deprecated. Pass the `connection` explicitly instead.
  warnings.warn(
/Users/pooja/.gemini/antigravity/scratch/frappe_workspace/frappe-bench/env/lib/python3.11/site-packages/rq/connections.py:58: DeprecationWarning: The `push_connection` function is deprecated. Pass the `connection` explicitly instead.
  warnings.warn(
/Users/pooja/.gemini/antigravity/scratch/frappe_workspace/frappe-bench/env/lib/python3.11/site-packages/passlib/utils/__init__.py:854: DeprecationWarning: 'crypt' is deprecated and slated for removal in Python 3.13
  from crypt import crypt as _crypt
/Users/pooja/.gemini/antigravity/scratch/frappe_workspace/frappe-bench/env/lib/python3.11/site-packages/rq/connections.py:72: DeprecationWarning: The `pop_connection` function is deprecated. Pass the `connection` explicitly instead.
  warnings.warn(
/Users/pooja/.gemini/antigravity/scratch/frappe_workspace/frappe-bench/env/lib/python3.11/site-packages/rq/connections.py:58: DeprecationWarning: The `push_connection` function is deprecated. Pass the `connection` explicitly instead.
  warnings.warn(
/Users/pooja/.gemini/antigravity/scratch/frappe_workspace/frappe-bench/env/lib/python3.11/site-packages/passlib/utils/__init__.py:854: DeprecationWarning: 'crypt' is deprecated and slated for removal in Python 3.13
  from crypt import crypt as _crypt
/Users/pooja/.gemini/antigravity/scratch/frappe_workspace/frappe-bench/env/lib/python3.11/site-packages/rq/connections.py:72: DeprecationWarning: The `pop_connection` function is deprecated. Pass the `connection` explicitly instead.
  warnings.warn(
/Users/pooja/.gemini/antigravity/scratch/frappe_workspace/frappe-bench/env/lib/python3.11/site-packages/rq/connections.py:58: DeprecationWarning: The `push_connection` function is deprecated. Pass the `connection` explicitly instead.
  warnings.warn(
/Users/pooja/.gemini/antigravity/scratch/frappe_workspace/frappe-bench/env/lib/python3.11/site-packages/passlib/utils/__init__.py:854: DeprecationWarning: 'crypt' is deprecated and slated for removal in Python 3.13
  from crypt import crypt as _crypt
/Users/pooja/.gemini/antigravity/scratch/frappe_workspace/frappe-bench/env/lib/python3.11/site-packages/rq/connections.py:72: DeprecationWarning: The `pop_connection` function is deprecated. Pass the `connection` explicitly instead.
  warnings.warn(
/Users/pooja/.gemini/antigravity/scratch/frappe_workspace/frappe-bench/env/lib/python3.11/site-packages/rq/connections.py:58: DeprecationWarning: The `push_connection` function is deprecated. Pass the `connection` explicitly instead.
  warnings.warn(
/Users/pooja/.gemini/antigravity/scratch/frappe_workspace/frappe-bench/env/lib/python3.11/site-packages/passlib/utils/__init__.py:854: DeprecationWarning: 'crypt' is deprecated and slated for removal in Python 3.13
  from crypt import crypt as _crypt
/Users/pooja/.gemini/antigravity/scratch/frappe_workspace/frappe-bench/env/lib/python3.11/site-packages/rq/connections.py:72: DeprecationWarning: The `pop_connection` function is deprecated. Pass the `connection` explicitly instead.
  warnings.warn(
/Users/pooja/.gemini/antigravity/scratch/frappe_workspace/frappe-bench/env/lib/python3.11/site-packages/rq/connections.py:58: DeprecationWarning: The `push_connection` function is deprecated. Pass the `connection` explicitly instead.
  warnings.warn(
/Users/pooja/.gemini/antigravity/scratch/frappe_workspace/frappe-bench/env/lib/python3.11/site-packages/passlib/utils/__init__.py:854: DeprecationWarning: 'crypt' is deprecated and slated for removal in Python 3.13
  from crypt import crypt as _crypt
/Users/pooja/.gemini/antigravity/scratch/frappe_workspace/frappe-bench/env/lib/python3.11/site-packages/rq/connections.py:72: DeprecationWarning: The `pop_connection` function is deprecated. Pass the `connection` explicitly instead.
  warnings.warn(
/Users/pooja/.gemini/antigravity/scratch/frappe_workspace/frappe-bench/env/lib/python3.11/site-packages/rq/connections.py:58: DeprecationWarning: The `push_connection` function is deprecated. Pass the `connection` explicitly instead.
  warnings.warn(
/Users/pooja/.gemini/antigravity/scratch/frappe_workspace/frappe-bench/env/lib/python3.11/site-packages/passlib/utils/__init__.py:854: DeprecationWarning: 'crypt' is deprecated and slated for removal in Python 3.13
  from crypt import crypt as _crypt
/Users/pooja/.gemini/antigravity/scratch/frappe_workspace/frappe-bench/env/lib/python3.11/site-packages/rq/connections.py:72: DeprecationWarning: The `pop_connection` function is deprecated. Pass the `connection` explicitly instead.
  warnings.warn(
/Users/pooja/.gemini/antigravity/scratch/frappe_workspace/frappe-bench/env/lib/python3.11/site-packages/rq/connections.py:58: DeprecationWarning: The `push_connection` function is deprecated. Pass the `connection` explicitly instead.
  warnings.warn(
/Users/pooja/.gemini/antigravity/scratch/frappe_workspace/frappe-bench/env/lib/python3.11/site-packages/passlib/utils/__init__.py:854: DeprecationWarning: 'crypt' is deprecated and slated for removal in Python 3.13
  from crypt import crypt as _crypt
/Users/pooja/.gemini/antigravity/scratch/frappe_workspace/frappe-bench/env/lib/python3.11/site-packages/rq/connections.py:72: DeprecationWarning: The `pop_connection` function is deprecated. Pass the `connection` explicitly instead.
  warnings.warn(
/Users/pooja/.gemini/antigravity/scratch/frappe_workspace/frappe-bench/env/lib/python3.11/site-packages/rq/connections.py:58: DeprecationWarning: The `push_connection` function is deprecated. Pass the `connection` explicitly instead.
  warnings.warn(
/Users/pooja/.gemini/antigravity/scratch/frappe_workspace/frappe-bench/env/lib/python3.11/site-packages/passlib/utils/__init__.py:854: DeprecationWarning: 'crypt' is deprecated and slated for removal in Python 3.13
  from crypt import crypt as _crypt
/Users/pooja/.gemini/antigravity/scratch/frappe_workspace/frappe-bench/env/lib/python3.11/site-packages/rq/connections.py:72: DeprecationWarning: The `pop_connection` function is deprecated. Pass the `connection` explicitly instead.
  warnings.warn(
/Users/pooja/.gemini/antigravity/scratch/frappe_workspace/frappe-bench/env/lib/python3.11/site-packages/rq/connections.py:58: DeprecationWarning: The `push_connection` function is deprecated. Pass the `connection` explicitly instead.
  warnings.warn(
/Users/pooja/.gemini/antigravity/scratch/frappe_workspace/frappe-bench/env/lib/python3.11/site-packages/passlib/utils/__init__.py:854: DeprecationWarning: 'crypt' is deprecated and slated for removal in Python 3.13
  from crypt import crypt as _crypt
/Users/pooja/.gemini/antigravity/scratch/frappe_workspace/frappe-bench/env/lib/python3.11/site-packages/rq/connections.py:72: DeprecationWarning: The `pop_connection` function is deprecated. Pass the `connection` explicitly instead.
  warnings.warn(
/Users/pooja/.gemini/antigravity/scratch/frappe_workspace/frappe-bench/env/lib/python3.11/site-packages/rq/connections.py:58: DeprecationWarning: The `push_connection` function is deprecated. Pass the `connection` explicitly instead.
  warnings.warn(
/Users/pooja/.gemini/antigravity/scratch/frappe_workspace/frappe-bench/env/lib/python3.11/site-packages/passlib/utils/__init__.py:854: DeprecationWarning: 'crypt' is deprecated and slated for removal in Python 3.13
  from crypt import crypt as _crypt
/Users/pooja/.gemini/antigravity/scratch/frappe_workspace/frappe-bench/env/lib/python3.11/site-packages/rq/connections.py:72: DeprecationWarning: The `pop_connection` function is deprecated. Pass the `connection` explicitly instead.
  warnings.warn(
/Users/pooja/.gemini/antigravity/scratch/frappe_workspace/frappe-bench/env/lib/python3.11/site-packages/rq/connections.py:58: DeprecationWarning: The `push_connection` function is deprecated. Pass the `connection` explicitly instead.
  warnings.warn(
/Users/pooja/.gemini/antigravity/scratch/frappe_workspace/frappe-bench/env/lib/python3.11/site-packages/passlib/utils/__init__.py:854: DeprecationWarning: 'crypt' is deprecated and slated for removal in Python 3.13
  from crypt import crypt as _crypt
/Users/pooja/.gemini/antigravity/scratch/frappe_workspace/frappe-bench/env/lib/python3.11/site-packages/rq/connections.py:72: DeprecationWarning: The `pop_connection` function is deprecated. Pass the `connection` explicitly instead.
  warnings.warn(
/Users/pooja/.gemini/antigravity/scratch/frappe_workspace/frappe-bench/env/lib/python3.11/site-packages/rq/connections.py:58: DeprecationWarning: The `push_connection` function is deprecated. Pass the `connection` explicitly instead.
  warnings.warn(
/Users/pooja/.gemini/antigravity/scratch/frappe_workspace/frappe-bench/env/lib/python3.11/site-packages/passlib/utils/__init__.py:854: DeprecationWarning: 'crypt' is deprecated and slated for removal in Python 3.13
  from crypt import crypt as _crypt
/Users/pooja/.gemini/antigravity/scratch/frappe_workspace/frappe-bench/env/lib/python3.11/site-packages/rq/connections.py:72: DeprecationWarning: The `pop_connection` function is deprecated. Pass the `connection` explicitly instead.
  warnings.warn(
/Users/pooja/.gemini/antigravity/scratch/frappe_workspace/frappe-bench/env/lib/python3.11/site-packages/rq/connections.py:58: DeprecationWarning: The `push_connection` function is deprecated. Pass the `connection` explicitly instead.
  warnings.warn(
/Users/pooja/.gemini/antigravity/scratch/frappe_workspace/frappe-bench/env/lib/python3.11/site-packages/passlib/utils/__init__.py:854: DeprecationWarning: 'crypt' is deprecated and slated for removal in Python 3.13
  from crypt import crypt as _crypt
/Users/pooja/.gemini/antigravity/scratch/frappe_workspace/frappe-bench/env/lib/python3.11/site-packages/rq/connections.py:72: DeprecationWarning: The `pop_connection` function is deprecated. Pass the `connection` explicitly instead.
  warnings.warn(
/Users/pooja/.gemini/antigravity/scratch/frappe_workspace/frappe-bench/env/lib/python3.11/site-packages/rq/connections.py:58: DeprecationWarning: The `push_connection` function is deprecated. Pass the `connection` explicitly instead.
  warnings.warn(
/Users/pooja/.gemini/antigravity/scratch/frappe_workspace/frappe-bench/env/lib/python3.11/site-packages/passlib/utils/__init__.py:854: DeprecationWarning: 'crypt' is deprecated and slated for removal in Python 3.13
  from crypt import crypt as _crypt
/Users/pooja/.gemini/antigravity/scratch/frappe_workspace/frappe-bench/env/lib/python3.11/site-packages/rq/connections.py:72: DeprecationWarning: The `pop_connection` function is deprecated. Pass the `connection` explicitly instead.
  warnings.warn(
/Users/pooja/.gemini/antigravity/scratch/frappe_workspace/frappe-bench/env/lib/python3.11/site-packages/rq/connections.py:58: DeprecationWarning: The `push_connection` function is deprecated. Pass the `connection` explicitly instead.
  warnings.warn(
/Users/pooja/.gemini/antigravity/scratch/frappe_workspace/frappe-bench/env/lib/python3.11/site-packages/passlib/utils/__init__.py:854: DeprecationWarning: 'crypt' is deprecated and slated for removal in Python 3.13
  from crypt import crypt as _crypt
/Users/pooja/.gemini/antigravity/scratch/frappe_workspace/frappe-bench/env/lib/python3.11/site-packages/rq/connections.py:72: DeprecationWarning: The `pop_connection` function is deprecated. Pass the `connection` explicitly instead.
  warnings.warn(
/Users/pooja/.gemini/antigravity/scratch/frappe_workspace/frappe-bench/env/lib/python3.11/site-packages/rq/connections.py:58: DeprecationWarning: The `push_connection` function is deprecated. Pass the `connection` explicitly instead.
  warnings.warn(
/Users/pooja/.gemini/antigravity/scratch/frappe_workspace/frappe-bench/env/lib/python3.11/site-packages/passlib/utils/__init__.py:854: DeprecationWarning: 'crypt' is deprecated and slated for removal in Python 3.13
  from crypt import crypt as _crypt
/Users/pooja/.gemini/antigravity/scratch/frappe_workspace/frappe-bench/env/lib/python3.11/site-packages/rq/connections.py:72: DeprecationWarning: The `pop_connection` function is deprecated. Pass the `connection` explicitly instead.
  warnings.warn(
/Users/pooja/.gemini/antigravity/scratch/frappe_workspace/frappe-bench/env/lib/python3.11/site-packages/rq/connections.py:58: DeprecationWarning: The `push_connection` function is deprecated. Pass the `connection` explicitly instead.
  warnings.warn(
/Users/pooja/.gemini/antigravity/scratch/frappe_workspace/frappe-bench/env/lib/python3.11/site-packages/passlib/utils/__init__.py:854: DeprecationWarning: 'crypt' is deprecated and slated for removal in Python 3.13
  from crypt import crypt as _crypt
/Users/pooja/.gemini/antigravity/scratch/frappe_workspace/frappe-bench/env/lib/python3.11/site-packages/rq/connections.py:72: DeprecationWarning: The `pop_connection` function is deprecated. Pass the `connection` explicitly instead.
  warnings.warn(
/Users/pooja/.gemini/antigravity/scratch/frappe_workspace/frappe-bench/env/lib/python3.11/site-packages/rq/connections.py:58: DeprecationWarning: The `push_connection` function is deprecated. Pass the `connection` explicitly instead.
  warnings.warn(
/Users/pooja/.gemini/antigravity/scratch/frappe_workspace/frappe-bench/env/lib/python3.11/site-packages/passlib/utils/__init__.py:854: DeprecationWarning: 'crypt' is deprecated and slated for removal in Python 3.13
  from crypt import crypt as _crypt
/Users/pooja/.gemini/antigravity/scratch/frappe_workspace/frappe-bench/env/lib/python3.11/site-packages/rq/connections.py:72: DeprecationWarning: The `pop_connection` function is deprecated. Pass the `connection` explicitly instead.
  warnings.warn(
/Users/pooja/.gemini/antigravity/scratch/frappe_workspace/frappe-bench/env/lib/python3.11/site-packages/rq/connections.py:58: DeprecationWarning: The `push_connection` function is deprecated. Pass the `connection` explicitly instead.
  warnings.warn(
/Users/pooja/.gemini/antigravity/scratch/frappe_workspace/frappe-bench/env/lib/python3.11/site-packages/passlib/utils/__init__.py:854: DeprecationWarning: 'crypt' is deprecated and slated for removal in Python 3.13
  from crypt import crypt as _crypt
/Users/pooja/.gemini/antigravity/scratch/frappe_workspace/frappe-bench/env/lib/python3.11/site-packages/rq/connections.py:72: DeprecationWarning: The `pop_connection` function is deprecated. Pass the `connection` explicitly instead.
  warnings.warn(
